Command line invocation:
    /Applications/Xcode.app/Contents/Developer/usr/bin/xcodebuild -project BamiLog.xcodeproj -scheme BamiLog -sdk iphonesimulator -destination "platform=iOS Simulator,name=iPhone 16 Pro,OS=18.0" build

Build settings from command line:
    SDKROOT = iphonesimulator26.0

Resolve Package Graph


Resolved source packages:
  AppCheck: https://github.com/google/app-check.git @ 11.2.0
  GoogleAppMeasurement: https://github.com/google/GoogleAppMeasurement.git @ 12.5.0
  GoogleDataTransport: https://github.com/google/GoogleDataTransport.git @ 10.1.0
  InteropForGoogle: https://github.com/google/interop-ios-for-google-sdks.git @ 101.0.0
  gRPC: https://github.com/google/grpc-binary.git @ 1.69.1
  GTMSessionFetcher: https://github.com/google/gtm-session-fetcher.git @ 5.0.0
  nanopb: https://github.com/firebase/nanopb.git @ 2.30910.0
  abseil: https://github.com/google/abseil-cpp-binary.git @ 1.2024072200.0
  Firebase: https://github.com/firebase/firebase-ios-sdk.git @ 12.6.0
  GoogleUtilities: https://github.com/google/GoogleUtilities.git @ 8.1.0
  SwiftProtobuf: https://github.com/apple/swift-protobuf.git @ 1.33.3
  GoogleAdsOnDeviceConversion: https://github.com/googleads/google-ads-on-device-conversion-ios-sdk @ 3.2.0
  leveldb: https://github.com/firebase/leveldb.git @ 1.22.5
  Promises: https://github.com/google/promises.git @ 2.4.0

2025-12-16 22:53:19.617 xcodebuild[67016:5118971] [MT] IDERunDestination: Supported platforms for the buildables in the current scheme is empty.
--- xcodebuild: WARNING: Using the first of multiple matching destinations:
{ platform:iOS Simulator, arch:arm64, id:2AA03C4F-78E0-49B2-AF0D-3A8AEE7CF07C, OS:18.0, name:iPhone 16 Pro }
{ platform:iOS Simulator, arch:x86_64, id:2AA03C4F-78E0-49B2-AF0D-3A8AEE7CF07C, OS:18.0, name:iPhone 16 Pro }
ComputePackagePrebuildTargetDependencyGraph

Prepare packages

CreateBuildRequest

SendProjectDescription

CreateBuildOperation

ComputeTargetDependencyGraph
note: Building targets in dependency order
note: Target dependency graph (153 targets)
    Target 'BamiLog' in project 'BamiLog'
        ➜ Explicit dependency on target 'FirebaseAppDistribution-Beta' in project 'Firebase'
        ➜ Explicit dependency on target 'FirebaseFirestore' in project 'Firebase'
        ➜ Explicit dependency on target 'FirebaseAuthCombine-Community' in project 'Firebase'
        ➜ Explicit dependency on target 'FirebaseInstallations' in project 'Firebase'
        ➜ Explicit dependency on target 'FirebaseAILogic' in project 'Firebase'
        ➜ Explicit dependency on target 'FirebaseAnalyticsIdentitySupport' in project 'Firebase'
        ➜ Explicit dependency on target 'FirebaseInAppMessaging-Beta' in project 'Firebase'
        ➜ Explicit dependency on target 'FirebaseAI' in project 'Firebase'
        ➜ Explicit dependency on target 'FirebaseCrashlytics' in project 'Firebase'
        ➜ Explicit dependency on target 'FirebaseFunctionsCombine-Community' in project 'Firebase'
        ➜ Explicit dependency on target 'FirebaseStorageCombine-Community' in project 'Firebase'
        ➜ Explicit dependency on target 'FirebaseDatabase' in project 'Firebase'
        ➜ Explicit dependency on target 'FirebaseStorage' in project 'Firebase'
        ➜ Explicit dependency on target 'FirebaseRemoteConfig' in project 'Firebase'
        ➜ Explicit dependency on target 'FirebaseAnalytics' in project 'Firebase'
        ➜ Explicit dependency on target 'FirebaseMessaging' in project 'Firebase'
        ➜ Explicit dependency on target 'FirebaseMLModelDownloader' in project 'Firebase'
        ➜ Explicit dependency on target 'FirebasePerformance' in project 'Firebase'
        ➜ Explicit dependency on target 'FirebaseCore' in project 'Firebase'
        ➜ Explicit dependency on target 'FirebaseAppCheck' in project 'Firebase'
        ➜ Explicit dependency on target 'FirebaseAnalyticsCore' in project 'Firebase'
        ➜ Explicit dependency on target 'FirebaseFunctions' in project 'Firebase'
        ➜ Explicit dependency on target 'FirebaseAuth' in project 'Firebase'
        ➜ Explicit dependency on target 'FirebaseFirestoreCombine-Community' in project 'Firebase'
    Target 'FirebaseFirestoreCombine-Community' in project 'Firebase'
        ➜ Explicit dependency on target 'FirebaseFirestoreCombineSwift' in project 'Firebase'
        ➜ Explicit dependency on target 'FirebaseFirestoreInternalWrapper' in project 'Firebase'
        ➜ Explicit dependency on target 'FirebaseAppCheckInterop' in project 'Firebase'
        ➜ Explicit dependency on target 'Firebase' in project 'Firebase'
        ➜ Explicit dependency on target 'FirebaseCoreInternal' in project 'Firebase'
        ➜ Explicit dependency on target 'FirebaseCore' in project 'Firebase'
        ➜ Explicit dependency on target 'FirebaseCoreExtension' in project 'Firebase'
        ➜ Explicit dependency on target 'FirebaseSharedSwift' in project 'Firebase'
        ➜ Explicit dependency on target 'FirebaseFirestore' in project 'Firebase'
        ➜ Explicit dependency on target 'FirebaseFirestoreTarget' in project 'Firebase'
        ➜ Explicit dependency on target 'GULNSData' in project 'GoogleUtilities'
        ➜ Explicit dependency on target 'GULEnvironment' in project 'GoogleUtilities'
        ➜ Explicit dependency on target 'GULLogger' in project 'GoogleUtilities'
        ➜ Explicit dependency on target 'abseil' in project 'abseil'
        ➜ Explicit dependency on target 'gRPC-C++' in project 'gRPC'
        ➜ Explicit dependency on target 'nanopb' in project 'nanopb'
        ➜ Explicit dependency on target 'leveldb' in project 'leveldb'
    Target 'FirebaseFirestoreCombineSwift' in project 'Firebase'
        ➜ Explicit dependency on target 'FirebaseFirestoreInternalWrapper' in project 'Firebase'
        ➜ Explicit dependency on target 'FirebaseAppCheckInterop' in project 'Firebase'
        ➜ Explicit dependency on target 'Firebase' in project 'Firebase'
        ➜ Explicit dependency on target 'FirebaseCoreInternal' in project 'Firebase'
        ➜ Explicit dependency on target 'FirebaseCore' in project 'Firebase'
        ➜ Explicit dependency on target 'FirebaseCoreExtension' in project 'Firebase'
        ➜ Explicit dependency on target 'FirebaseSharedSwift' in project 'Firebase'
        ➜ Explicit dependency on target 'FirebaseFirestore' in project 'Firebase'
        ➜ Explicit dependency on target 'FirebaseFirestoreTarget' in project 'Firebase'
        ➜ Explicit dependency on target 'GULNSData' in project 'GoogleUtilities'
        ➜ Explicit dependency on target 'GULEnvironment' in project 'GoogleUtilities'
        ➜ Explicit dependency on target 'GULLogger' in project 'GoogleUtilities'
        ➜ Explicit dependency on target 'abseil' in project 'abseil'
        ➜ Explicit dependency on target 'gRPC-C++' in project 'gRPC'
        ➜ Explicit dependency on target 'nanopb' in project 'nanopb'
        ➜ Explicit dependency on target 'leveldb' in project 'leveldb'
    Target 'FirebaseAuth' in project 'Firebase'
        ➜ Explicit dependency on target 'FirebaseAuth' in project 'Firebase'
        ➜ Explicit dependency on target 'Firebase_FirebaseAuth' in project 'Firebase'
        ➜ Explicit dependency on target 'FirebaseAppCheckInterop' in project 'Firebase'
        ➜ Explicit dependency on target 'FirebaseAuthInterop' in project 'Firebase'
        ➜ Explicit dependency on target 'FirebaseAuthInternal' in project 'Firebase'
        ➜ Explicit dependency on target 'Firebase' in project 'Firebase'
        ➜ Explicit dependency on target 'FirebaseCoreInternal' in project 'Firebase'
        ➜ Explicit dependency on target 'FirebaseCore' in project 'Firebase'
        ➜ Explicit dependency on target 'FirebaseCoreExtension' in project 'Firebase'
        ➜ Explicit dependency on target 'RecaptchaInterop' in project 'InteropForGoogle'
        ➜ Explicit dependency on target 'GULNSData' in project 'GoogleUtilities'
        ➜ Explicit dependency on target 'GULEnvironment' in project 'GoogleUtilities'
        ➜ Explicit dependency on target 'GULLogger' in project 'GoogleUtilities'
        ➜ Explicit dependency on target 'GULAppDelegateSwizzler' in project 'GoogleUtilities'
        ➜ Explicit dependency on target 'GTMSessionFetcherCore' in project 'GTMSessionFetcher'
    Target 'FirebaseFunctions' in project 'Firebase'
        ➜ Explicit dependency on target 'FirebaseFunctions' in project 'Firebase'
        ➜ Explicit dependency on target 'FirebaseAppCheckInterop' in project 'Firebase'
        ➜ Explicit dependency on target 'FirebaseAuthInterop' in project 'Firebase'
        ➜ Explicit dependency on target 'Firebase' in project 'Firebase'
        ➜ Explicit dependency on target 'FirebaseCoreInternal' in project 'Firebase'
        ➜ Explicit dependency on target 'FirebaseCore' in project 'Firebase'
        ➜ Explicit dependency on target 'FirebaseCoreExtension' in project 'Firebase'
        ➜ Explicit dependency on target 'FirebaseMessagingInterop' in project 'Firebase'
        ➜ Explicit dependency on target 'FirebaseSharedSwift' in project 'Firebase'
        ➜ Explicit dependency on target 'GULNSData' in project 'GoogleUtilities'
        ➜ Explicit dependency on target 'GULEnvironment' in project 'GoogleUtilities'
        ➜ Explicit dependency on target 'GULLogger' in project 'GoogleUtilities'
        ➜ Explicit dependency on target 'GTMSessionFetcherCore' in project 'GTMSessionFetcher'
    Target 'FirebaseAnalyticsCore' in project 'Firebase'
        ➜ Explicit dependency on target 'FirebaseAnalyticsCoreTarget' in project 'Firebase'
        ➜ Explicit dependency on target 'Firebase' in project 'Firebase'
        ➜ Explicit dependency on target 'FirebaseCoreInternal' in project 'Firebase'
        ➜ Explicit dependency on target 'FirebaseCore' in project 'Firebase'
        ➜ Explicit dependency on target 'FirebaseInstallations' in project 'Firebase'
        ➜ Explicit dependency on target 'FirebaseAnalyticsCoreWrapper' in project 'Firebase'
        ➜ Explicit dependency on target 'GULNSData' in project 'GoogleUtilities'
        ➜ Explicit dependency on target 'GULEnvironment' in project 'GoogleUtilities'
        ➜ Explicit dependency on target 'GULLogger' in project 'GoogleUtilities'
        ➜ Explicit dependency on target 'FBLPromises' in project 'Promises'
        ➜ Explicit dependency on target 'GULUserDefaults' in project 'GoogleUtilities'
        ➜ Explicit dependency on target 'GoogleAppMeasurementCore' in project 'GoogleAppMeasurement'
        ➜ Explicit dependency on target 'GULAppDelegateSwizzler' in project 'GoogleUtilities'
        ➜ Explicit dependency on target 'GULMethodSwizzler' in project 'GoogleUtilities'
        ➜ Explicit dependency on target 'GULNetwork' in project 'GoogleUtilities'
        ➜ Explicit dependency on target 'nanopb' in project 'nanopb'
    Target 'FirebaseAnalyticsCoreTarget' in project 'Firebase'
        ➜ Explicit dependency on target 'Firebase' in project 'Firebase'
        ➜ Explicit dependency on target 'FirebaseCoreInternal' in project 'Firebase'
        ➜ Explicit dependency on target 'FirebaseCore' in project 'Firebase'
        ➜ Explicit dependency on target 'FirebaseInstallations' in project 'Firebase'
        ➜ Explicit dependency on target 'FirebaseAnalyticsCoreWrapper' in project 'Firebase'
        ➜ Explicit dependency on target 'GULNSData' in project 'GoogleUtilities'
        ➜ Explicit dependency on target 'GULEnvironment' in project 'GoogleUtilities'
        ➜ Explicit dependency on target 'GULLogger' in project 'GoogleUtilities'
        ➜ Explicit dependency on target 'FBLPromises' in project 'Promises'
        ➜ Explicit dependency on target 'GULUserDefaults' in project 'GoogleUtilities'
        ➜ Explicit dependency on target 'GoogleAppMeasurementCore' in project 'GoogleAppMeasurement'
        ➜ Explicit dependency on target 'GULAppDelegateSwizzler' in project 'GoogleUtilities'
        ➜ Explicit dependency on target 'GULMethodSwizzler' in project 'GoogleUtilities'
        ➜ Explicit dependency on target 'GULNetwork' in project 'GoogleUtilities'
        ➜ Explicit dependency on target 'nanopb' in project 'nanopb'
    Target 'FirebaseAnalyticsCoreWrapper' in project 'Firebase'
        ➜ Explicit dependency on target 'Firebase' in project 'Firebase'
        ➜ Explicit dependency on target 'FirebaseCoreInternal' in project 'Firebase'
        ➜ Explicit dependency on target 'FirebaseCore' in project 'Firebase'
        ➜ Explicit dependency on target 'FirebaseInstallations' in project 'Firebase'
        ➜ Explicit dependency on target 'GULNSData' in project 'GoogleUtilities'
        ➜ Explicit dependency on target 'GULEnvironment' in project 'GoogleUtilities'
        ➜ Explicit dependency on target 'GULLogger' in project 'GoogleUtilities'
        ➜ Explicit dependency on target 'FBLPromises' in project 'Promises'
        ➜ Explicit dependency on target 'GULUserDefaults' in project 'GoogleUtilities'
        ➜ Explicit dependency on target 'GoogleAppMeasurementCore' in project 'GoogleAppMeasurement'
        ➜ Explicit dependency on target 'GULAppDelegateSwizzler' in project 'GoogleUtilities'
        ➜ Explicit dependency on target 'GULMethodSwizzler' in project 'GoogleUtilities'
        ➜ Explicit dependency on target 'GULNetwork' in project 'GoogleUtilities'
        ➜ Explicit dependency on target 'nanopb' in project 'nanopb'
    Target 'GoogleAppMeasurementCore' in project 'GoogleAppMeasurement'
        ➜ Explicit dependency on target 'GoogleAppMeasurementCoreTarget' in project 'GoogleAppMeasurement'
        ➜ Explicit dependency on target 'GULAppDelegateSwizzler' in project 'GoogleUtilities'
        ➜ Explicit dependency on target 'GULMethodSwizzler' in project 'GoogleUtilities'
        ➜ Explicit dependency on target 'GULNSData' in project 'GoogleUtilities'
        ➜ Explicit dependency on target 'GULNetwork' in project 'GoogleUtilities'
        ➜ Explicit dependency on target 'GULLogger' in project 'GoogleUtilities'
        ➜ Explicit dependency on target 'GULEnvironment' in project 'GoogleUtilities'
        ➜ Explicit dependency on target 'nanopb' in project 'nanopb'
    Target 'GoogleAppMeasurementCoreTarget' in project 'GoogleAppMeasurement'
        ➜ Explicit dependency on target 'GULAppDelegateSwizzler' in project 'GoogleUtilities'
        ➜ Explicit dependency on target 'GULMethodSwizzler' in project 'GoogleUtilities'
        ➜ Explicit dependency on target 'GULNSData' in project 'GoogleUtilities'
        ➜ Explicit dependency on target 'GULNetwork' in project 'GoogleUtilities'
        ➜ Explicit dependency on target 'GULLogger' in project 'GoogleUtilities'
        ➜ Explicit dependency on target 'GULEnvironment' in project 'GoogleUtilities'
        ➜ Explicit dependency on target 'nanopb' in project 'nanopb'
    Target 'FirebaseAppCheck' in project 'Firebase'
        ➜ Explicit dependency on target 'FirebaseAppCheck' in project 'Firebase'
        ➜ Explicit dependency on target 'FirebaseAppCheckInterop' in project 'Firebase'
        ➜ Explicit dependency on target 'Firebase' in project 'Firebase'
        ➜ Explicit dependency on target 'FirebaseCoreInternal' in project 'Firebase'
        ➜ Explicit dependency on target 'FirebaseCore' in project 'Firebase'
        ➜ Explicit dependency on target 'GULNSData' in project 'GoogleUtilities'
        ➜ Explicit dependency on target 'GULEnvironment' in project 'GoogleUtilities'
        ➜ Explicit dependency on target 'GULLogger' in project 'GoogleUtilities'
        ➜ Explicit dependency on target 'AppCheckCore' in project 'AppCheck'
        ➜ Explicit dependency on target 'GULUserDefaults' in project 'GoogleUtilities'
    Target 'FirebaseAppCheck' in project 'Firebase'
        ➜ Explicit dependency on target 'FirebaseAppCheckInterop' in project 'Firebase'
        ➜ Explicit dependency on target 'Firebase' in project 'Firebase'
        ➜ Explicit dependency on target 'FirebaseCoreInternal' in project 'Firebase'
        ➜ Explicit dependency on target 'FirebaseCore' in project 'Firebase'
        ➜ Explicit dependency on target 'GULNSData' in project 'GoogleUtilities'
        ➜ Explicit dependency on target 'GULEnvironment' in project 'GoogleUtilities'
        ➜ Explicit dependency on target 'GULLogger' in project 'GoogleUtilities'
        ➜ Explicit dependency on target 'AppCheckCore' in project 'AppCheck'
        ➜ Explicit dependency on target 'GULUserDefaults' in project 'GoogleUtilities'
    Target 'AppCheckCore' in project 'AppCheck'
        ➜ Explicit dependency on target 'AppCheckCore' in project 'AppCheck'
        ➜ Explicit dependency on target 'FBLPromises' in project 'Promises'
        ➜ Explicit dependency on target 'GULEnvironment' in project 'GoogleUtilities'
        ➜ Explicit dependency on target 'GULUserDefaults' in project 'GoogleUtilities'
    Target 'AppCheckCore' in project 'AppCheck'
        ➜ Explicit dependency on target 'FBLPromises' in project 'Promises'
        ➜ Explicit dependency on target 'GULEnvironment' in project 'GoogleUtilities'
        ➜ Explicit dependency on target 'GULUserDefaults' in project 'GoogleUtilities'
    Target 'FirebaseCore' in project 'Firebase'
        ➜ Explicit dependency on target 'FirebaseCore' in project 'Firebase'
        ➜ Explicit dependency on target 'Firebase_FirebaseCore' in project 'Firebase'
        ➜ Explicit dependency on target 'Firebase' in project 'Firebase'
        ➜ Explicit dependency on target 'FirebaseCoreInternal' in project 'Firebase'
        ➜ Explicit dependency on target 'GULNSData' in project 'GoogleUtilities'
        ➜ Explicit dependency on target 'GULEnvironment' in project 'GoogleUtilities'
        ➜ Explicit dependency on target 'GULLogger' in project 'GoogleUtilities'
    Target 'FirebasePerformance' in project 'Firebase'
        ➜ Explicit dependency on target 'FirebasePerformanceTarget' in project 'Firebase'
        ➜ Explicit dependency on target 'Firebase' in project 'Firebase'
        ➜ Explicit dependency on target 'FirebaseCoreInternal' in project 'Firebase'
        ➜ Explicit dependency on target 'FirebaseCore' in project 'Firebase'
        ➜ Explicit dependency on target 'FirebaseInstallations' in project 'Firebase'
        ➜ Explicit dependency on target 'FirebaseABTesting' in project 'Firebase'
        ➜ Explicit dependency on target 'FirebaseRemoteConfigInterop' in project 'Firebase'
        ➜ Explicit dependency on target 'FirebaseRemoteConfigInternal' in project 'Firebase'
        ➜ Explicit dependency on target 'FirebaseCoreExtension' in project 'Firebase'
        ➜ Explicit dependency on target 'FirebaseSessionsObjC' in project 'Firebase'
        ➜ Explicit dependency on target 'FirebaseSessions' in project 'Firebase'
        ➜ Explicit dependency on target 'FirebasePerformance' in project 'Firebase'
        ➜ Explicit dependency on target 'GULNSData' in project 'GoogleUtilities'
        ➜ Explicit dependency on target 'GULEnvironment' in project 'GoogleUtilities'
        ➜ Explicit dependency on target 'GULLogger' in project 'GoogleUtilities'
        ➜ Explicit dependency on target 'FBLPromises' in project 'Promises'
        ➜ Explicit dependency on target 'GULUserDefaults' in project 'GoogleUtilities'
        ➜ Explicit dependency on target 'nanopb' in project 'nanopb'
        ➜ Explicit dependency on target 'Promises' in project 'Promises'
        ➜ Explicit dependency on target 'GoogleDataTransport' in project 'GoogleDataTransport'
        ➜ Explicit dependency on target 'GULMethodSwizzler' in project 'GoogleUtilities'
    Target 'FirebasePerformanceTarget' in project 'Firebase'
        ➜ Explicit dependency on target 'Firebase' in project 'Firebase'
        ➜ Explicit dependency on target 'FirebaseCoreInternal' in project 'Firebase'
        ➜ Explicit dependency on target 'FirebaseCore' in project 'Firebase'
        ➜ Explicit dependency on target 'FirebaseInstallations' in project 'Firebase'
        ➜ Explicit dependency on target 'FirebaseABTesting' in project 'Firebase'
        ➜ Explicit dependency on target 'FirebaseRemoteConfigInterop' in project 'Firebase'
        ➜ Explicit dependency on target 'FirebaseRemoteConfigInternal' in project 'Firebase'
        ➜ Explicit dependency on target 'FirebaseCoreExtension' in project 'Firebase'
        ➜ Explicit dependency on target 'FirebaseSessionsObjC' in project 'Firebase'
        ➜ Explicit dependency on target 'FirebaseSessions' in project 'Firebase'
        ➜ Explicit dependency on target 'FirebasePerformance' in project 'Firebase'
        ➜ Explicit dependency on target 'GULNSData' in project 'GoogleUtilities'
        ➜ Explicit dependency on target 'GULEnvironment' in project 'GoogleUtilities'
        ➜ Explicit dependency on target 'GULLogger' in project 'GoogleUtilities'
        ➜ Explicit dependency on target 'FBLPromises' in project 'Promises'
        ➜ Explicit dependency on target 'GULUserDefaults' in project 'GoogleUtilities'
        ➜ Explicit dependency on target 'nanopb' in project 'nanopb'
        ➜ Explicit dependency on target 'Promises' in project 'Promises'
        ➜ Explicit dependency on target 'GoogleDataTransport' in project 'GoogleDataTransport'
        ➜ Explicit dependency on target 'GULMethodSwizzler' in project 'GoogleUtilities'
    Target 'FirebasePerformance' in project 'Firebase'
        ➜ Explicit dependency on target 'Firebase' in project 'Firebase'
        ➜ Explicit dependency on target 'FirebaseCoreInternal' in project 'Firebase'
        ➜ Explicit dependency on target 'FirebaseCore' in project 'Firebase'
        ➜ Explicit dependency on target 'FirebaseInstallations' in project 'Firebase'
        ➜ Explicit dependency on target 'FirebaseABTesting' in project 'Firebase'
        ➜ Explicit dependency on target 'FirebaseRemoteConfigInterop' in project 'Firebase'
        ➜ Explicit dependency on target 'FirebaseRemoteConfigInternal' in project 'Firebase'
        ➜ Explicit dependency on target 'FirebaseCoreExtension' in project 'Firebase'
        ➜ Explicit dependency on target 'FirebaseSessionsObjC' in project 'Firebase'
        ➜ Explicit dependency on target 'FirebaseSessions' in project 'Firebase'
        ➜ Explicit dependency on target 'GULNSData' in project 'GoogleUtilities'
        ➜ Explicit dependency on target 'GULEnvironment' in project 'GoogleUtilities'
        ➜ Explicit dependency on target 'GULLogger' in project 'GoogleUtilities'
        ➜ Explicit dependency on target 'FBLPromises' in project 'Promises'
        ➜ Explicit dependency on target 'GULUserDefaults' in project 'GoogleUtilities'
        ➜ Explicit dependency on target 'nanopb' in project 'nanopb'
        ➜ Explicit dependency on target 'Promises' in project 'Promises'
        ➜ Explicit dependency on target 'GoogleDataTransport' in project 'GoogleDataTransport'
        ➜ Explicit dependency on target 'GULMethodSwizzler' in project 'GoogleUtilities'
    Target 'FirebaseMLModelDownloader' in project 'Firebase'
        ➜ Explicit dependency on target 'FirebaseMLModelDownloader' in project 'Firebase'
        ➜ Explicit dependency on target 'Firebase' in project 'Firebase'
        ➜ Explicit dependency on target 'FirebaseCoreInternal' in project 'Firebase'
        ➜ Explicit dependency on target 'FirebaseCore' in project 'Firebase'
        ➜ Explicit dependency on target 'FirebaseCoreExtension' in project 'Firebase'
        ➜ Explicit dependency on target 'FirebaseInstallations' in project 'Firebase'
        ➜ Explicit dependency on target 'GULNSData' in project 'GoogleUtilities'
        ➜ Explicit dependency on target 'GULEnvironment' in project 'GoogleUtilities'
        ➜ Explicit dependency on target 'GULLogger' in project 'GoogleUtilities'
        ➜ Explicit dependency on target 'FBLPromises' in project 'Promises'
        ➜ Explicit dependency on target 'GULUserDefaults' in project 'GoogleUtilities'
        ➜ Explicit dependency on target 'GoogleDataTransport' in project 'GoogleDataTransport'
        ➜ Explicit dependency on target 'SwiftProtobuf' in project 'SwiftProtobuf'
    Target 'FirebaseMLModelDownloader' in project 'Firebase'
        ➜ Explicit dependency on target 'Firebase' in project 'Firebase'
        ➜ Explicit dependency on target 'FirebaseCoreInternal' in project 'Firebase'
        ➜ Explicit dependency on target 'FirebaseCore' in project 'Firebase'
        ➜ Explicit dependency on target 'FirebaseCoreExtension' in project 'Firebase'
        ➜ Explicit dependency on target 'FirebaseInstallations' in project 'Firebase'
        ➜ Explicit dependency on target 'GULNSData' in project 'GoogleUtilities'
        ➜ Explicit dependency on target 'GULEnvironment' in project 'GoogleUtilities'
        ➜ Explicit dependency on target 'GULLogger' in project 'GoogleUtilities'
        ➜ Explicit dependency on target 'FBLPromises' in project 'Promises'
        ➜ Explicit dependency on target 'GULUserDefaults' in project 'GoogleUtilities'
        ➜ Explicit dependency on target 'GoogleDataTransport' in project 'GoogleDataTransport'
        ➜ Explicit dependency on target 'SwiftProtobuf' in project 'SwiftProtobuf'
    Target 'SwiftProtobuf' in project 'SwiftProtobuf'
        ➜ Explicit dependency on target 'SwiftProtobuf' in project 'SwiftProtobuf'
        ➜ Explicit dependency on target 'SwiftProtobuf_SwiftProtobuf' in project 'SwiftProtobuf'
    Target 'SwiftProtobuf' in project 'SwiftProtobuf'
        ➜ Explicit dependency on target 'SwiftProtobuf_SwiftProtobuf' in project 'SwiftProtobuf'
    Target 'SwiftProtobuf_SwiftProtobuf' in project 'SwiftProtobuf' (no dependencies)
    Target 'FirebaseMessaging' in project 'Firebase'
        ➜ Explicit dependency on target 'FirebaseMessaging' in project 'Firebase'
        ➜ Explicit dependency on target 'Firebase_FirebaseMessaging' in project 'Firebase'
        ➜ Explicit dependency on target 'Firebase' in project 'Firebase'
        ➜ Explicit dependency on target 'FirebaseCoreInternal' in project 'Firebase'
        ➜ Explicit dependency on target 'FirebaseCore' in project 'Firebase'
        ➜ Explicit dependency on target 'FirebaseInstallations' in project 'Firebase'
        ➜ Explicit dependency on target 'GULNSData' in project 'GoogleUtilities'
        ➜ Explicit dependency on target 'GULEnvironment' in project 'GoogleUtilities'
        ➜ Explicit dependency on target 'GULLogger' in project 'GoogleUtilities'
        ➜ Explicit dependency on target 'FBLPromises' in project 'Promises'
        ➜ Explicit dependency on target 'GULUserDefaults' in project 'GoogleUtilities'
        ➜ Explicit dependency on target 'GULAppDelegateSwizzler' in project 'GoogleUtilities'
        ➜ Explicit dependency on target 'GULReachability' in project 'GoogleUtilities'
        ➜ Explicit dependency on target 'GoogleDataTransport' in project 'GoogleDataTransport'
        ➜ Explicit dependency on target 'nanopb' in project 'nanopb'
    Target 'FirebaseMessaging' in project 'Firebase'
        ➜ Explicit dependency on target 'Firebase_FirebaseMessaging' in project 'Firebase'
        ➜ Explicit dependency on target 'Firebase' in project 'Firebase'
        ➜ Explicit dependency on target 'FirebaseCoreInternal' in project 'Firebase'
        ➜ Explicit dependency on target 'FirebaseCore' in project 'Firebase'
        ➜ Explicit dependency on target 'FirebaseInstallations' in project 'Firebase'
        ➜ Explicit dependency on target 'GULNSData' in project 'GoogleUtilities'
        ➜ Explicit dependency on target 'GULEnvironment' in project 'GoogleUtilities'
        ➜ Explicit dependency on target 'GULLogger' in project 'GoogleUtilities'
        ➜ Explicit dependency on target 'FBLPromises' in project 'Promises'
        ➜ Explicit dependency on target 'GULUserDefaults' in project 'GoogleUtilities'
        ➜ Explicit dependency on target 'GULAppDelegateSwizzler' in project 'GoogleUtilities'
        ➜ Explicit dependency on target 'GULReachability' in project 'GoogleUtilities'
        ➜ Explicit dependency on target 'GoogleDataTransport' in project 'GoogleDataTransport'
        ➜ Explicit dependency on target 'nanopb' in project 'nanopb'
    Target 'GULReachability' in project 'GoogleUtilities'
        ➜ Explicit dependency on target 'GoogleUtilities-Reachability' in project 'GoogleUtilities'
        ➜ Explicit dependency on target 'GoogleUtilities_GoogleUtilities-Reachability' in project 'GoogleUtilities'
        ➜ Explicit dependency on target 'third-party-IsAppEncrypted' in project 'GoogleUtilities'
        ➜ Explicit dependency on target 'GoogleUtilities-Environment' in project 'GoogleUtilities'
        ➜ Explicit dependency on target 'GoogleUtilities-Logger' in project 'GoogleUtilities'
    Target 'Firebase_FirebaseMessaging' in project 'Firebase' (no dependencies)
    Target 'FirebaseAnalytics' in project 'Firebase'
        ➜ Explicit dependency on target 'FirebaseAnalyticsTarget' in project 'Firebase'
        ➜ Explicit dependency on target 'Firebase' in project 'Firebase'
        ➜ Explicit dependency on target 'FirebaseCoreInternal' in project 'Firebase'
        ➜ Explicit dependency on target 'FirebaseCore' in project 'Firebase'
        ➜ Explicit dependency on target 'FirebaseInstallations' in project 'Firebase'
        ➜ Explicit dependency on target 'FirebaseAnalyticsWrapper' in project 'Firebase'
        ➜ Explicit dependency on target 'GULNSData' in project 'GoogleUtilities'
        ➜ Explicit dependency on target 'GULEnvironment' in project 'GoogleUtilities'
        ➜ Explicit dependency on target 'GULLogger' in project 'GoogleUtilities'
        ➜ Explicit dependency on target 'FBLPromises' in project 'Promises'
        ➜ Explicit dependency on target 'GULUserDefaults' in project 'GoogleUtilities'
        ➜ Explicit dependency on target 'GoogleAppMeasurement' in project 'GoogleAppMeasurement'
        ➜ Explicit dependency on target 'GULAppDelegateSwizzler' in project 'GoogleUtilities'
        ➜ Explicit dependency on target 'GULMethodSwizzler' in project 'GoogleUtilities'
        ➜ Explicit dependency on target 'GULNetwork' in project 'GoogleUtilities'
        ➜ Explicit dependency on target 'nanopb' in project 'nanopb'
    Target 'FirebaseAnalyticsTarget' in project 'Firebase'
        ➜ Explicit dependency on target 'Firebase' in project 'Firebase'
        ➜ Explicit dependency on target 'FirebaseCoreInternal' in project 'Firebase'
        ➜ Explicit dependency on target 'FirebaseCore' in project 'Firebase'
        ➜ Explicit dependency on target 'FirebaseInstallations' in project 'Firebase'
        ➜ Explicit dependency on target 'FirebaseAnalyticsWrapper' in project 'Firebase'
        ➜ Explicit dependency on target 'GULNSData' in project 'GoogleUtilities'
        ➜ Explicit dependency on target 'GULEnvironment' in project 'GoogleUtilities'
        ➜ Explicit dependency on target 'GULLogger' in project 'GoogleUtilities'
        ➜ Explicit dependency on target 'FBLPromises' in project 'Promises'
        ➜ Explicit dependency on target 'GULUserDefaults' in project 'GoogleUtilities'
        ➜ Explicit dependency on target 'GoogleAppMeasurement' in project 'GoogleAppMeasurement'
        ➜ Explicit dependency on target 'GULAppDelegateSwizzler' in project 'GoogleUtilities'
        ➜ Explicit dependency on target 'GULMethodSwizzler' in project 'GoogleUtilities'
        ➜ Explicit dependency on target 'GULNetwork' in project 'GoogleUtilities'
        ➜ Explicit dependency on target 'nanopb' in project 'nanopb'
    Target 'FirebaseAnalyticsWrapper' in project 'Firebase'
        ➜ Explicit dependency on target 'Firebase' in project 'Firebase'
        ➜ Explicit dependency on target 'FirebaseCoreInternal' in project 'Firebase'
        ➜ Explicit dependency on target 'FirebaseCore' in project 'Firebase'
        ➜ Explicit dependency on target 'FirebaseInstallations' in project 'Firebase'
        ➜ Explicit dependency on target 'GULNSData' in project 'GoogleUtilities'
        ➜ Explicit dependency on target 'GULEnvironment' in project 'GoogleUtilities'
        ➜ Explicit dependency on target 'GULLogger' in project 'GoogleUtilities'
        ➜ Explicit dependency on target 'FBLPromises' in project 'Promises'
        ➜ Explicit dependency on target 'GULUserDefaults' in project 'GoogleUtilities'
        ➜ Explicit dependency on target 'GoogleAppMeasurement' in project 'GoogleAppMeasurement'
        ➜ Explicit dependency on target 'GULAppDelegateSwizzler' in project 'GoogleUtilities'
        ➜ Explicit dependency on target 'GULMethodSwizzler' in project 'GoogleUtilities'
        ➜ Explicit dependency on target 'GULNetwork' in project 'GoogleUtilities'
        ➜ Explicit dependency on target 'nanopb' in project 'nanopb'
    Target 'GoogleAppMeasurement' in project 'GoogleAppMeasurement'
        ➜ Explicit dependency on target 'GoogleAppMeasurementTarget' in project 'GoogleAppMeasurement'
        ➜ Explicit dependency on target 'GULAppDelegateSwizzler' in project 'GoogleUtilities'
        ➜ Explicit dependency on target 'GULMethodSwizzler' in project 'GoogleUtilities'
        ➜ Explicit dependency on target 'GULNSData' in project 'GoogleUtilities'
        ➜ Explicit dependency on target 'GULNetwork' in project 'GoogleUtilities'
        ➜ Explicit dependency on target 'GULLogger' in project 'GoogleUtilities'
        ➜ Explicit dependency on target 'GULEnvironment' in project 'GoogleUtilities'
        ➜ Explicit dependency on target 'nanopb' in project 'nanopb'
        ➜ Explicit dependency on target 'GoogleAdsOnDeviceConversion' in project 'GoogleAdsOnDeviceConversion'
    Target 'GoogleAppMeasurementTarget' in project 'GoogleAppMeasurement'
        ➜ Explicit dependency on target 'GULAppDelegateSwizzler' in project 'GoogleUtilities'
        ➜ Explicit dependency on target 'GULMethodSwizzler' in project 'GoogleUtilities'
        ➜ Explicit dependency on target 'GULNSData' in project 'GoogleUtilities'
        ➜ Explicit dependency on target 'GULNetwork' in project 'GoogleUtilities'
        ➜ Explicit dependency on target 'GULLogger' in project 'GoogleUtilities'
        ➜ Explicit dependency on target 'GULEnvironment' in project 'GoogleUtilities'
        ➜ Explicit dependency on target 'nanopb' in project 'nanopb'
        ➜ Explicit dependency on target 'GoogleAdsOnDeviceConversion' in project 'GoogleAdsOnDeviceConversion'
    Target 'GoogleAdsOnDeviceConversion' in project 'GoogleAdsOnDeviceConversion'
        ➜ Explicit dependency on target 'GoogleAdsOnDeviceConversionTarget' in project 'GoogleAdsOnDeviceConversion'
        ➜ Explicit dependency on target 'GULEnvironment' in project 'GoogleUtilities'
        ➜ Explicit dependency on target 'GULLogger' in project 'GoogleUtilities'
        ➜ Explicit dependency on target 'GULNetwork' in project 'GoogleUtilities'
        ➜ Explicit dependency on target 'nanopb' in project 'nanopb'
    Target 'GoogleAdsOnDeviceConversionTarget' in project 'GoogleAdsOnDeviceConversion'
        ➜ Explicit dependency on target 'GULEnvironment' in project 'GoogleUtilities'
        ➜ Explicit dependency on target 'GULLogger' in project 'GoogleUtilities'
        ➜ Explicit dependency on target 'GULNetwork' in project 'GoogleUtilities'
        ➜ Explicit dependency on target 'nanopb' in project 'nanopb'
    Target 'FirebaseRemoteConfig' in project 'Firebase'
        ➜ Explicit dependency on target 'FirebaseRemoteConfig' in project 'Firebase'
        ➜ Explicit dependency on target 'Firebase_FirebaseRemoteConfig' in project 'Firebase'
        ➜ Explicit dependency on target 'Firebase' in project 'Firebase'
        ➜ Explicit dependency on target 'FirebaseCoreInternal' in project 'Firebase'
        ➜ Explicit dependency on target 'FirebaseCore' in project 'Firebase'
        ➜ Explicit dependency on target 'FirebaseABTesting' in project 'Firebase'
        ➜ Explicit dependency on target 'FirebaseInstallations' in project 'Firebase'
        ➜ Explicit dependency on target 'FirebaseRemoteConfigInterop' in project 'Firebase'
        ➜ Explicit dependency on target 'FirebaseRemoteConfigInternal' in project 'Firebase'
        ➜ Explicit dependency on target 'FirebaseSharedSwift' in project 'Firebase'
        ➜ Explicit dependency on target 'GULNSData' in project 'GoogleUtilities'
        ➜ Explicit dependency on target 'GULEnvironment' in project 'GoogleUtilities'
        ➜ Explicit dependency on target 'GULLogger' in project 'GoogleUtilities'
        ➜ Explicit dependency on target 'FBLPromises' in project 'Promises'
        ➜ Explicit dependency on target 'GULUserDefaults' in project 'GoogleUtilities'
    Target 'FirebaseRemoteConfig' in project 'Firebase'
        ➜ Explicit dependency on target 'Firebase_FirebaseRemoteConfig' in project 'Firebase'
        ➜ Explicit dependency on target 'Firebase' in project 'Firebase'
        ➜ Explicit dependency on target 'FirebaseCoreInternal' in project 'Firebase'
        ➜ Explicit dependency on target 'FirebaseCore' in project 'Firebase'
        ➜ Explicit dependency on target 'FirebaseABTesting' in project 'Firebase'
        ➜ Explicit dependency on target 'FirebaseInstallations' in project 'Firebase'
        ➜ Explicit dependency on target 'FirebaseRemoteConfigInterop' in project 'Firebase'
        ➜ Explicit dependency on target 'FirebaseRemoteConfigInternal' in project 'Firebase'
        ➜ Explicit dependency on target 'FirebaseSharedSwift' in project 'Firebase'
        ➜ Explicit dependency on target 'GULNSData' in project 'GoogleUtilities'
        ➜ Explicit dependency on target 'GULEnvironment' in project 'GoogleUtilities'
        ➜ Explicit dependency on target 'GULLogger' in project 'GoogleUtilities'
        ➜ Explicit dependency on target 'FBLPromises' in project 'Promises'
        ➜ Explicit dependency on target 'GULUserDefaults' in project 'GoogleUtilities'
    Target 'FirebaseRemoteConfigInternal' in project 'Firebase'
        ➜ Explicit dependency on target 'Firebase' in project 'Firebase'
        ➜ Explicit dependency on target 'FirebaseCoreInternal' in project 'Firebase'
        ➜ Explicit dependency on target 'FirebaseCore' in project 'Firebase'
        ➜ Explicit dependency on target 'FirebaseABTesting' in project 'Firebase'
        ➜ Explicit dependency on target 'FirebaseInstallations' in project 'Firebase'
        ➜ Explicit dependency on target 'FirebaseRemoteConfigInterop' in project 'Firebase'
        ➜ Explicit dependency on target 'GULNSData' in project 'GoogleUtilities'
        ➜ Explicit dependency on target 'GULEnvironment' in project 'GoogleUtilities'
        ➜ Explicit dependency on target 'GULLogger' in project 'GoogleUtilities'
        ➜ Explicit dependency on target 'FBLPromises' in project 'Promises'
        ➜ Explicit dependency on target 'GULUserDefaults' in project 'GoogleUtilities'
    Target 'Firebase_FirebaseRemoteConfig' in project 'Firebase' (no dependencies)
    Target 'FirebaseStorage' in project 'Firebase'
        ➜ Explicit dependency on target 'FirebaseStorage' in project 'Firebase'
        ➜ Explicit dependency on target 'FirebaseAppCheckInterop' in project 'Firebase'
        ➜ Explicit dependency on target 'FirebaseAuthInterop' in project 'Firebase'
        ➜ Explicit dependency on target 'Firebase' in project 'Firebase'
        ➜ Explicit dependency on target 'FirebaseCoreInternal' in project 'Firebase'
        ➜ Explicit dependency on target 'FirebaseCore' in project 'Firebase'
        ➜ Explicit dependency on target 'FirebaseCoreExtension' in project 'Firebase'
        ➜ Explicit dependency on target 'GULNSData' in project 'GoogleUtilities'
        ➜ Explicit dependency on target 'GULEnvironment' in project 'GoogleUtilities'
        ➜ Explicit dependency on target 'GULLogger' in project 'GoogleUtilities'
        ➜ Explicit dependency on target 'GTMSessionFetcherCore' in project 'GTMSessionFetcher'
    Target 'FirebaseDatabase' in project 'Firebase'
        ➜ Explicit dependency on target 'FirebaseDatabase' in project 'Firebase'
        ➜ Explicit dependency on target 'FirebaseAppCheckInterop' in project 'Firebase'
        ➜ Explicit dependency on target 'Firebase' in project 'Firebase'
        ➜ Explicit dependency on target 'FirebaseCoreInternal' in project 'Firebase'
        ➜ Explicit dependency on target 'FirebaseCore' in project 'Firebase'
        ➜ Explicit dependency on target 'FirebaseDatabaseInternal' in project 'Firebase'
        ➜ Explicit dependency on target 'FirebaseSharedSwift' in project 'Firebase'
        ➜ Explicit dependency on target 'GULNSData' in project 'GoogleUtilities'
        ➜ Explicit dependency on target 'GULEnvironment' in project 'GoogleUtilities'
        ➜ Explicit dependency on target 'GULLogger' in project 'GoogleUtilities'
        ➜ Explicit dependency on target 'leveldb' in project 'leveldb'
        ➜ Explicit dependency on target 'GULUserDefaults' in project 'GoogleUtilities'
    Target 'FirebaseDatabase' in project 'Firebase'
        ➜ Explicit dependency on target 'FirebaseAppCheckInterop' in project 'Firebase'
        ➜ Explicit dependency on target 'Firebase' in project 'Firebase'
        ➜ Explicit dependency on target 'FirebaseCoreInternal' in project 'Firebase'
        ➜ Explicit dependency on target 'FirebaseCore' in project 'Firebase'
        ➜ Explicit dependency on target 'FirebaseDatabaseInternal' in project 'Firebase'
        ➜ Explicit dependency on target 'FirebaseSharedSwift' in project 'Firebase'
        ➜ Explicit dependency on target 'GULNSData' in project 'GoogleUtilities'
        ➜ Explicit dependency on target 'GULEnvironment' in project 'GoogleUtilities'
        ➜ Explicit dependency on target 'GULLogger' in project 'GoogleUtilities'
        ➜ Explicit dependency on target 'leveldb' in project 'leveldb'
        ➜ Explicit dependency on target 'GULUserDefaults' in project 'GoogleUtilities'
    Target 'FirebaseDatabaseInternal' in project 'Firebase'
        ➜ Explicit dependency on target 'FirebaseAppCheckInterop' in project 'Firebase'
        ➜ Explicit dependency on target 'Firebase' in project 'Firebase'
        ➜ Explicit dependency on target 'FirebaseCoreInternal' in project 'Firebase'
        ➜ Explicit dependency on target 'FirebaseCore' in project 'Firebase'
        ➜ Explicit dependency on target 'GULNSData' in project 'GoogleUtilities'
        ➜ Explicit dependency on target 'GULEnvironment' in project 'GoogleUtilities'
        ➜ Explicit dependency on target 'GULLogger' in project 'GoogleUtilities'
        ➜ Explicit dependency on target 'leveldb' in project 'leveldb'
        ➜ Explicit dependency on target 'GULUserDefaults' in project 'GoogleUtilities'
    Target 'FirebaseStorageCombine-Community' in project 'Firebase'
        ➜ Explicit dependency on target 'FirebaseStorageCombineSwift' in project 'Firebase'
        ➜ Explicit dependency on target 'FirebaseAppCheckInterop' in project 'Firebase'
        ➜ Explicit dependency on target 'FirebaseAuthInterop' in project 'Firebase'
        ➜ Explicit dependency on target 'Firebase' in project 'Firebase'
        ➜ Explicit dependency on target 'FirebaseCoreInternal' in project 'Firebase'
        ➜ Explicit dependency on target 'FirebaseCore' in project 'Firebase'
        ➜ Explicit dependency on target 'FirebaseCoreExtension' in project 'Firebase'
        ➜ Explicit dependency on target 'FirebaseStorage' in project 'Firebase'
        ➜ Explicit dependency on target 'GULNSData' in project 'GoogleUtilities'
        ➜ Explicit dependency on target 'GULEnvironment' in project 'GoogleUtilities'
        ➜ Explicit dependency on target 'GULLogger' in project 'GoogleUtilities'
        ➜ Explicit dependency on target 'GTMSessionFetcherCore' in project 'GTMSessionFetcher'
    Target 'FirebaseStorageCombineSwift' in project 'Firebase'
        ➜ Explicit dependency on target 'FirebaseAppCheckInterop' in project 'Firebase'
        ➜ Explicit dependency on target 'FirebaseAuthInterop' in project 'Firebase'
        ➜ Explicit dependency on target 'Firebase' in project 'Firebase'
        ➜ Explicit dependency on target 'FirebaseCoreInternal' in project 'Firebase'
        ➜ Explicit dependency on target 'FirebaseCore' in project 'Firebase'
        ➜ Explicit dependency on target 'FirebaseCoreExtension' in project 'Firebase'
        ➜ Explicit dependency on target 'FirebaseStorage' in project 'Firebase'
        ➜ Explicit dependency on target 'GULNSData' in project 'GoogleUtilities'
        ➜ Explicit dependency on target 'GULEnvironment' in project 'GoogleUtilities'
        ➜ Explicit dependency on target 'GULLogger' in project 'GoogleUtilities'
        ➜ Explicit dependency on target 'GTMSessionFetcherCore' in project 'GTMSessionFetcher'
    Target 'FirebaseStorage' in project 'Firebase'
        ➜ Explicit dependency on target 'FirebaseAppCheckInterop' in project 'Firebase'
        ➜ Explicit dependency on target 'FirebaseAuthInterop' in project 'Firebase'
        ➜ Explicit dependency on target 'Firebase' in project 'Firebase'
        ➜ Explicit dependency on target 'FirebaseCoreInternal' in project 'Firebase'
        ➜ Explicit dependency on target 'FirebaseCore' in project 'Firebase'
        ➜ Explicit dependency on target 'FirebaseCoreExtension' in project 'Firebase'
        ➜ Explicit dependency on target 'GULNSData' in project 'GoogleUtilities'
        ➜ Explicit dependency on target 'GULEnvironment' in project 'GoogleUtilities'
        ➜ Explicit dependency on target 'GULLogger' in project 'GoogleUtilities'
        ➜ Explicit dependency on target 'GTMSessionFetcherCore' in project 'GTMSessionFetcher'
    Target 'FirebaseFunctionsCombine-Community' in project 'Firebase'
        ➜ Explicit dependency on target 'FirebaseFunctionsCombineSwift' in project 'Firebase'
        ➜ Explicit dependency on target 'FirebaseAppCheckInterop' in project 'Firebase'
        ➜ Explicit dependency on target 'FirebaseAuthInterop' in project 'Firebase'
        ➜ Explicit dependency on target 'Firebase' in project 'Firebase'
        ➜ Explicit dependency on target 'FirebaseCoreInternal' in project 'Firebase'
        ➜ Explicit dependency on target 'FirebaseCore' in project 'Firebase'
        ➜ Explicit dependency on target 'FirebaseCoreExtension' in project 'Firebase'
        ➜ Explicit dependency on target 'FirebaseMessagingInterop' in project 'Firebase'
        ➜ Explicit dependency on target 'FirebaseSharedSwift' in project 'Firebase'
        ➜ Explicit dependency on target 'FirebaseFunctions' in project 'Firebase'
        ➜ Explicit dependency on target 'GULNSData' in project 'GoogleUtilities'
        ➜ Explicit dependency on target 'GULEnvironment' in project 'GoogleUtilities'
        ➜ Explicit dependency on target 'GULLogger' in project 'GoogleUtilities'
        ➜ Explicit dependency on target 'GTMSessionFetcherCore' in project 'GTMSessionFetcher'
    Target 'FirebaseFunctionsCombineSwift' in project 'Firebase'
        ➜ Explicit dependency on target 'FirebaseAppCheckInterop' in project 'Firebase'
        ➜ Explicit dependency on target 'FirebaseAuthInterop' in project 'Firebase'
        ➜ Explicit dependency on target 'Firebase' in project 'Firebase'
        ➜ Explicit dependency on target 'FirebaseCoreInternal' in project 'Firebase'
        ➜ Explicit dependency on target 'FirebaseCore' in project 'Firebase'
        ➜ Explicit dependency on target 'FirebaseCoreExtension' in project 'Firebase'
        ➜ Explicit dependency on target 'FirebaseMessagingInterop' in project 'Firebase'
        ➜ Explicit dependency on target 'FirebaseSharedSwift' in project 'Firebase'
        ➜ Explicit dependency on target 'FirebaseFunctions' in project 'Firebase'
        ➜ Explicit dependency on target 'GULNSData' in project 'GoogleUtilities'
        ➜ Explicit dependency on target 'GULEnvironment' in project 'GoogleUtilities'
        ➜ Explicit dependency on target 'GULLogger' in project 'GoogleUtilities'
        ➜ Explicit dependency on target 'GTMSessionFetcherCore' in project 'GTMSessionFetcher'
    Target 'FirebaseFunctions' in project 'Firebase'
        ➜ Explicit dependency on target 'FirebaseAppCheckInterop' in project 'Firebase'
        ➜ Explicit dependency on target 'FirebaseAuthInterop' in project 'Firebase'
        ➜ Explicit dependency on target 'Firebase' in project 'Firebase'
        ➜ Explicit dependency on target 'FirebaseCoreInternal' in project 'Firebase'
        ➜ Explicit dependency on target 'FirebaseCore' in project 'Firebase'
        ➜ Explicit dependency on target 'FirebaseCoreExtension' in project 'Firebase'
        ➜ Explicit dependency on target 'FirebaseMessagingInterop' in project 'Firebase'
        ➜ Explicit dependency on target 'FirebaseSharedSwift' in project 'Firebase'
        ➜ Explicit dependency on target 'GULNSData' in project 'GoogleUtilities'
        ➜ Explicit dependency on target 'GULEnvironment' in project 'GoogleUtilities'
        ➜ Explicit dependency on target 'GULLogger' in project 'GoogleUtilities'
        ➜ Explicit dependency on target 'GTMSessionFetcherCore' in project 'GTMSessionFetcher'
    Target 'FirebaseMessagingInterop' in project 'Firebase' (no dependencies)
    Target 'FirebaseCrashlytics' in project 'Firebase'
        ➜ Explicit dependency on target 'FirebaseCrashlytics' in project 'Firebase'
        ➜ Explicit dependency on target 'Firebase_FirebaseCrashlytics' in project 'Firebase'
        ➜ Explicit dependency on target 'Firebase' in project 'Firebase'
        ➜ Explicit dependency on target 'FirebaseCoreInternal' in project 'Firebase'
        ➜ Explicit dependency on target 'FirebaseCore' in project 'Firebase'
        ➜ Explicit dependency on target 'FirebaseInstallations' in project 'Firebase'
        ➜ Explicit dependency on target 'FirebaseCoreExtension' in project 'Firebase'
        ➜ Explicit dependency on target 'FirebaseSessionsObjC' in project 'Firebase'
        ➜ Explicit dependency on target 'FirebaseSessions' in project 'Firebase'
        ➜ Explicit dependency on target 'FirebaseRemoteConfigInterop' in project 'Firebase'
        ➜ Explicit dependency on target 'FirebaseCrashlyticsSwift' in project 'Firebase'
        ➜ Explicit dependency on target 'GULNSData' in project 'GoogleUtilities'
        ➜ Explicit dependency on target 'GULEnvironment' in project 'GoogleUtilities'
        ➜ Explicit dependency on target 'GULLogger' in project 'GoogleUtilities'
        ➜ Explicit dependency on target 'FBLPromises' in project 'Promises'
        ➜ Explicit dependency on target 'GULUserDefaults' in project 'GoogleUtilities'
        ➜ Explicit dependency on target 'nanopb' in project 'nanopb'
        ➜ Explicit dependency on target 'Promises' in project 'Promises'
        ➜ Explicit dependency on target 'GoogleDataTransport' in project 'GoogleDataTransport'
    Target 'FirebaseCrashlytics' in project 'Firebase'
        ➜ Explicit dependency on target 'Firebase_FirebaseCrashlytics' in project 'Firebase'
        ➜ Explicit dependency on target 'Firebase' in project 'Firebase'
        ➜ Explicit dependency on target 'FirebaseCoreInternal' in project 'Firebase'
        ➜ Explicit dependency on target 'FirebaseCore' in project 'Firebase'
        ➜ Explicit dependency on target 'FirebaseInstallations' in project 'Firebase'
        ➜ Explicit dependency on target 'FirebaseCoreExtension' in project 'Firebase'
        ➜ Explicit dependency on target 'FirebaseSessionsObjC' in project 'Firebase'
        ➜ Explicit dependency on target 'FirebaseSessions' in project 'Firebase'
        ➜ Explicit dependency on target 'FirebaseRemoteConfigInterop' in project 'Firebase'
        ➜ Explicit dependency on target 'FirebaseCrashlyticsSwift' in project 'Firebase'
        ➜ Explicit dependency on target 'GULNSData' in project 'GoogleUtilities'
        ➜ Explicit dependency on target 'GULEnvironment' in project 'GoogleUtilities'
        ➜ Explicit dependency on target 'GULLogger' in project 'GoogleUtilities'
        ➜ Explicit dependency on target 'FBLPromises' in project 'Promises'
        ➜ Explicit dependency on target 'GULUserDefaults' in project 'GoogleUtilities'
        ➜ Explicit dependency on target 'nanopb' in project 'nanopb'
        ➜ Explicit dependency on target 'Promises' in project 'Promises'
        ➜ Explicit dependency on target 'GoogleDataTransport' in project 'GoogleDataTransport'
    Target 'FirebaseCrashlyticsSwift' in project 'Firebase'
        ➜ Explicit dependency on target 'Firebase_FirebaseCrashlyticsSwift' in project 'Firebase'
        ➜ Explicit dependency on target 'FirebaseRemoteConfigInterop' in project 'Firebase'
    Target 'Firebase_FirebaseCrashlyticsSwift' in project 'Firebase' (no dependencies)
    Target 'FirebaseRemoteConfigInterop' in project 'Firebase' (no dependencies)
    Target 'FirebaseSessions' in project 'Firebase'
        ➜ Explicit dependency on target 'Firebase' in project 'Firebase'
        ➜ Explicit dependency on target 'FirebaseCoreInternal' in project 'Firebase'
        ➜ Explicit dependency on target 'FirebaseCore' in project 'Firebase'
        ➜ Explicit dependency on target 'FirebaseInstallations' in project 'Firebase'
        ➜ Explicit dependency on target 'FirebaseCoreExtension' in project 'Firebase'
        ➜ Explicit dependency on target 'FirebaseSessionsObjC' in project 'Firebase'
        ➜ Explicit dependency on target 'GULNSData' in project 'GoogleUtilities'
        ➜ Explicit dependency on target 'GULEnvironment' in project 'GoogleUtilities'
        ➜ Explicit dependency on target 'GULLogger' in project 'GoogleUtilities'
        ➜ Explicit dependency on target 'FBLPromises' in project 'Promises'
        ➜ Explicit dependency on target 'GULUserDefaults' in project 'GoogleUtilities'
        ➜ Explicit dependency on target 'nanopb' in project 'nanopb'
        ➜ Explicit dependency on target 'Promises' in project 'Promises'
        ➜ Explicit dependency on target 'GoogleDataTransport' in project 'GoogleDataTransport'
    Target 'GoogleDataTransport' in project 'GoogleDataTransport'
        ➜ Explicit dependency on target 'GoogleDataTransport' in project 'GoogleDataTransport'
        ➜ Explicit dependency on target 'GoogleDataTransport_GoogleDataTransport' in project 'GoogleDataTransport'
        ➜ Explicit dependency on target 'nanopb' in project 'nanopb'
        ➜ Explicit dependency on target 'FBLPromises' in project 'Promises'
    Target 'GoogleDataTransport' in project 'GoogleDataTransport'
        ➜ Explicit dependency on target 'GoogleDataTransport_GoogleDataTransport' in project 'GoogleDataTransport'
        ➜ Explicit dependency on target 'nanopb' in project 'nanopb'
        ➜ Explicit dependency on target 'FBLPromises' in project 'Promises'
    Target 'GoogleDataTransport_GoogleDataTransport' in project 'GoogleDataTransport' (no dependencies)
    Target 'Promises' in project 'Promises'
        ➜ Explicit dependency on target 'Promises' in project 'Promises'
        ➜ Explicit dependency on target 'Promises_Promises' in project 'Promises'
        ➜ Explicit dependency on target 'FBLPromises' in project 'Promises'
    Target 'Promises' in project 'Promises'
        ➜ Explicit dependency on target 'Promises_Promises' in project 'Promises'
        ➜ Explicit dependency on target 'FBLPromises' in project 'Promises'
    Target 'Promises_Promises' in project 'Promises' (no dependencies)
    Target 'FirebaseSessionsObjC' in project 'Firebase'
        ➜ Explicit dependency on target 'Firebase' in project 'Firebase'
        ➜ Explicit dependency on target 'FirebaseCoreInternal' in project 'Firebase'
        ➜ Explicit dependency on target 'FirebaseCore' in project 'Firebase'
        ➜ Explicit dependency on target 'FirebaseCoreExtension' in project 'Firebase'
        ➜ Explicit dependency on target 'GULNSData' in project 'GoogleUtilities'
        ➜ Explicit dependency on target 'GULEnvironment' in project 'GoogleUtilities'
        ➜ Explicit dependency on target 'GULLogger' in project 'GoogleUtilities'
        ➜ Explicit dependency on target 'nanopb' in project 'nanopb'
    Target 'Firebase_FirebaseCrashlytics' in project 'Firebase' (no dependencies)
    Target 'FirebaseAI' in project 'Firebase'
        ➜ Explicit dependency on target 'FirebaseAI' in project 'Firebase'
        ➜ Explicit dependency on target 'FirebaseAILogic' in project 'Firebase'
        ➜ Explicit dependency on target 'FirebaseAppCheckInterop' in project 'Firebase'
        ➜ Explicit dependency on target 'FirebaseAuthInterop' in project 'Firebase'
        ➜ Explicit dependency on target 'Firebase' in project 'Firebase'
        ➜ Explicit dependency on target 'FirebaseCoreInternal' in project 'Firebase'
        ➜ Explicit dependency on target 'FirebaseCore' in project 'Firebase'
        ➜ Explicit dependency on target 'FirebaseCoreExtension' in project 'Firebase'
        ➜ Explicit dependency on target 'GULNSData' in project 'GoogleUtilities'
        ➜ Explicit dependency on target 'GULEnvironment' in project 'GoogleUtilities'
        ➜ Explicit dependency on target 'GULLogger' in project 'GoogleUtilities'
    Target 'FirebaseAI' in project 'Firebase'
        ➜ Explicit dependency on target 'FirebaseAppCheckInterop' in project 'Firebase'
        ➜ Explicit dependency on target 'FirebaseAuthInterop' in project 'Firebase'
        ➜ Explicit dependency on target 'Firebase' in project 'Firebase'
        ➜ Explicit dependency on target 'FirebaseCoreInternal' in project 'Firebase'
        ➜ Explicit dependency on target 'FirebaseCore' in project 'Firebase'
        ➜ Explicit dependency on target 'FirebaseCoreExtension' in project 'Firebase'
        ➜ Explicit dependency on target 'FirebaseAILogic' in project 'Firebase'
        ➜ Explicit dependency on target 'GULNSData' in project 'GoogleUtilities'
        ➜ Explicit dependency on target 'GULEnvironment' in project 'GoogleUtilities'
        ➜ Explicit dependency on target 'GULLogger' in project 'GoogleUtilities'
    Target 'FirebaseInAppMessaging-Beta' in project 'Firebase'
        ➜ Explicit dependency on target 'FirebaseInAppMessagingTarget' in project 'Firebase'
        ➜ Explicit dependency on target 'Firebase' in project 'Firebase'
        ➜ Explicit dependency on target 'FirebaseCoreInternal' in project 'Firebase'
        ➜ Explicit dependency on target 'FirebaseCore' in project 'Firebase'
        ➜ Explicit dependency on target 'FirebaseInstallations' in project 'Firebase'
        ➜ Explicit dependency on target 'FirebaseABTesting' in project 'Firebase'
        ➜ Explicit dependency on target 'FirebaseInAppMessaging_iOS' in project 'Firebase'
        ➜ Explicit dependency on target 'FirebaseInAppMessagingInternal' in project 'Firebase'
        ➜ Explicit dependency on target 'FirebaseInAppMessaging' in project 'Firebase'
        ➜ Explicit dependency on target 'GULNSData' in project 'GoogleUtilities'
        ➜ Explicit dependency on target 'GULEnvironment' in project 'GoogleUtilities'
        ➜ Explicit dependency on target 'GULLogger' in project 'GoogleUtilities'
        ➜ Explicit dependency on target 'FBLPromises' in project 'Promises'
        ➜ Explicit dependency on target 'GULUserDefaults' in project 'GoogleUtilities'
        ➜ Explicit dependency on target 'nanopb' in project 'nanopb'
    Target 'FirebaseInAppMessagingTarget' in project 'Firebase'
        ➜ Explicit dependency on target 'Firebase' in project 'Firebase'
        ➜ Explicit dependency on target 'FirebaseCoreInternal' in project 'Firebase'
        ➜ Explicit dependency on target 'FirebaseCore' in project 'Firebase'
        ➜ Explicit dependency on target 'FirebaseInstallations' in project 'Firebase'
        ➜ Explicit dependency on target 'FirebaseABTesting' in project 'Firebase'
        ➜ Explicit dependency on target 'FirebaseInAppMessaging_iOS' in project 'Firebase'
        ➜ Explicit dependency on target 'FirebaseInAppMessagingInternal' in project 'Firebase'
        ➜ Explicit dependency on target 'FirebaseInAppMessaging' in project 'Firebase'
        ➜ Explicit dependency on target 'GULNSData' in project 'GoogleUtilities'
        ➜ Explicit dependency on target 'GULEnvironment' in project 'GoogleUtilities'
        ➜ Explicit dependency on target 'GULLogger' in project 'GoogleUtilities'
        ➜ Explicit dependency on target 'FBLPromises' in project 'Promises'
        ➜ Explicit dependency on target 'GULUserDefaults' in project 'GoogleUtilities'
        ➜ Explicit dependency on target 'nanopb' in project 'nanopb'
    Target 'FirebaseInAppMessaging' in project 'Firebase'
        ➜ Explicit dependency on target 'Firebase' in project 'Firebase'
        ➜ Explicit dependency on target 'FirebaseCoreInternal' in project 'Firebase'
        ➜ Explicit dependency on target 'FirebaseCore' in project 'Firebase'
        ➜ Explicit dependency on target 'FirebaseInstallations' in project 'Firebase'
        ➜ Explicit dependency on target 'FirebaseABTesting' in project 'Firebase'
        ➜ Explicit dependency on target 'FirebaseInAppMessaging_iOS' in project 'Firebase'
        ➜ Explicit dependency on target 'FirebaseInAppMessagingInternal' in project 'Firebase'
        ➜ Explicit dependency on target 'GULNSData' in project 'GoogleUtilities'
        ➜ Explicit dependency on target 'GULEnvironment' in project 'GoogleUtilities'
        ➜ Explicit dependency on target 'GULLogger' in project 'GoogleUtilities'
        ➜ Explicit dependency on target 'FBLPromises' in project 'Promises'
        ➜ Explicit dependency on target 'GULUserDefaults' in project 'GoogleUtilities'
        ➜ Explicit dependency on target 'nanopb' in project 'nanopb'
    Target 'FirebaseInAppMessagingInternal' in project 'Firebase'
        ➜ Explicit dependency on target 'Firebase' in project 'Firebase'
        ➜ Explicit dependency on target 'FirebaseCoreInternal' in project 'Firebase'
        ➜ Explicit dependency on target 'FirebaseCore' in project 'Firebase'
        ➜ Explicit dependency on target 'FirebaseInstallations' in project 'Firebase'
        ➜ Explicit dependency on target 'FirebaseABTesting' in project 'Firebase'
        ➜ Explicit dependency on target 'FirebaseInAppMessaging_iOS' in project 'Firebase'
        ➜ Explicit dependency on target 'GULNSData' in project 'GoogleUtilities'
        ➜ Explicit dependency on target 'GULEnvironment' in project 'GoogleUtilities'
        ➜ Explicit dependency on target 'GULLogger' in project 'GoogleUtilities'
        ➜ Explicit dependency on target 'FBLPromises' in project 'Promises'
        ➜ Explicit dependency on target 'GULUserDefaults' in project 'GoogleUtilities'
        ➜ Explicit dependency on target 'nanopb' in project 'nanopb'
    Target 'FirebaseInAppMessaging_iOS' in project 'Firebase'
        ➜ Explicit dependency on target 'Firebase_FirebaseInAppMessaging_iOS' in project 'Firebase'
    Target 'Firebase_FirebaseInAppMessaging_iOS' in project 'Firebase' (no dependencies)
    Target 'FirebaseABTesting' in project 'Firebase'
        ➜ Explicit dependency on target 'Firebase_FirebaseABTesting' in project 'Firebase'
        ➜ Explicit dependency on target 'Firebase' in project 'Firebase'
        ➜ Explicit dependency on target 'FirebaseCoreInternal' in project 'Firebase'
        ➜ Explicit dependency on target 'FirebaseCore' in project 'Firebase'
        ➜ Explicit dependency on target 'GULNSData' in project 'GoogleUtilities'
        ➜ Explicit dependency on target 'GULEnvironment' in project 'GoogleUtilities'
        ➜ Explicit dependency on target 'GULLogger' in project 'GoogleUtilities'
    Target 'Firebase_FirebaseABTesting' in project 'Firebase' (no dependencies)
    Target 'FirebaseAnalyticsIdentitySupport' in project 'Firebase'
        ➜ Explicit dependency on target 'FirebaseAnalyticsIdentitySupportTarget' in project 'Firebase'
        ➜ Explicit dependency on target 'Firebase' in project 'Firebase'
        ➜ Explicit dependency on target 'FirebaseCoreInternal' in project 'Firebase'
        ➜ Explicit dependency on target 'FirebaseCore' in project 'Firebase'
        ➜ Explicit dependency on target 'FirebaseInstallations' in project 'Firebase'
        ➜ Explicit dependency on target 'GULNSData' in project 'GoogleUtilities'
        ➜ Explicit dependency on target 'GULEnvironment' in project 'GoogleUtilities'
        ➜ Explicit dependency on target 'GULLogger' in project 'GoogleUtilities'
        ➜ Explicit dependency on target 'FBLPromises' in project 'Promises'
        ➜ Explicit dependency on target 'GULUserDefaults' in project 'GoogleUtilities'
        ➜ Explicit dependency on target 'GoogleAppMeasurementIdentitySupport' in project 'GoogleAppMeasurement'
        ➜ Explicit dependency on target 'GULAppDelegateSwizzler' in project 'GoogleUtilities'
        ➜ Explicit dependency on target 'GULMethodSwizzler' in project 'GoogleUtilities'
        ➜ Explicit dependency on target 'GULNetwork' in project 'GoogleUtilities'
        ➜ Explicit dependency on target 'nanopb' in project 'nanopb'
    Target 'FirebaseAnalyticsIdentitySupportTarget' in project 'Firebase'
        ➜ Explicit dependency on target 'Firebase' in project 'Firebase'
        ➜ Explicit dependency on target 'FirebaseCoreInternal' in project 'Firebase'
        ➜ Explicit dependency on target 'FirebaseCore' in project 'Firebase'
        ➜ Explicit dependency on target 'FirebaseInstallations' in project 'Firebase'
        ➜ Explicit dependency on target 'GULNSData' in project 'GoogleUtilities'
        ➜ Explicit dependency on target 'GULEnvironment' in project 'GoogleUtilities'
        ➜ Explicit dependency on target 'GULLogger' in project 'GoogleUtilities'
        ➜ Explicit dependency on target 'FBLPromises' in project 'Promises'
        ➜ Explicit dependency on target 'GULUserDefaults' in project 'GoogleUtilities'
        ➜ Explicit dependency on target 'GoogleAppMeasurementIdentitySupport' in project 'GoogleAppMeasurement'
        ➜ Explicit dependency on target 'GULAppDelegateSwizzler' in project 'GoogleUtilities'
        ➜ Explicit dependency on target 'GULMethodSwizzler' in project 'GoogleUtilities'
        ➜ Explicit dependency on target 'GULNetwork' in project 'GoogleUtilities'
        ➜ Explicit dependency on target 'nanopb' in project 'nanopb'
    Target 'GoogleAppMeasurementIdentitySupport' in project 'GoogleAppMeasurement'
        ➜ Explicit dependency on target 'GoogleAppMeasurementIdentitySupportTarget' in project 'GoogleAppMeasurement'
        ➜ Explicit dependency on target 'GULAppDelegateSwizzler' in project 'GoogleUtilities'
        ➜ Explicit dependency on target 'GULMethodSwizzler' in project 'GoogleUtilities'
        ➜ Explicit dependency on target 'GULNSData' in project 'GoogleUtilities'
        ➜ Explicit dependency on target 'GULNetwork' in project 'GoogleUtilities'
        ➜ Explicit dependency on target 'GULLogger' in project 'GoogleUtilities'
        ➜ Explicit dependency on target 'GULEnvironment' in project 'GoogleUtilities'
        ➜ Explicit dependency on target 'nanopb' in project 'nanopb'
    Target 'GoogleAppMeasurementIdentitySupportTarget' in project 'GoogleAppMeasurement'
        ➜ Explicit dependency on target 'GULAppDelegateSwizzler' in project 'GoogleUtilities'
        ➜ Explicit dependency on target 'GULMethodSwizzler' in project 'GoogleUtilities'
        ➜ Explicit dependency on target 'GULNSData' in project 'GoogleUtilities'
        ➜ Explicit dependency on target 'GULNetwork' in project 'GoogleUtilities'
        ➜ Explicit dependency on target 'GULLogger' in project 'GoogleUtilities'
        ➜ Explicit dependency on target 'GULEnvironment' in project 'GoogleUtilities'
        ➜ Explicit dependency on target 'nanopb' in project 'nanopb'
    Target 'GULNetwork' in project 'GoogleUtilities'
        ➜ Explicit dependency on target 'GoogleUtilities-Network' in project 'GoogleUtilities'
        ➜ Explicit dependency on target 'GoogleUtilities_GoogleUtilities-Network' in project 'GoogleUtilities'
        ➜ Explicit dependency on target 'third-party-IsAppEncrypted' in project 'GoogleUtilities'
        ➜ Explicit dependency on target 'GoogleUtilities-Environment' in project 'GoogleUtilities'
        ➜ Explicit dependency on target 'GoogleUtilities-Logger' in project 'GoogleUtilities'
        ➜ Explicit dependency on target 'GoogleUtilities-NSData' in project 'GoogleUtilities'
        ➜ Explicit dependency on target 'GoogleUtilities-Reachability' in project 'GoogleUtilities'
    Target 'GULMethodSwizzler' in project 'GoogleUtilities'
        ➜ Explicit dependency on target 'GoogleUtilities-MethodSwizzler' in project 'GoogleUtilities'
        ➜ Explicit dependency on target 'GoogleUtilities_GoogleUtilities-MethodSwizzler' in project 'GoogleUtilities'
        ➜ Explicit dependency on target 'third-party-IsAppEncrypted' in project 'GoogleUtilities'
        ➜ Explicit dependency on target 'GoogleUtilities-Environment' in project 'GoogleUtilities'
        ➜ Explicit dependency on target 'GoogleUtilities-Logger' in project 'GoogleUtilities'
    Target 'GoogleUtilities-MethodSwizzler' in project 'GoogleUtilities'
        ➜ Explicit dependency on target 'GoogleUtilities_GoogleUtilities-MethodSwizzler' in project 'GoogleUtilities'
        ➜ Explicit dependency on target 'third-party-IsAppEncrypted' in project 'GoogleUtilities'
        ➜ Explicit dependency on target 'GoogleUtilities-Environment' in project 'GoogleUtilities'
        ➜ Explicit dependency on target 'GoogleUtilities-Logger' in project 'GoogleUtilities'
    Target 'GoogleUtilities_GoogleUtilities-MethodSwizzler' in project 'GoogleUtilities' (no dependencies)
    Target 'FirebaseAILogic' in project 'Firebase'
        ➜ Explicit dependency on target 'FirebaseAILogic' in project 'Firebase'
        ➜ Explicit dependency on target 'FirebaseAppCheckInterop' in project 'Firebase'
        ➜ Explicit dependency on target 'FirebaseAuthInterop' in project 'Firebase'
        ➜ Explicit dependency on target 'Firebase' in project 'Firebase'
        ➜ Explicit dependency on target 'FirebaseCoreInternal' in project 'Firebase'
        ➜ Explicit dependency on target 'FirebaseCore' in project 'Firebase'
        ➜ Explicit dependency on target 'FirebaseCoreExtension' in project 'Firebase'
        ➜ Explicit dependency on target 'GULNSData' in project 'GoogleUtilities'
        ➜ Explicit dependency on target 'GULEnvironment' in project 'GoogleUtilities'
        ➜ Explicit dependency on target 'GULLogger' in project 'GoogleUtilities'
    Target 'FirebaseAILogic' in project 'Firebase'
        ➜ Explicit dependency on target 'FirebaseAppCheckInterop' in project 'Firebase'
        ➜ Explicit dependency on target 'FirebaseAuthInterop' in project 'Firebase'
        ➜ Explicit dependency on target 'Firebase' in project 'Firebase'
        ➜ Explicit dependency on target 'FirebaseCoreInternal' in project 'Firebase'
        ➜ Explicit dependency on target 'FirebaseCore' in project 'Firebase'
        ➜ Explicit dependency on target 'FirebaseCoreExtension' in project 'Firebase'
        ➜ Explicit dependency on target 'GULNSData' in project 'GoogleUtilities'
        ➜ Explicit dependency on target 'GULEnvironment' in project 'GoogleUtilities'
        ➜ Explicit dependency on target 'GULLogger' in project 'GoogleUtilities'
    Target 'FirebaseInstallations' in project 'Firebase'
        ➜ Explicit dependency on target 'FirebaseInstallations' in project 'Firebase'
        ➜ Explicit dependency on target 'Firebase_FirebaseInstallations' in project 'Firebase'
        ➜ Explicit dependency on target 'Firebase' in project 'Firebase'
        ➜ Explicit dependency on target 'FirebaseCoreInternal' in project 'Firebase'
        ➜ Explicit dependency on target 'FirebaseCore' in project 'Firebase'
        ➜ Explicit dependency on target 'GULNSData' in project 'GoogleUtilities'
        ➜ Explicit dependency on target 'GULEnvironment' in project 'GoogleUtilities'
        ➜ Explicit dependency on target 'GULLogger' in project 'GoogleUtilities'
        ➜ Explicit dependency on target 'FBLPromises' in project 'Promises'
        ➜ Explicit dependency on target 'GULUserDefaults' in project 'GoogleUtilities'
    Target 'FirebaseAuthCombine-Community' in project 'Firebase'
        ➜ Explicit dependency on target 'FirebaseAuthCombineSwift' in project 'Firebase'
        ➜ Explicit dependency on target 'FirebaseAppCheckInterop' in project 'Firebase'
        ➜ Explicit dependency on target 'FirebaseAuthInterop' in project 'Firebase'
        ➜ Explicit dependency on target 'FirebaseAuthInternal' in project 'Firebase'
        ➜ Explicit dependency on target 'Firebase' in project 'Firebase'
        ➜ Explicit dependency on target 'FirebaseCoreInternal' in project 'Firebase'
        ➜ Explicit dependency on target 'FirebaseCore' in project 'Firebase'
        ➜ Explicit dependency on target 'FirebaseCoreExtension' in project 'Firebase'
        ➜ Explicit dependency on target 'FirebaseAuth' in project 'Firebase'
        ➜ Explicit dependency on target 'RecaptchaInterop' in project 'InteropForGoogle'
        ➜ Explicit dependency on target 'GULNSData' in project 'GoogleUtilities'
        ➜ Explicit dependency on target 'GULEnvironment' in project 'GoogleUtilities'
        ➜ Explicit dependency on target 'GULLogger' in project 'GoogleUtilities'
        ➜ Explicit dependency on target 'GULAppDelegateSwizzler' in project 'GoogleUtilities'
        ➜ Explicit dependency on target 'GTMSessionFetcherCore' in project 'GTMSessionFetcher'
    Target 'FirebaseAuthCombineSwift' in project 'Firebase'
        ➜ Explicit dependency on target 'FirebaseAppCheckInterop' in project 'Firebase'
        ➜ Explicit dependency on target 'FirebaseAuthInterop' in project 'Firebase'
        ➜ Explicit dependency on target 'FirebaseAuthInternal' in project 'Firebase'
        ➜ Explicit dependency on target 'Firebase' in project 'Firebase'
        ➜ Explicit dependency on target 'FirebaseCoreInternal' in project 'Firebase'
        ➜ Explicit dependency on target 'FirebaseCore' in project 'Firebase'
        ➜ Explicit dependency on target 'FirebaseCoreExtension' in project 'Firebase'
        ➜ Explicit dependency on target 'FirebaseAuth' in project 'Firebase'
        ➜ Explicit dependency on target 'RecaptchaInterop' in project 'InteropForGoogle'
        ➜ Explicit dependency on target 'GULNSData' in project 'GoogleUtilities'
        ➜ Explicit dependency on target 'GULEnvironment' in project 'GoogleUtilities'
        ➜ Explicit dependency on target 'GULLogger' in project 'GoogleUtilities'
        ➜ Explicit dependency on target 'GULAppDelegateSwizzler' in project 'GoogleUtilities'
        ➜ Explicit dependency on target 'GTMSessionFetcherCore' in project 'GTMSessionFetcher'
    Target 'FirebaseAuth' in project 'Firebase'
        ➜ Explicit dependency on target 'Firebase_FirebaseAuth' in project 'Firebase'
        ➜ Explicit dependency on target 'FirebaseAppCheckInterop' in project 'Firebase'
        ➜ Explicit dependency on target 'FirebaseAuthInterop' in project 'Firebase'
        ➜ Explicit dependency on target 'FirebaseAuthInternal' in project 'Firebase'
        ➜ Explicit dependency on target 'Firebase' in project 'Firebase'
        ➜ Explicit dependency on target 'FirebaseCoreInternal' in project 'Firebase'
        ➜ Explicit dependency on target 'FirebaseCore' in project 'Firebase'
        ➜ Explicit dependency on target 'FirebaseCoreExtension' in project 'Firebase'
        ➜ Explicit dependency on target 'RecaptchaInterop' in project 'InteropForGoogle'
        ➜ Explicit dependency on target 'GULNSData' in project 'GoogleUtilities'
        ➜ Explicit dependency on target 'GULEnvironment' in project 'GoogleUtilities'
        ➜ Explicit dependency on target 'GULLogger' in project 'GoogleUtilities'
        ➜ Explicit dependency on target 'GULAppDelegateSwizzler' in project 'GoogleUtilities'
        ➜ Explicit dependency on target 'GTMSessionFetcherCore' in project 'GTMSessionFetcher'
    Target 'GTMSessionFetcherCore' in project 'GTMSessionFetcher'
        ➜ Explicit dependency on target 'GTMSessionFetcherCore' in project 'GTMSessionFetcher'
        ➜ Explicit dependency on target 'GTMSessionFetcher_GTMSessionFetcherCore' in project 'GTMSessionFetcher'
    Target 'GTMSessionFetcherCore' in project 'GTMSessionFetcher'
        ➜ Explicit dependency on target 'GTMSessionFetcher_GTMSessionFetcherCore' in project 'GTMSessionFetcher'
    Target 'GTMSessionFetcher_GTMSessionFetcherCore' in project 'GTMSessionFetcher' (no dependencies)
    Target 'Firebase_FirebaseAuth' in project 'Firebase' (no dependencies)
    Target 'FirebaseAuthInternal' in project 'Firebase'
        ➜ Explicit dependency on target 'RecaptchaInterop' in project 'InteropForGoogle'
    Target 'RecaptchaInterop' in project 'InteropForGoogle'
        ➜ Explicit dependency on target 'RecaptchaInterop' in project 'InteropForGoogle'
    Target 'RecaptchaInterop' in project 'InteropForGoogle' (no dependencies)
    Target 'FirebaseAuthInterop' in project 'Firebase' (no dependencies)
    Target 'FirebaseFirestore' in project 'Firebase'
        ➜ Explicit dependency on target 'FirebaseFirestoreTarget' in project 'Firebase'
        ➜ Explicit dependency on target 'FirebaseFirestoreInternalWrapper' in project 'Firebase'
        ➜ Explicit dependency on target 'FirebaseAppCheckInterop' in project 'Firebase'
        ➜ Explicit dependency on target 'Firebase' in project 'Firebase'
        ➜ Explicit dependency on target 'FirebaseCoreInternal' in project 'Firebase'
        ➜ Explicit dependency on target 'FirebaseCore' in project 'Firebase'
        ➜ Explicit dependency on target 'FirebaseCoreExtension' in project 'Firebase'
        ➜ Explicit dependency on target 'FirebaseSharedSwift' in project 'Firebase'
        ➜ Explicit dependency on target 'FirebaseFirestore' in project 'Firebase'
        ➜ Explicit dependency on target 'GULNSData' in project 'GoogleUtilities'
        ➜ Explicit dependency on target 'GULEnvironment' in project 'GoogleUtilities'
        ➜ Explicit dependency on target 'GULLogger' in project 'GoogleUtilities'
        ➜ Explicit dependency on target 'abseil' in project 'abseil'
        ➜ Explicit dependency on target 'gRPC-C++' in project 'gRPC'
        ➜ Explicit dependency on target 'nanopb' in project 'nanopb'
        ➜ Explicit dependency on target 'leveldb' in project 'leveldb'
    Target 'FirebaseFirestoreTarget' in project 'Firebase'
        ➜ Explicit dependency on target 'FirebaseFirestoreInternalWrapper' in project 'Firebase'
        ➜ Explicit dependency on target 'FirebaseAppCheckInterop' in project 'Firebase'
        ➜ Explicit dependency on target 'Firebase' in project 'Firebase'
        ➜ Explicit dependency on target 'FirebaseCoreInternal' in project 'Firebase'
        ➜ Explicit dependency on target 'FirebaseCore' in project 'Firebase'
        ➜ Explicit dependency on target 'FirebaseCoreExtension' in project 'Firebase'
        ➜ Explicit dependency on target 'FirebaseSharedSwift' in project 'Firebase'
        ➜ Explicit dependency on target 'FirebaseFirestore' in project 'Firebase'
        ➜ Explicit dependency on target 'GULNSData' in project 'GoogleUtilities'
        ➜ Explicit dependency on target 'GULEnvironment' in project 'GoogleUtilities'
        ➜ Explicit dependency on target 'GULLogger' in project 'GoogleUtilities'
        ➜ Explicit dependency on target 'abseil' in project 'abseil'
        ➜ Explicit dependency on target 'gRPC-C++' in project 'gRPC'
        ➜ Explicit dependency on target 'nanopb' in project 'nanopb'
        ➜ Explicit dependency on target 'leveldb' in project 'leveldb'
    Target 'FirebaseFirestore' in project 'Firebase'
        ➜ Explicit dependency on target 'Firebase_FirebaseFirestore' in project 'Firebase'
        ➜ Explicit dependency on target 'FirebaseFirestoreInternalWrapper' in project 'Firebase'
        ➜ Explicit dependency on target 'FirebaseAppCheckInterop' in project 'Firebase'
        ➜ Explicit dependency on target 'Firebase' in project 'Firebase'
        ➜ Explicit dependency on target 'FirebaseCoreInternal' in project 'Firebase'
        ➜ Explicit dependency on target 'FirebaseCore' in project 'Firebase'
        ➜ Explicit dependency on target 'FirebaseCoreExtension' in project 'Firebase'
        ➜ Explicit dependency on target 'FirebaseSharedSwift' in project 'Firebase'
        ➜ Explicit dependency on target 'GULNSData' in project 'GoogleUtilities'
        ➜ Explicit dependency on target 'GULEnvironment' in project 'GoogleUtilities'
        ➜ Explicit dependency on target 'GULLogger' in project 'GoogleUtilities'
        ➜ Explicit dependency on target 'abseil' in project 'abseil'
        ➜ Explicit dependency on target 'gRPC-C++' in project 'gRPC'
        ➜ Explicit dependency on target 'nanopb' in project 'nanopb'
        ➜ Explicit dependency on target 'leveldb' in project 'leveldb'
    Target 'leveldb' in project 'leveldb'
        ➜ Explicit dependency on target 'leveldb' in project 'leveldb'
        ➜ Explicit dependency on target 'leveldb_leveldb' in project 'leveldb'
    Target 'leveldb' in project 'leveldb'
        ➜ Explicit dependency on target 'leveldb_leveldb' in project 'leveldb'
    Target 'leveldb_leveldb' in project 'leveldb' (no dependencies)
    Target 'nanopb' in project 'nanopb'
        ➜ Explicit dependency on target 'nanopb' in project 'nanopb'
        ➜ Explicit dependency on target 'nanopb_nanopb' in project 'nanopb'
    Target 'nanopb' in project 'nanopb'
        ➜ Explicit dependency on target 'nanopb_nanopb' in project 'nanopb'
    Target 'nanopb_nanopb' in project 'nanopb' (no dependencies)
    Target 'gRPC-C++' in project 'gRPC'
        ➜ Explicit dependency on target 'grpcppWrapper' in project 'gRPC'
        ➜ Explicit dependency on target 'gRPC_grpcppWrapper' in project 'gRPC'
        ➜ Explicit dependency on target 'grpcWrapper' in project 'gRPC'
        ➜ Explicit dependency on target 'opensslWrapper' in project 'gRPC'
        ➜ Explicit dependency on target 'abseil' in project 'abseil'
    Target 'grpcppWrapper' in project 'gRPC'
        ➜ Explicit dependency on target 'gRPC_grpcppWrapper' in project 'gRPC'
        ➜ Explicit dependency on target 'grpcWrapper' in project 'gRPC'
        ➜ Explicit dependency on target 'opensslWrapper' in project 'gRPC'
        ➜ Explicit dependency on target 'abseil' in project 'abseil'
    Target 'opensslWrapper' in project 'gRPC'
        ➜ Explicit dependency on target 'gRPC_opensslWrapper' in project 'gRPC'
    Target 'gRPC_opensslWrapper' in project 'gRPC' (no dependencies)
    Target 'grpcWrapper' in project 'gRPC'
        ➜ Explicit dependency on target 'gRPC_grpcWrapper' in project 'gRPC'
    Target 'gRPC_grpcWrapper' in project 'gRPC' (no dependencies)
    Target 'gRPC_grpcppWrapper' in project 'gRPC' (no dependencies)
    Target 'abseil' in project 'abseil'
        ➜ Explicit dependency on target 'abslWrapper' in project 'abseil'
        ➜ Explicit dependency on target 'abseil_abslWrapper' in project 'abseil'
    Target 'abslWrapper' in project 'abseil'
        ➜ Explicit dependency on target 'abseil_abslWrapper' in project 'abseil'
    Target 'abseil_abslWrapper' in project 'abseil' (no dependencies)
    Target 'Firebase_FirebaseFirestore' in project 'Firebase' (no dependencies)
    Target 'FirebaseSharedSwift' in project 'Firebase' (no dependencies)
    Target 'FirebaseCoreExtension' in project 'Firebase'
        ➜ Explicit dependency on target 'Firebase_FirebaseCoreExtension' in project 'Firebase'
    Target 'Firebase_FirebaseCoreExtension' in project 'Firebase' (no dependencies)
    Target 'FirebaseAppCheckInterop' in project 'Firebase' (no dependencies)
    Target 'FirebaseFirestoreInternalWrapper' in project 'Firebase' (no dependencies)
    Target 'FirebaseAppDistribution-Beta' in project 'Firebase'
        ➜ Explicit dependency on target 'FirebaseAppDistributionTarget' in project 'Firebase'
        ➜ Explicit dependency on target 'Firebase' in project 'Firebase'
        ➜ Explicit dependency on target 'FirebaseCoreInternal' in project 'Firebase'
        ➜ Explicit dependency on target 'FirebaseCore' in project 'Firebase'
        ➜ Explicit dependency on target 'FirebaseInstallations' in project 'Firebase'
        ➜ Explicit dependency on target 'FirebaseAppDistribution' in project 'Firebase'
        ➜ Explicit dependency on target 'GULNSData' in project 'GoogleUtilities'
        ➜ Explicit dependency on target 'GULEnvironment' in project 'GoogleUtilities'
        ➜ Explicit dependency on target 'GULLogger' in project 'GoogleUtilities'
        ➜ Explicit dependency on target 'FBLPromises' in project 'Promises'
        ➜ Explicit dependency on target 'GULUserDefaults' in project 'GoogleUtilities'
        ➜ Explicit dependency on target 'GULAppDelegateSwizzler' in project 'GoogleUtilities'
    Target 'FirebaseAppDistributionTarget' in project 'Firebase'
        ➜ Explicit dependency on target 'Firebase' in project 'Firebase'
        ➜ Explicit dependency on target 'FirebaseCoreInternal' in project 'Firebase'
        ➜ Explicit dependency on target 'FirebaseCore' in project 'Firebase'
        ➜ Explicit dependency on target 'FirebaseInstallations' in project 'Firebase'
        ➜ Explicit dependency on target 'FirebaseAppDistribution' in project 'Firebase'
        ➜ Explicit dependency on target 'GULNSData' in project 'GoogleUtilities'
        ➜ Explicit dependency on target 'GULEnvironment' in project 'GoogleUtilities'
        ➜ Explicit dependency on target 'GULLogger' in project 'GoogleUtilities'
        ➜ Explicit dependency on target 'FBLPromises' in project 'Promises'
        ➜ Explicit dependency on target 'GULUserDefaults' in project 'GoogleUtilities'
        ➜ Explicit dependency on target 'GULAppDelegateSwizzler' in project 'GoogleUtilities'
    Target 'FirebaseAppDistribution' in project 'Firebase'
        ➜ Explicit dependency on target 'Firebase' in project 'Firebase'
        ➜ Explicit dependency on target 'FirebaseCoreInternal' in project 'Firebase'
        ➜ Explicit dependency on target 'FirebaseCore' in project 'Firebase'
        ➜ Explicit dependency on target 'FirebaseInstallations' in project 'Firebase'
        ➜ Explicit dependency on target 'GULNSData' in project 'GoogleUtilities'
        ➜ Explicit dependency on target 'GULEnvironment' in project 'GoogleUtilities'
        ➜ Explicit dependency on target 'GULLogger' in project 'GoogleUtilities'
        ➜ Explicit dependency on target 'FBLPromises' in project 'Promises'
        ➜ Explicit dependency on target 'GULUserDefaults' in project 'GoogleUtilities'
        ➜ Explicit dependency on target 'GULAppDelegateSwizzler' in project 'GoogleUtilities'
    Target 'GULAppDelegateSwizzler' in project 'GoogleUtilities'
        ➜ Explicit dependency on target 'GoogleUtilities-AppDelegateSwizzler' in project 'GoogleUtilities'
        ➜ Explicit dependency on target 'GoogleUtilities_GoogleUtilities-AppDelegateSwizzler' in project 'GoogleUtilities'
        ➜ Explicit dependency on target 'third-party-IsAppEncrypted' in project 'GoogleUtilities'
        ➜ Explicit dependency on target 'GoogleUtilities-Environment' in project 'GoogleUtilities'
        ➜ Explicit dependency on target 'GoogleUtilities-Logger' in project 'GoogleUtilities'
        ➜ Explicit dependency on target 'GoogleUtilities-NSData' in project 'GoogleUtilities'
        ➜ Explicit dependency on target 'GoogleUtilities-Reachability' in project 'GoogleUtilities'
        ➜ Explicit dependency on target 'GoogleUtilities-Network' in project 'GoogleUtilities'
    Target 'GoogleUtilities-AppDelegateSwizzler' in project 'GoogleUtilities'
        ➜ Explicit dependency on target 'GoogleUtilities_GoogleUtilities-AppDelegateSwizzler' in project 'GoogleUtilities'
        ➜ Explicit dependency on target 'third-party-IsAppEncrypted' in project 'GoogleUtilities'
        ➜ Explicit dependency on target 'GoogleUtilities-Environment' in project 'GoogleUtilities'
        ➜ Explicit dependency on target 'GoogleUtilities-Logger' in project 'GoogleUtilities'
        ➜ Explicit dependency on target 'GoogleUtilities-NSData' in project 'GoogleUtilities'
        ➜ Explicit dependency on target 'GoogleUtilities-Reachability' in project 'GoogleUtilities'
        ➜ Explicit dependency on target 'GoogleUtilities-Network' in project 'GoogleUtilities'
    Target 'GoogleUtilities-Network' in project 'GoogleUtilities'
        ➜ Explicit dependency on target 'GoogleUtilities_GoogleUtilities-Network' in project 'GoogleUtilities'
        ➜ Explicit dependency on target 'third-party-IsAppEncrypted' in project 'GoogleUtilities'
        ➜ Explicit dependency on target 'GoogleUtilities-Environment' in project 'GoogleUtilities'
        ➜ Explicit dependency on target 'GoogleUtilities-Logger' in project 'GoogleUtilities'
        ➜ Explicit dependency on target 'GoogleUtilities-NSData' in project 'GoogleUtilities'
        ➜ Explicit dependency on target 'GoogleUtilities-Reachability' in project 'GoogleUtilities'
    Target 'GoogleUtilities_GoogleUtilities-Network' in project 'GoogleUtilities' (no dependencies)
    Target 'GoogleUtilities-Reachability' in project 'GoogleUtilities'
        ➜ Explicit dependency on target 'GoogleUtilities_GoogleUtilities-Reachability' in project 'GoogleUtilities'
        ➜ Explicit dependency on target 'third-party-IsAppEncrypted' in project 'GoogleUtilities'
        ➜ Explicit dependency on target 'GoogleUtilities-Environment' in project 'GoogleUtilities'
        ➜ Explicit dependency on target 'GoogleUtilities-Logger' in project 'GoogleUtilities'
    Target 'GoogleUtilities_GoogleUtilities-Reachability' in project 'GoogleUtilities' (no dependencies)
    Target 'GoogleUtilities_GoogleUtilities-AppDelegateSwizzler' in project 'GoogleUtilities' (no dependencies)
    Target 'FirebaseInstallations' in project 'Firebase'
        ➜ Explicit dependency on target 'Firebase_FirebaseInstallations' in project 'Firebase'
        ➜ Explicit dependency on target 'Firebase' in project 'Firebase'
        ➜ Explicit dependency on target 'FirebaseCoreInternal' in project 'Firebase'
        ➜ Explicit dependency on target 'FirebaseCore' in project 'Firebase'
        ➜ Explicit dependency on target 'GULNSData' in project 'GoogleUtilities'
        ➜ Explicit dependency on target 'GULEnvironment' in project 'GoogleUtilities'
        ➜ Explicit dependency on target 'GULLogger' in project 'GoogleUtilities'
        ➜ Explicit dependency on target 'FBLPromises' in project 'Promises'
        ➜ Explicit dependency on target 'GULUserDefaults' in project 'GoogleUtilities'
    Target 'GULUserDefaults' in project 'GoogleUtilities'
        ➜ Explicit dependency on target 'GoogleUtilities-UserDefaults' in project 'GoogleUtilities'
        ➜ Explicit dependency on target 'GoogleUtilities_GoogleUtilities-UserDefaults' in project 'GoogleUtilities'
        ➜ Explicit dependency on target 'third-party-IsAppEncrypted' in project 'GoogleUtilities'
        ➜ Explicit dependency on target 'GoogleUtilities-Environment' in project 'GoogleUtilities'
        ➜ Explicit dependency on target 'GoogleUtilities-Logger' in project 'GoogleUtilities'
    Target 'GoogleUtilities-UserDefaults' in project 'GoogleUtilities'
        ➜ Explicit dependency on target 'GoogleUtilities_GoogleUtilities-UserDefaults' in project 'GoogleUtilities'
        ➜ Explicit dependency on target 'third-party-IsAppEncrypted' in project 'GoogleUtilities'
        ➜ Explicit dependency on target 'GoogleUtilities-Environment' in project 'GoogleUtilities'
        ➜ Explicit dependency on target 'GoogleUtilities-Logger' in project 'GoogleUtilities'
    Target 'GoogleUtilities_GoogleUtilities-UserDefaults' in project 'GoogleUtilities' (no dependencies)
    Target 'FBLPromises' in project 'Promises'
        ➜ Explicit dependency on target 'FBLPromises' in project 'Promises'
        ➜ Explicit dependency on target 'Promises_FBLPromises' in project 'Promises'
    Target 'FBLPromises' in project 'Promises'
        ➜ Explicit dependency on target 'Promises_FBLPromises' in project 'Promises'
    Target 'Promises_FBLPromises' in project 'Promises' (no dependencies)
    Target 'Firebase_FirebaseInstallations' in project 'Firebase' (no dependencies)
    Target 'FirebaseCore' in project 'Firebase'
        ➜ Explicit dependency on target 'Firebase_FirebaseCore' in project 'Firebase'
        ➜ Explicit dependency on target 'Firebase' in project 'Firebase'
        ➜ Explicit dependency on target 'FirebaseCoreInternal' in project 'Firebase'
        ➜ Explicit dependency on target 'GULNSData' in project 'GoogleUtilities'
        ➜ Explicit dependency on target 'GULEnvironment' in project 'GoogleUtilities'
        ➜ Explicit dependency on target 'GULLogger' in project 'GoogleUtilities'
    Target 'GULLogger' in project 'GoogleUtilities'
        ➜ Explicit dependency on target 'GoogleUtilities-Logger' in project 'GoogleUtilities'
        ➜ Explicit dependency on target 'GoogleUtilities_GoogleUtilities-Logger' in project 'GoogleUtilities'
        ➜ Explicit dependency on target 'third-party-IsAppEncrypted' in project 'GoogleUtilities'
        ➜ Explicit dependency on target 'GoogleUtilities-Environment' in project 'GoogleUtilities'
    Target 'GoogleUtilities-Logger' in project 'GoogleUtilities'
        ➜ Explicit dependency on target 'GoogleUtilities_GoogleUtilities-Logger' in project 'GoogleUtilities'
        ➜ Explicit dependency on target 'third-party-IsAppEncrypted' in project 'GoogleUtilities'
        ➜ Explicit dependency on target 'GoogleUtilities-Environment' in project 'GoogleUtilities'
    Target 'GoogleUtilities_GoogleUtilities-Logger' in project 'GoogleUtilities' (no dependencies)
    Target 'GULEnvironment' in project 'GoogleUtilities'
        ➜ Explicit dependency on target 'GoogleUtilities-Environment' in project 'GoogleUtilities'
        ➜ Explicit dependency on target 'GoogleUtilities_GoogleUtilities-Environment' in project 'GoogleUtilities'
        ➜ Explicit dependency on target 'third-party-IsAppEncrypted' in project 'GoogleUtilities'
    Target 'GoogleUtilities-Environment' in project 'GoogleUtilities'
        ➜ Explicit dependency on target 'GoogleUtilities_GoogleUtilities-Environment' in project 'GoogleUtilities'
        ➜ Explicit dependency on target 'third-party-IsAppEncrypted' in project 'GoogleUtilities'
    Target 'third-party-IsAppEncrypted' in project 'GoogleUtilities' (no dependencies)
    Target 'GoogleUtilities_GoogleUtilities-Environment' in project 'GoogleUtilities' (no dependencies)
    Target 'Firebase_FirebaseCore' in project 'Firebase' (no dependencies)
    Target 'FirebaseCoreInternal' in project 'Firebase'
        ➜ Explicit dependency on target 'Firebase_FirebaseCoreInternal' in project 'Firebase'
        ➜ Explicit dependency on target 'GULNSData' in project 'GoogleUtilities'
    Target 'GULNSData' in project 'GoogleUtilities'
        ➜ Explicit dependency on target 'GoogleUtilities-NSData' in project 'GoogleUtilities'
        ➜ Explicit dependency on target 'GoogleUtilities_GoogleUtilities-NSData' in project 'GoogleUtilities'
    Target 'GoogleUtilities-NSData' in project 'GoogleUtilities'
        ➜ Explicit dependency on target 'GoogleUtilities_GoogleUtilities-NSData' in project 'GoogleUtilities'
    Target 'GoogleUtilities_GoogleUtilities-NSData' in project 'GoogleUtilities' (no dependencies)
    Target 'Firebase_FirebaseCoreInternal' in project 'Firebase' (no dependencies)
    Target 'Firebase' in project 'Firebase' (no dependencies)

GatherProvisioningInputs

CreateBuildDescription

ExecuteExternalTool /Applications/Xcode.app/Contents/Developer/Toolchains/XcodeDefault.xctoolchain/usr/bin/clang -v -E -dM -arch arm64 -isysroot /Applications/Xcode.app/Contents/Developer/Platforms/iPhoneSimulator.platform/Developer/SDKs/iPhoneSimulator26.0.sdk -x objective-c -c /dev/null

ExecuteExternalTool /Applications/Xcode.app/Contents/Developer/Toolchains/XcodeDefault.xctoolchain/usr/bin/swiftc --version

ExecuteExternalTool /Applications/Xcode.app/Contents/Developer/usr/bin/ibtool --version --output-format xml1

ExecuteExternalTool /Applications/Xcode.app/Contents/Developer/Toolchains/XcodeDefault.xctoolchain/usr/bin/clang -v -E -dM -isysroot /Applications/Xcode.app/Contents/Developer/Platforms/iPhoneSimulator.platform/Developer/SDKs/iPhoneSimulator26.0.sdk -x c -c /dev/null

ExecuteExternalTool /Applications/Xcode.app/Contents/Developer/Toolchains/XcodeDefault.xctoolchain/usr/bin/ld -version_details

ExecuteExternalTool /Applications/Xcode.app/Contents/Developer/Toolchains/XcodeDefault.xctoolchain/usr/bin/clang -v -E -dM -arch arm64 -isysroot /Applications/Xcode.app/Contents/Developer/Platforms/iPhoneSimulator.platform/Developer/SDKs/iPhoneSimulator26.0.sdk -x c -c /dev/null

ExecuteExternalTool /Applications/Xcode.app/Contents/Developer/Toolchains/XcodeDefault.xctoolchain/usr/bin/clang -v -E -dM -arch arm64 -isysroot /Applications/Xcode.app/Contents/Developer/Platforms/iPhoneSimulator.platform/Developer/SDKs/iPhoneSimulator26.0.sdk -x c++ -c /dev/null

ExecuteExternalTool /Applications/Xcode.app/Contents/Developer/usr/bin/actool --print-asset-tag-combinations --output-format xml1 /Users/hyunholee/Documents/workspace/code/BamiLog/BamiLog/Preview Content/Preview Assets.xcassets /Users/hyunholee/Documents/workspace/code/BamiLog/BamiLog/Resource/Asset.xcassets

ExecuteExternalTool /Applications/Xcode.app/Contents/Developer/Toolchains/XcodeDefault.xctoolchain/usr/bin/clang -v -E -dM -arch arm64 -isysroot /Applications/Xcode.app/Contents/Developer/Platforms/iPhoneSimulator.platform/Developer/SDKs/iPhoneSimulator26.0.sdk -x objective-c++ -c /dev/null

ReadFileContents /Applications/Xcode.app/Contents/Developer/Toolchains/XcodeDefault.xctoolchain/usr/share/docc/features.json

ExecuteExternalTool /Applications/Xcode.app/Contents/Developer/usr/bin/actool --version --output-format xml1

Build description signature: e9b8d65e946346c9e0bbaa41406f54d0
Build description path: /Users/hyunholee/Library/Developer/Xcode/DerivedData/BamiLog-cmowuaiuamzlxlgpvixsmogdajlm/Build/Intermediates.noindex/XCBuildData/e9b8d65e946346c9e0bbaa41406f54d0.xcbuilddata
ClangStatCache /Applications/Xcode.app/Contents/Developer/Toolchains/XcodeDefault.xctoolchain/usr/bin/clang-stat-cache /Applications/Xcode.app/Contents/Developer/Platforms/iPhoneSimulator.platform/Developer/SDKs/iPhoneSimulator26.0.sdk /Users/hyunholee/Library/Developer/Xcode/DerivedData/SDKStatCaches.noindex/iphonesimulator26.0-23A339-26257891a6c027eb51374368541b8346.sdkstatcache
    cd /Users/hyunholee/Documents/workspace/code/BamiLog/BamiLog.xcodeproj
    /Applications/Xcode.app/Contents/Developer/Toolchains/XcodeDefault.xctoolchain/usr/bin/clang-stat-cache /Applications/Xcode.app/Contents/Developer/Platforms/iPhoneSimulator.platform/Developer/SDKs/iPhoneSimulator26.0.sdk -o /Users/hyunholee/Library/Developer/Xcode/DerivedData/SDKStatCaches.noindex/iphonesimulator26.0-23A339-26257891a6c027eb51374368541b8346.sdkstatcache

ProcessInfoPlistFile /Users/hyunholee/Library/Developer/Xcode/DerivedData/BamiLog-cmowuaiuamzlxlgpvixsmogdajlm/Build/Products/Debug-iphonesimulator/abseil_abslWrapper.bundle/Info.plist /Users/hyunholee/Library/Developer/Xcode/DerivedData/BamiLog-cmowuaiuamzlxlgpvixsmogdajlm/Build/Intermediates.noindex/abseil.build/Debug-iphonesimulator/abseil_abslWrapper.build/empty-abseil_abslWrapper.plist (in target 'abseil_abslWrapper' from project 'abseil')
    cd /Users/hyunholee/Library/Developer/Xcode/DerivedData/BamiLog-cmowuaiuamzlxlgpvixsmogdajlm/SourcePackages/checkouts/abseil-cpp-binary
    builtin-infoPlistUtility /Users/hyunholee/Library/Developer/Xcode/DerivedData/BamiLog-cmowuaiuamzlxlgpvixsmogdajlm/Build/Intermediates.noindex/abseil.build/Debug-iphonesimulator/abseil_abslWrapper.build/empty-abseil_abslWrapper.plist -producttype com.apple.product-type.bundle -expandbuildsettings -format binary -platform iphonesimulator -o /Users/hyunholee/Library/Developer/Xcode/DerivedData/BamiLog-cmowuaiuamzlxlgpvixsmogdajlm/Build/Products/Debug-iphonesimulator/abseil_abslWrapper.bundle/Info.plist

ProcessInfoPlistFile /Users/hyunholee/Library/Developer/Xcode/DerivedData/BamiLog-cmowuaiuamzlxlgpvixsmogdajlm/Build/Products/Debug-iphonesimulator/leveldb_leveldb.bundle/Info.plist /Users/hyunholee/Library/Developer/Xcode/DerivedData/BamiLog-cmowuaiuamzlxlgpvixsmogdajlm/Build/Intermediates.noindex/leveldb.build/Debug-iphonesimulator/leveldb_leveldb.build/empty-leveldb_leveldb.plist (in target 'leveldb_leveldb' from project 'leveldb')
    cd /Users/hyunholee/Library/Developer/Xcode/DerivedData/BamiLog-cmowuaiuamzlxlgpvixsmogdajlm/SourcePackages/checkouts/leveldb
    builtin-infoPlistUtility /Users/hyunholee/Library/Developer/Xcode/DerivedData/BamiLog-cmowuaiuamzlxlgpvixsmogdajlm/Build/Intermediates.noindex/leveldb.build/Debug-iphonesimulator/leveldb_leveldb.build/empty-leveldb_leveldb.plist -producttype com.apple.product-type.bundle -expandbuildsettings -format binary -platform iphonesimulator -o /Users/hyunholee/Library/Developer/Xcode/DerivedData/BamiLog-cmowuaiuamzlxlgpvixsmogdajlm/Build/Products/Debug-iphonesimulator/leveldb_leveldb.bundle/Info.plist

ProcessInfoPlistFile /Users/hyunholee/Library/Developer/Xcode/DerivedData/BamiLog-cmowuaiuamzlxlgpvixsmogdajlm/Build/Products/Debug-iphonesimulator/nanopb_nanopb.bundle/Info.plist /Users/hyunholee/Library/Developer/Xcode/DerivedData/BamiLog-cmowuaiuamzlxlgpvixsmogdajlm/Build/Intermediates.noindex/nanopb.build/Debug-iphonesimulator/nanopb_nanopb.build/empty-nanopb_nanopb.plist (in target 'nanopb_nanopb' from project 'nanopb')
    cd /Users/hyunholee/Library/Developer/Xcode/DerivedData/BamiLog-cmowuaiuamzlxlgpvixsmogdajlm/SourcePackages/checkouts/nanopb
    builtin-infoPlistUtility /Users/hyunholee/Library/Developer/Xcode/DerivedData/BamiLog-cmowuaiuamzlxlgpvixsmogdajlm/Build/Intermediates.noindex/nanopb.build/Debug-iphonesimulator/nanopb_nanopb.build/empty-nanopb_nanopb.plist -producttype com.apple.product-type.bundle -expandbuildsettings -format binary -platform iphonesimulator -o /Users/hyunholee/Library/Developer/Xcode/DerivedData/BamiLog-cmowuaiuamzlxlgpvixsmogdajlm/Build/Products/Debug-iphonesimulator/nanopb_nanopb.bundle/Info.plist

ProcessInfoPlistFile /Users/hyunholee/Library/Developer/Xcode/DerivedData/BamiLog-cmowuaiuamzlxlgpvixsmogdajlm/Build/Products/Debug-iphonesimulator/Firebase_FirebaseRemoteConfig.bundle/Info.plist /Users/hyunholee/Library/Developer/Xcode/DerivedData/BamiLog-cmowuaiuamzlxlgpvixsmogdajlm/Build/Intermediates.noindex/Firebase.build/Debug-iphonesimulator/Firebase_FirebaseRemoteConfig.build/empty-Firebase_FirebaseRemoteConfig.plist (in target 'Firebase_FirebaseRemoteConfig' from project 'Firebase')
    cd /Users/hyunholee/Library/Developer/Xcode/DerivedData/BamiLog-cmowuaiuamzlxlgpvixsmogdajlm/SourcePackages/checkouts/firebase-ios-sdk
    builtin-infoPlistUtility /Users/hyunholee/Library/Developer/Xcode/DerivedData/BamiLog-cmowuaiuamzlxlgpvixsmogdajlm/Build/Intermediates.noindex/Firebase.build/Debug-iphonesimulator/Firebase_FirebaseRemoteConfig.build/empty-Firebase_FirebaseRemoteConfig.plist -producttype com.apple.product-type.bundle -expandbuildsettings -format binary -platform iphonesimulator -o /Users/hyunholee/Library/Developer/Xcode/DerivedData/BamiLog-cmowuaiuamzlxlgpvixsmogdajlm/Build/Products/Debug-iphonesimulator/Firebase_FirebaseRemoteConfig.bundle/Info.plist

ProcessInfoPlistFile /Users/hyunholee/Library/Developer/Xcode/DerivedData/BamiLog-cmowuaiuamzlxlgpvixsmogdajlm/Build/Products/Debug-iphonesimulator/SwiftProtobuf_SwiftProtobuf.bundle/Info.plist /Users/hyunholee/Library/Developer/Xcode/DerivedData/BamiLog-cmowuaiuamzlxlgpvixsmogdajlm/Build/Intermediates.noindex/SwiftProtobuf.build/Debug-iphonesimulator/SwiftProtobuf_SwiftProtobuf.build/empty-SwiftProtobuf_SwiftProtobuf.plist (in target 'SwiftProtobuf_SwiftProtobuf' from project 'SwiftProtobuf')
    cd /Users/hyunholee/Library/Developer/Xcode/DerivedData/BamiLog-cmowuaiuamzlxlgpvixsmogdajlm/SourcePackages/checkouts/swift-protobuf
    builtin-infoPlistUtility /Users/hyunholee/Library/Developer/Xcode/DerivedData/BamiLog-cmowuaiuamzlxlgpvixsmogdajlm/Build/Intermediates.noindex/SwiftProtobuf.build/Debug-iphonesimulator/SwiftProtobuf_SwiftProtobuf.build/empty-SwiftProtobuf_SwiftProtobuf.plist -producttype com.apple.product-type.bundle -expandbuildsettings -format binary -platform iphonesimulator -o /Users/hyunholee/Library/Developer/Xcode/DerivedData/BamiLog-cmowuaiuamzlxlgpvixsmogdajlm/Build/Products/Debug-iphonesimulator/SwiftProtobuf_SwiftProtobuf.bundle/Info.plist

ProcessInfoPlistFile /Users/hyunholee/Library/Developer/Xcode/DerivedData/BamiLog-cmowuaiuamzlxlgpvixsmogdajlm/Build/Products/Debug-iphonesimulator/gRPC_opensslWrapper.bundle/Info.plist /Users/hyunholee/Library/Developer/Xcode/DerivedData/BamiLog-cmowuaiuamzlxlgpvixsmogdajlm/Build/Intermediates.noindex/gRPC.build/Debug-iphonesimulator/gRPC_opensslWrapper.build/empty-gRPC_opensslWrapper.plist (in target 'gRPC_opensslWrapper' from project 'gRPC')
    cd /Users/hyunholee/Library/Developer/Xcode/DerivedData/BamiLog-cmowuaiuamzlxlgpvixsmogdajlm/SourcePackages/checkouts/grpc-binary
    builtin-infoPlistUtility /Users/hyunholee/Library/Developer/Xcode/DerivedData/BamiLog-cmowuaiuamzlxlgpvixsmogdajlm/Build/Intermediates.noindex/gRPC.build/Debug-iphonesimulator/gRPC_opensslWrapper.build/empty-gRPC_opensslWrapper.plist -producttype com.apple.product-type.bundle -expandbuildsettings -format binary -platform iphonesimulator -o /Users/hyunholee/Library/Developer/Xcode/DerivedData/BamiLog-cmowuaiuamzlxlgpvixsmogdajlm/Build/Products/Debug-iphonesimulator/gRPC_opensslWrapper.bundle/Info.plist

ProcessInfoPlistFile /Users/hyunholee/Library/Developer/Xcode/DerivedData/BamiLog-cmowuaiuamzlxlgpvixsmogdajlm/Build/Products/Debug-iphonesimulator/gRPC_grpcppWrapper.bundle/Info.plist /Users/hyunholee/Library/Developer/Xcode/DerivedData/BamiLog-cmowuaiuamzlxlgpvixsmogdajlm/Build/Intermediates.noindex/gRPC.build/Debug-iphonesimulator/gRPC_grpcppWrapper.build/empty-gRPC_grpcppWrapper.plist (in target 'gRPC_grpcppWrapper' from project 'gRPC')
    cd /Users/hyunholee/Library/Developer/Xcode/DerivedData/BamiLog-cmowuaiuamzlxlgpvixsmogdajlm/SourcePackages/checkouts/grpc-binary
    builtin-infoPlistUtility /Users/hyunholee/Library/Developer/Xcode/DerivedData/BamiLog-cmowuaiuamzlxlgpvixsmogdajlm/Build/Intermediates.noindex/gRPC.build/Debug-iphonesimulator/gRPC_grpcppWrapper.build/empty-gRPC_grpcppWrapper.plist -producttype com.apple.product-type.bundle -expandbuildsettings -format binary -platform iphonesimulator -o /Users/hyunholee/Library/Developer/Xcode/DerivedData/BamiLog-cmowuaiuamzlxlgpvixsmogdajlm/Build/Products/Debug-iphonesimulator/gRPC_grpcppWrapper.bundle/Info.plist

ProcessInfoPlistFile /Users/hyunholee/Library/Developer/Xcode/DerivedData/BamiLog-cmowuaiuamzlxlgpvixsmogdajlm/Build/Products/Debug-iphonesimulator/gRPC_grpcWrapper.bundle/Info.plist /Users/hyunholee/Library/Developer/Xcode/DerivedData/BamiLog-cmowuaiuamzlxlgpvixsmogdajlm/Build/Intermediates.noindex/gRPC.build/Debug-iphonesimulator/gRPC_grpcWrapper.build/empty-gRPC_grpcWrapper.plist (in target 'gRPC_grpcWrapper' from project 'gRPC')
    cd /Users/hyunholee/Library/Developer/Xcode/DerivedData/BamiLog-cmowuaiuamzlxlgpvixsmogdajlm/SourcePackages/checkouts/grpc-binary
    builtin-infoPlistUtility /Users/hyunholee/Library/Developer/Xcode/DerivedData/BamiLog-cmowuaiuamzlxlgpvixsmogdajlm/Build/Intermediates.noindex/gRPC.build/Debug-iphonesimulator/gRPC_grpcWrapper.build/empty-gRPC_grpcWrapper.plist -producttype com.apple.product-type.bundle -expandbuildsettings -format binary -platform iphonesimulator -o /Users/hyunholee/Library/Developer/Xcode/DerivedData/BamiLog-cmowuaiuamzlxlgpvixsmogdajlm/Build/Products/Debug-iphonesimulator/gRPC_grpcWrapper.bundle/Info.plist

ProcessInfoPlistFile /Users/hyunholee/Library/Developer/Xcode/DerivedData/BamiLog-cmowuaiuamzlxlgpvixsmogdajlm/Build/Products/Debug-iphonesimulator/Promises_Promises.bundle/Info.plist /Users/hyunholee/Library/Developer/Xcode/DerivedData/BamiLog-cmowuaiuamzlxlgpvixsmogdajlm/Build/Intermediates.noindex/Promises.build/Debug-iphonesimulator/Promises_Promises.build/empty-Promises_Promises.plist (in target 'Promises_Promises' from project 'Promises')
    cd /Users/hyunholee/Library/Developer/Xcode/DerivedData/BamiLog-cmowuaiuamzlxlgpvixsmogdajlm/SourcePackages/checkouts/promises
    builtin-infoPlistUtility /Users/hyunholee/Library/Developer/Xcode/DerivedData/BamiLog-cmowuaiuamzlxlgpvixsmogdajlm/Build/Intermediates.noindex/Promises.build/Debug-iphonesimulator/Promises_Promises.build/empty-Promises_Promises.plist -producttype com.apple.product-type.bundle -expandbuildsettings -format binary -platform iphonesimulator -o /Users/hyunholee/Library/Developer/Xcode/DerivedData/BamiLog-cmowuaiuamzlxlgpvixsmogdajlm/Build/Products/Debug-iphonesimulator/Promises_Promises.bundle/Info.plist

ProcessInfoPlistFile /Users/hyunholee/Library/Developer/Xcode/DerivedData/BamiLog-cmowuaiuamzlxlgpvixsmogdajlm/Build/Products/Debug-iphonesimulator/Promises_FBLPromises.bundle/Info.plist /Users/hyunholee/Library/Developer/Xcode/DerivedData/BamiLog-cmowuaiuamzlxlgpvixsmogdajlm/Build/Intermediates.noindex/Promises.build/Debug-iphonesimulator/Promises_FBLPromises.build/empty-Promises_FBLPromises.plist (in target 'Promises_FBLPromises' from project 'Promises')
    cd /Users/hyunholee/Library/Developer/Xcode/DerivedData/BamiLog-cmowuaiuamzlxlgpvixsmogdajlm/SourcePackages/checkouts/promises
    builtin-infoPlistUtility /Users/hyunholee/Library/Developer/Xcode/DerivedData/BamiLog-cmowuaiuamzlxlgpvixsmogdajlm/Build/Intermediates.noindex/Promises.build/Debug-iphonesimulator/Promises_FBLPromises.build/empty-Promises_FBLPromises.plist -producttype com.apple.product-type.bundle -expandbuildsettings -format binary -platform iphonesimulator -o /Users/hyunholee/Library/Developer/Xcode/DerivedData/BamiLog-cmowuaiuamzlxlgpvixsmogdajlm/Build/Products/Debug-iphonesimulator/Promises_FBLPromises.bundle/Info.plist

ProcessInfoPlistFile /Users/hyunholee/Library/Developer/Xcode/DerivedData/BamiLog-cmowuaiuamzlxlgpvixsmogdajlm/Build/Products/Debug-iphonesimulator/GoogleUtilities_GoogleUtilities-UserDefaults.bundle/Info.plist /Users/hyunholee/Library/Developer/Xcode/DerivedData/BamiLog-cmowuaiuamzlxlgpvixsmogdajlm/Build/Intermediates.noindex/GoogleUtilities.build/Debug-iphonesimulator/GoogleUtilities_GoogleUtilities-UserDefaults.build/empty-GoogleUtilities_GoogleUtilities-UserDefaults.plist (in target 'GoogleUtilities_GoogleUtilities-UserDefaults' from project 'GoogleUtilities')
    cd /Users/hyunholee/Library/Developer/Xcode/DerivedData/BamiLog-cmowuaiuamzlxlgpvixsmogdajlm/SourcePackages/checkouts/GoogleUtilities
    builtin-infoPlistUtility /Users/hyunholee/Library/Developer/Xcode/DerivedData/BamiLog-cmowuaiuamzlxlgpvixsmogdajlm/Build/Intermediates.noindex/GoogleUtilities.build/Debug-iphonesimulator/GoogleUtilities_GoogleUtilities-UserDefaults.build/empty-GoogleUtilities_GoogleUtilities-UserDefaults.plist -producttype com.apple.product-type.bundle -expandbuildsettings -format binary -platform iphonesimulator -o /Users/hyunholee/Library/Developer/Xcode/DerivedData/BamiLog-cmowuaiuamzlxlgpvixsmogdajlm/Build/Products/Debug-iphonesimulator/GoogleUtilities_GoogleUtilities-UserDefaults.bundle/Info.plist

ProcessInfoPlistFile /Users/hyunholee/Library/Developer/Xcode/DerivedData/BamiLog-cmowuaiuamzlxlgpvixsmogdajlm/Build/Products/Debug-iphonesimulator/GoogleUtilities_GoogleUtilities-Reachability.bundle/Info.plist /Users/hyunholee/Library/Developer/Xcode/DerivedData/BamiLog-cmowuaiuamzlxlgpvixsmogdajlm/Build/Intermediates.noindex/GoogleUtilities.build/Debug-iphonesimulator/GoogleUtilities_GoogleUtilities-Reachability.build/empty-GoogleUtilities_GoogleUtilities-Reachability.plist (in target 'GoogleUtilities_GoogleUtilities-Reachability' from project 'GoogleUtilities')
    cd /Users/hyunholee/Library/Developer/Xcode/DerivedData/BamiLog-cmowuaiuamzlxlgpvixsmogdajlm/SourcePackages/checkouts/GoogleUtilities
    builtin-infoPlistUtility /Users/hyunholee/Library/Developer/Xcode/DerivedData/BamiLog-cmowuaiuamzlxlgpvixsmogdajlm/Build/Intermediates.noindex/GoogleUtilities.build/Debug-iphonesimulator/GoogleUtilities_GoogleUtilities-Reachability.build/empty-GoogleUtilities_GoogleUtilities-Reachability.plist -producttype com.apple.product-type.bundle -expandbuildsettings -format binary -platform iphonesimulator -o /Users/hyunholee/Library/Developer/Xcode/DerivedData/BamiLog-cmowuaiuamzlxlgpvixsmogdajlm/Build/Products/Debug-iphonesimulator/GoogleUtilities_GoogleUtilities-Reachability.bundle/Info.plist

ProcessInfoPlistFile /Users/hyunholee/Library/Developer/Xcode/DerivedData/BamiLog-cmowuaiuamzlxlgpvixsmogdajlm/Build/Products/Debug-iphonesimulator/GoogleUtilities_GoogleUtilities-Network.bundle/Info.plist /Users/hyunholee/Library/Developer/Xcode/DerivedData/BamiLog-cmowuaiuamzlxlgpvixsmogdajlm/Build/Intermediates.noindex/GoogleUtilities.build/Debug-iphonesimulator/GoogleUtilities_GoogleUtilities-Network.build/empty-GoogleUtilities_GoogleUtilities-Network.plist (in target 'GoogleUtilities_GoogleUtilities-Network' from project 'GoogleUtilities')
    cd /Users/hyunholee/Library/Developer/Xcode/DerivedData/BamiLog-cmowuaiuamzlxlgpvixsmogdajlm/SourcePackages/checkouts/GoogleUtilities
    builtin-infoPlistUtility /Users/hyunholee/Library/Developer/Xcode/DerivedData/BamiLog-cmowuaiuamzlxlgpvixsmogdajlm/Build/Intermediates.noindex/GoogleUtilities.build/Debug-iphonesimulator/GoogleUtilities_GoogleUtilities-Network.build/empty-GoogleUtilities_GoogleUtilities-Network.plist -producttype com.apple.product-type.bundle -expandbuildsettings -format binary -platform iphonesimulator -o /Users/hyunholee/Library/Developer/Xcode/DerivedData/BamiLog-cmowuaiuamzlxlgpvixsmogdajlm/Build/Products/Debug-iphonesimulator/GoogleUtilities_GoogleUtilities-Network.bundle/Info.plist

ProcessInfoPlistFile /Users/hyunholee/Library/Developer/Xcode/DerivedData/BamiLog-cmowuaiuamzlxlgpvixsmogdajlm/Build/Products/Debug-iphonesimulator/GoogleUtilities_GoogleUtilities-NSData.bundle/Info.plist /Users/hyunholee/Library/Developer/Xcode/DerivedData/BamiLog-cmowuaiuamzlxlgpvixsmogdajlm/Build/Intermediates.noindex/GoogleUtilities.build/Debug-iphonesimulator/GoogleUtilities_GoogleUtilities-NSData.build/empty-GoogleUtilities_GoogleUtilities-NSData.plist (in target 'GoogleUtilities_GoogleUtilities-NSData' from project 'GoogleUtilities')
    cd /Users/hyunholee/Library/Developer/Xcode/DerivedData/BamiLog-cmowuaiuamzlxlgpvixsmogdajlm/SourcePackages/checkouts/GoogleUtilities
    builtin-infoPlistUtility /Users/hyunholee/Library/Developer/Xcode/DerivedData/BamiLog-cmowuaiuamzlxlgpvixsmogdajlm/Build/Intermediates.noindex/GoogleUtilities.build/Debug-iphonesimulator/GoogleUtilities_GoogleUtilities-NSData.build/empty-GoogleUtilities_GoogleUtilities-NSData.plist -producttype com.apple.product-type.bundle -expandbuildsettings -format binary -platform iphonesimulator -o /Users/hyunholee/Library/Developer/Xcode/DerivedData/BamiLog-cmowuaiuamzlxlgpvixsmogdajlm/Build/Products/Debug-iphonesimulator/GoogleUtilities_GoogleUtilities-NSData.bundle/Info.plist

ProcessInfoPlistFile /Users/hyunholee/Library/Developer/Xcode/DerivedData/BamiLog-cmowuaiuamzlxlgpvixsmogdajlm/Build/Products/Debug-iphonesimulator/GoogleUtilities_GoogleUtilities-MethodSwizzler.bundle/Info.plist /Users/hyunholee/Library/Developer/Xcode/DerivedData/BamiLog-cmowuaiuamzlxlgpvixsmogdajlm/Build/Intermediates.noindex/GoogleUtilities.build/Debug-iphonesimulator/GoogleUtilities_GoogleUtilities-MethodSwizzler.build/empty-GoogleUtilities_GoogleUtilities-MethodSwizzler.plist (in target 'GoogleUtilities_GoogleUtilities-MethodSwizzler' from project 'GoogleUtilities')
    cd /Users/hyunholee/Library/Developer/Xcode/DerivedData/BamiLog-cmowuaiuamzlxlgpvixsmogdajlm/SourcePackages/checkouts/GoogleUtilities
    builtin-infoPlistUtility /Users/hyunholee/Library/Developer/Xcode/DerivedData/BamiLog-cmowuaiuamzlxlgpvixsmogdajlm/Build/Intermediates.noindex/GoogleUtilities.build/Debug-iphonesimulator/GoogleUtilities_GoogleUtilities-MethodSwizzler.build/empty-GoogleUtilities_GoogleUtilities-MethodSwizzler.plist -producttype com.apple.product-type.bundle -expandbuildsettings -format binary -platform iphonesimulator -o /Users/hyunholee/Library/Developer/Xcode/DerivedData/BamiLog-cmowuaiuamzlxlgpvixsmogdajlm/Build/Products/Debug-iphonesimulator/GoogleUtilities_GoogleUtilities-MethodSwizzler.bundle/Info.plist

ProcessInfoPlistFile /Users/hyunholee/Library/Developer/Xcode/DerivedData/BamiLog-cmowuaiuamzlxlgpvixsmogdajlm/Build/Products/Debug-iphonesimulator/GoogleUtilities_GoogleUtilities-Logger.bundle/Info.plist /Users/hyunholee/Library/Developer/Xcode/DerivedData/BamiLog-cmowuaiuamzlxlgpvixsmogdajlm/Build/Intermediates.noindex/GoogleUtilities.build/Debug-iphonesimulator/GoogleUtilities_GoogleUtilities-Logger.build/empty-GoogleUtilities_GoogleUtilities-Logger.plist (in target 'GoogleUtilities_GoogleUtilities-Logger' from project 'GoogleUtilities')
    cd /Users/hyunholee/Library/Developer/Xcode/DerivedData/BamiLog-cmowuaiuamzlxlgpvixsmogdajlm/SourcePackages/checkouts/GoogleUtilities
    builtin-infoPlistUtility /Users/hyunholee/Library/Developer/Xcode/DerivedData/BamiLog-cmowuaiuamzlxlgpvixsmogdajlm/Build/Intermediates.noindex/GoogleUtilities.build/Debug-iphonesimulator/GoogleUtilities_GoogleUtilities-Logger.build/empty-GoogleUtilities_GoogleUtilities-Logger.plist -producttype com.apple.product-type.bundle -expandbuildsettings -format binary -platform iphonesimulator -o /Users/hyunholee/Library/Developer/Xcode/DerivedData/BamiLog-cmowuaiuamzlxlgpvixsmogdajlm/Build/Products/Debug-iphonesimulator/GoogleUtilities_GoogleUtilities-Logger.bundle/Info.plist

ProcessInfoPlistFile /Users/hyunholee/Library/Developer/Xcode/DerivedData/BamiLog-cmowuaiuamzlxlgpvixsmogdajlm/Build/Products/Debug-iphonesimulator/GoogleUtilities_GoogleUtilities-Environment.bundle/Info.plist /Users/hyunholee/Library/Developer/Xcode/DerivedData/BamiLog-cmowuaiuamzlxlgpvixsmogdajlm/Build/Intermediates.noindex/GoogleUtilities.build/Debug-iphonesimulator/GoogleUtilities_GoogleUtilities-Environment.build/empty-GoogleUtilities_GoogleUtilities-Environment.plist (in target 'GoogleUtilities_GoogleUtilities-Environment' from project 'GoogleUtilities')
    cd /Users/hyunholee/Library/Developer/Xcode/DerivedData/BamiLog-cmowuaiuamzlxlgpvixsmogdajlm/SourcePackages/checkouts/GoogleUtilities
    builtin-infoPlistUtility /Users/hyunholee/Library/Developer/Xcode/DerivedData/BamiLog-cmowuaiuamzlxlgpvixsmogdajlm/Build/Intermediates.noindex/GoogleUtilities.build/Debug-iphonesimulator/GoogleUtilities_GoogleUtilities-Environment.build/empty-GoogleUtilities_GoogleUtilities-Environment.plist -producttype com.apple.product-type.bundle -expandbuildsettings -format binary -platform iphonesimulator -o /Users/hyunholee/Library/Developer/Xcode/DerivedData/BamiLog-cmowuaiuamzlxlgpvixsmogdajlm/Build/Products/Debug-iphonesimulator/GoogleUtilities_GoogleUtilities-Environment.bundle/Info.plist

ProcessInfoPlistFile /Users/hyunholee/Library/Developer/Xcode/DerivedData/BamiLog-cmowuaiuamzlxlgpvixsmogdajlm/Build/Products/Debug-iphonesimulator/GoogleUtilities_GoogleUtilities-AppDelegateSwizzler.bundle/Info.plist /Users/hyunholee/Library/Developer/Xcode/DerivedData/BamiLog-cmowuaiuamzlxlgpvixsmogdajlm/Build/Intermediates.noindex/GoogleUtilities.build/Debug-iphonesimulator/GoogleUtilities_GoogleUtilities-AppDelegateSwizzler.build/empty-GoogleUtilities_GoogleUtilities-AppDelegateSwizzler.plist (in target 'GoogleUtilities_GoogleUtilities-AppDelegateSwizzler' from project 'GoogleUtilities')
    cd /Users/hyunholee/Library/Developer/Xcode/DerivedData/BamiLog-cmowuaiuamzlxlgpvixsmogdajlm/SourcePackages/checkouts/GoogleUtilities
    builtin-infoPlistUtility /Users/hyunholee/Library/Developer/Xcode/DerivedData/BamiLog-cmowuaiuamzlxlgpvixsmogdajlm/Build/Intermediates.noindex/GoogleUtilities.build/Debug-iphonesimulator/GoogleUtilities_GoogleUtilities-AppDelegateSwizzler.build/empty-GoogleUtilities_GoogleUtilities-AppDelegateSwizzler.plist -producttype com.apple.product-type.bundle -expandbuildsettings -format binary -platform iphonesimulator -o /Users/hyunholee/Library/Developer/Xcode/DerivedData/BamiLog-cmowuaiuamzlxlgpvixsmogdajlm/Build/Products/Debug-iphonesimulator/GoogleUtilities_GoogleUtilities-AppDelegateSwizzler.bundle/Info.plist

ProcessInfoPlistFile /Users/hyunholee/Library/Developer/Xcode/DerivedData/BamiLog-cmowuaiuamzlxlgpvixsmogdajlm/Build/Products/Debug-iphonesimulator/GoogleDataTransport_GoogleDataTransport.bundle/Info.plist /Users/hyunholee/Library/Developer/Xcode/DerivedData/BamiLog-cmowuaiuamzlxlgpvixsmogdajlm/Build/Intermediates.noindex/GoogleDataTransport.build/Debug-iphonesimulator/GoogleDataTransport_GoogleDataTransport.build/empty-GoogleDataTransport_GoogleDataTransport.plist (in target 'GoogleDataTransport_GoogleDataTransport' from project 'GoogleDataTransport')
    cd /Users/hyunholee/Library/Developer/Xcode/DerivedData/BamiLog-cmowuaiuamzlxlgpvixsmogdajlm/SourcePackages/checkouts/GoogleDataTransport
    builtin-infoPlistUtility /Users/hyunholee/Library/Developer/Xcode/DerivedData/BamiLog-cmowuaiuamzlxlgpvixsmogdajlm/Build/Intermediates.noindex/GoogleDataTransport.build/Debug-iphonesimulator/GoogleDataTransport_GoogleDataTransport.build/empty-GoogleDataTransport_GoogleDataTransport.plist -producttype com.apple.product-type.bundle -expandbuildsettings -format binary -platform iphonesimulator -o /Users/hyunholee/Library/Developer/Xcode/DerivedData/BamiLog-cmowuaiuamzlxlgpvixsmogdajlm/Build/Products/Debug-iphonesimulator/GoogleDataTransport_GoogleDataTransport.bundle/Info.plist

ProcessInfoPlistFile /Users/hyunholee/Library/Developer/Xcode/DerivedData/BamiLog-cmowuaiuamzlxlgpvixsmogdajlm/Build/Products/Debug-iphonesimulator/GTMSessionFetcher_GTMSessionFetcherCore.bundle/Info.plist /Users/hyunholee/Library/Developer/Xcode/DerivedData/BamiLog-cmowuaiuamzlxlgpvixsmogdajlm/Build/Intermediates.noindex/GTMSessionFetcher.build/Debug-iphonesimulator/GTMSessionFetcher_GTMSessionFetcherCore.build/empty-GTMSessionFetcher_GTMSessionFetcherCore.plist (in target 'GTMSessionFetcher_GTMSessionFetcherCore' from project 'GTMSessionFetcher')
    cd /Users/hyunholee/Library/Developer/Xcode/DerivedData/BamiLog-cmowuaiuamzlxlgpvixsmogdajlm/SourcePackages/checkouts/gtm-session-fetcher
    builtin-infoPlistUtility /Users/hyunholee/Library/Developer/Xcode/DerivedData/BamiLog-cmowuaiuamzlxlgpvixsmogdajlm/Build/Intermediates.noindex/GTMSessionFetcher.build/Debug-iphonesimulator/GTMSessionFetcher_GTMSessionFetcherCore.build/empty-GTMSessionFetcher_GTMSessionFetcherCore.plist -producttype com.apple.product-type.bundle -expandbuildsettings -format binary -platform iphonesimulator -o /Users/hyunholee/Library/Developer/Xcode/DerivedData/BamiLog-cmowuaiuamzlxlgpvixsmogdajlm/Build/Products/Debug-iphonesimulator/GTMSessionFetcher_GTMSessionFetcherCore.bundle/Info.plist

ProcessInfoPlistFile /Users/hyunholee/Library/Developer/Xcode/DerivedData/BamiLog-cmowuaiuamzlxlgpvixsmogdajlm/Build/Products/Debug-iphonesimulator/Firebase_FirebaseMessaging.bundle/Info.plist /Users/hyunholee/Library/Developer/Xcode/DerivedData/BamiLog-cmowuaiuamzlxlgpvixsmogdajlm/Build/Intermediates.noindex/Firebase.build/Debug-iphonesimulator/Firebase_FirebaseMessaging.build/empty-Firebase_FirebaseMessaging.plist (in target 'Firebase_FirebaseMessaging' from project 'Firebase')
    cd /Users/hyunholee/Library/Developer/Xcode/DerivedData/BamiLog-cmowuaiuamzlxlgpvixsmogdajlm/SourcePackages/checkouts/firebase-ios-sdk
    builtin-infoPlistUtility /Users/hyunholee/Library/Developer/Xcode/DerivedData/BamiLog-cmowuaiuamzlxlgpvixsmogdajlm/Build/Intermediates.noindex/Firebase.build/Debug-iphonesimulator/Firebase_FirebaseMessaging.build/empty-Firebase_FirebaseMessaging.plist -producttype com.apple.product-type.bundle -expandbuildsettings -format binary -platform iphonesimulator -o /Users/hyunholee/Library/Developer/Xcode/DerivedData/BamiLog-cmowuaiuamzlxlgpvixsmogdajlm/Build/Products/Debug-iphonesimulator/Firebase_FirebaseMessaging.bundle/Info.plist

ProcessInfoPlistFile /Users/hyunholee/Library/Developer/Xcode/DerivedData/BamiLog-cmowuaiuamzlxlgpvixsmogdajlm/Build/Products/Debug-iphonesimulator/Firebase_FirebaseInstallations.bundle/Info.plist /Users/hyunholee/Library/Developer/Xcode/DerivedData/BamiLog-cmowuaiuamzlxlgpvixsmogdajlm/Build/Intermediates.noindex/Firebase.build/Debug-iphonesimulator/Firebase_FirebaseInstallations.build/empty-Firebase_FirebaseInstallations.plist (in target 'Firebase_FirebaseInstallations' from project 'Firebase')
    cd /Users/hyunholee/Library/Developer/Xcode/DerivedData/BamiLog-cmowuaiuamzlxlgpvixsmogdajlm/SourcePackages/checkouts/firebase-ios-sdk
    builtin-infoPlistUtility /Users/hyunholee/Library/Developer/Xcode/DerivedData/BamiLog-cmowuaiuamzlxlgpvixsmogdajlm/Build/Intermediates.noindex/Firebase.build/Debug-iphonesimulator/Firebase_FirebaseInstallations.build/empty-Firebase_FirebaseInstallations.plist -producttype com.apple.product-type.bundle -expandbuildsettings -format binary -platform iphonesimulator -o /Users/hyunholee/Library/Developer/Xcode/DerivedData/BamiLog-cmowuaiuamzlxlgpvixsmogdajlm/Build/Products/Debug-iphonesimulator/Firebase_FirebaseInstallations.bundle/Info.plist

ProcessInfoPlistFile /Users/hyunholee/Library/Developer/Xcode/DerivedData/BamiLog-cmowuaiuamzlxlgpvixsmogdajlm/Build/Products/Debug-iphonesimulator/Firebase_FirebaseCrashlytics.bundle/Info.plist /Users/hyunholee/Library/Developer/Xcode/DerivedData/BamiLog-cmowuaiuamzlxlgpvixsmogdajlm/Build/Intermediates.noindex/Firebase.build/Debug-iphonesimulator/Firebase_FirebaseCrashlytics.build/empty-Firebase_FirebaseCrashlytics.plist (in target 'Firebase_FirebaseCrashlytics' from project 'Firebase')
    cd /Users/hyunholee/Library/Developer/Xcode/DerivedData/BamiLog-cmowuaiuamzlxlgpvixsmogdajlm/SourcePackages/checkouts/firebase-ios-sdk
    builtin-infoPlistUtility /Users/hyunholee/Library/Developer/Xcode/DerivedData/BamiLog-cmowuaiuamzlxlgpvixsmogdajlm/Build/Intermediates.noindex/Firebase.build/Debug-iphonesimulator/Firebase_FirebaseCrashlytics.build/empty-Firebase_FirebaseCrashlytics.plist -producttype com.apple.product-type.bundle -expandbuildsettings -format binary -platform iphonesimulator -o /Users/hyunholee/Library/Developer/Xcode/DerivedData/BamiLog-cmowuaiuamzlxlgpvixsmogdajlm/Build/Products/Debug-iphonesimulator/Firebase_FirebaseCrashlytics.bundle/Info.plist

ProcessInfoPlistFile /Users/hyunholee/Library/Developer/Xcode/DerivedData/BamiLog-cmowuaiuamzlxlgpvixsmogdajlm/Build/Products/Debug-iphonesimulator/Firebase_FirebaseCoreInternal.bundle/Info.plist /Users/hyunholee/Library/Developer/Xcode/DerivedData/BamiLog-cmowuaiuamzlxlgpvixsmogdajlm/Build/Intermediates.noindex/Firebase.build/Debug-iphonesimulator/Firebase_FirebaseCoreInternal.build/empty-Firebase_FirebaseCoreInternal.plist (in target 'Firebase_FirebaseCoreInternal' from project 'Firebase')
    cd /Users/hyunholee/Library/Developer/Xcode/DerivedData/BamiLog-cmowuaiuamzlxlgpvixsmogdajlm/SourcePackages/checkouts/firebase-ios-sdk
    builtin-infoPlistUtility /Users/hyunholee/Library/Developer/Xcode/DerivedData/BamiLog-cmowuaiuamzlxlgpvixsmogdajlm/Build/Intermediates.noindex/Firebase.build/Debug-iphonesimulator/Firebase_FirebaseCoreInternal.build/empty-Firebase_FirebaseCoreInternal.plist -producttype com.apple.product-type.bundle -expandbuildsettings -format binary -platform iphonesimulator -o /Users/hyunholee/Library/Developer/Xcode/DerivedData/BamiLog-cmowuaiuamzlxlgpvixsmogdajlm/Build/Products/Debug-iphonesimulator/Firebase_FirebaseCoreInternal.bundle/Info.plist

ProcessInfoPlistFile /Users/hyunholee/Library/Developer/Xcode/DerivedData/BamiLog-cmowuaiuamzlxlgpvixsmogdajlm/Build/Products/Debug-iphonesimulator/Firebase_FirebaseCoreExtension.bundle/Info.plist /Users/hyunholee/Library/Developer/Xcode/DerivedData/BamiLog-cmowuaiuamzlxlgpvixsmogdajlm/Build/Intermediates.noindex/Firebase.build/Debug-iphonesimulator/Firebase_FirebaseCoreExtension.build/empty-Firebase_FirebaseCoreExtension.plist (in target 'Firebase_FirebaseCoreExtension' from project 'Firebase')
    cd /Users/hyunholee/Library/Developer/Xcode/DerivedData/BamiLog-cmowuaiuamzlxlgpvixsmogdajlm/SourcePackages/checkouts/firebase-ios-sdk
    builtin-infoPlistUtility /Users/hyunholee/Library/Developer/Xcode/DerivedData/BamiLog-cmowuaiuamzlxlgpvixsmogdajlm/Build/Intermediates.noindex/Firebase.build/Debug-iphonesimulator/Firebase_FirebaseCoreExtension.build/empty-Firebase_FirebaseCoreExtension.plist -producttype com.apple.product-type.bundle -expandbuildsettings -format binary -platform iphonesimulator -o /Users/hyunholee/Library/Developer/Xcode/DerivedData/BamiLog-cmowuaiuamzlxlgpvixsmogdajlm/Build/Products/Debug-iphonesimulator/Firebase_FirebaseCoreExtension.bundle/Info.plist

ProcessInfoPlistFile /Users/hyunholee/Library/Developer/Xcode/DerivedData/BamiLog-cmowuaiuamzlxlgpvixsmogdajlm/Build/Products/Debug-iphonesimulator/Firebase_FirebaseCore.bundle/Info.plist /Users/hyunholee/Library/Developer/Xcode/DerivedData/BamiLog-cmowuaiuamzlxlgpvixsmogdajlm/Build/Intermediates.noindex/Firebase.build/Debug-iphonesimulator/Firebase_FirebaseCore.build/empty-Firebase_FirebaseCore.plist (in target 'Firebase_FirebaseCore' from project 'Firebase')
    cd /Users/hyunholee/Library/Developer/Xcode/DerivedData/BamiLog-cmowuaiuamzlxlgpvixsmogdajlm/SourcePackages/checkouts/firebase-ios-sdk
    builtin-infoPlistUtility /Users/hyunholee/Library/Developer/Xcode/DerivedData/BamiLog-cmowuaiuamzlxlgpvixsmogdajlm/Build/Intermediates.noindex/Firebase.build/Debug-iphonesimulator/Firebase_FirebaseCore.build/empty-Firebase_FirebaseCore.plist -producttype com.apple.product-type.bundle -expandbuildsettings -format binary -platform iphonesimulator -o /Users/hyunholee/Library/Developer/Xcode/DerivedData/BamiLog-cmowuaiuamzlxlgpvixsmogdajlm/Build/Products/Debug-iphonesimulator/Firebase_FirebaseCore.bundle/Info.plist

ProcessInfoPlistFile /Users/hyunholee/Library/Developer/Xcode/DerivedData/BamiLog-cmowuaiuamzlxlgpvixsmogdajlm/Build/Products/Debug-iphonesimulator/Firebase_FirebaseAuth.bundle/Info.plist /Users/hyunholee/Library/Developer/Xcode/DerivedData/BamiLog-cmowuaiuamzlxlgpvixsmogdajlm/Build/Intermediates.noindex/Firebase.build/Debug-iphonesimulator/Firebase_FirebaseAuth.build/empty-Firebase_FirebaseAuth.plist (in target 'Firebase_FirebaseAuth' from project 'Firebase')
    cd /Users/hyunholee/Library/Developer/Xcode/DerivedData/BamiLog-cmowuaiuamzlxlgpvixsmogdajlm/SourcePackages/checkouts/firebase-ios-sdk
    builtin-infoPlistUtility /Users/hyunholee/Library/Developer/Xcode/DerivedData/BamiLog-cmowuaiuamzlxlgpvixsmogdajlm/Build/Intermediates.noindex/Firebase.build/Debug-iphonesimulator/Firebase_FirebaseAuth.build/empty-Firebase_FirebaseAuth.plist -producttype com.apple.product-type.bundle -expandbuildsettings -format binary -platform iphonesimulator -o /Users/hyunholee/Library/Developer/Xcode/DerivedData/BamiLog-cmowuaiuamzlxlgpvixsmogdajlm/Build/Products/Debug-iphonesimulator/Firebase_FirebaseAuth.bundle/Info.plist

ProcessInfoPlistFile /Users/hyunholee/Library/Developer/Xcode/DerivedData/BamiLog-cmowuaiuamzlxlgpvixsmogdajlm/Build/Products/Debug-iphonesimulator/Firebase_FirebaseCrashlyticsSwift.bundle/Info.plist /Users/hyunholee/Library/Developer/Xcode/DerivedData/BamiLog-cmowuaiuamzlxlgpvixsmogdajlm/Build/Intermediates.noindex/Firebase.build/Debug-iphonesimulator/Firebase_FirebaseCrashlyticsSwift.build/empty-Firebase_FirebaseCrashlyticsSwift.plist (in target 'Firebase_FirebaseCrashlyticsSwift' from project 'Firebase')
    cd /Users/hyunholee/Library/Developer/Xcode/DerivedData/BamiLog-cmowuaiuamzlxlgpvixsmogdajlm/SourcePackages/checkouts/firebase-ios-sdk
    builtin-infoPlistUtility /Users/hyunholee/Library/Developer/Xcode/DerivedData/BamiLog-cmowuaiuamzlxlgpvixsmogdajlm/Build/Intermediates.noindex/Firebase.build/Debug-iphonesimulator/Firebase_FirebaseCrashlyticsSwift.build/empty-Firebase_FirebaseCrashlyticsSwift.plist -producttype com.apple.product-type.bundle -expandbuildsettings -format binary -platform iphonesimulator -o /Users/hyunholee/Library/Developer/Xcode/DerivedData/BamiLog-cmowuaiuamzlxlgpvixsmogdajlm/Build/Products/Debug-iphonesimulator/Firebase_FirebaseCrashlyticsSwift.bundle/Info.plist

WriteAuxiliaryFile /Users/hyunholee/Library/Developer/Xcode/DerivedData/BamiLog-cmowuaiuamzlxlgpvixsmogdajlm/Build/Intermediates.noindex/BamiLog.build/Debug-iphonesimulator/BamiLog.build/Objects-normal/arm64/BamiLog.SwiftFileList (in target 'BamiLog' from project 'BamiLog')
    cd /Users/hyunholee/Documents/workspace/code/BamiLog
    write-file /Users/hyunholee/Library/Developer/Xcode/DerivedData/BamiLog-cmowuaiuamzlxlgpvixsmogdajlm/Build/Intermediates.noindex/BamiLog.build/Debug-iphonesimulator/BamiLog.build/Objects-normal/arm64/BamiLog.SwiftFileList

ProcessInfoPlistFile /Users/hyunholee/Library/Developer/Xcode/DerivedData/BamiLog-cmowuaiuamzlxlgpvixsmogdajlm/Build/Products/Debug-iphonesimulator/Firebase_FirebaseInAppMessaging_iOS.bundle/Info.plist /Users/hyunholee/Library/Developer/Xcode/DerivedData/BamiLog-cmowuaiuamzlxlgpvixsmogdajlm/Build/Intermediates.noindex/Firebase.build/Debug-iphonesimulator/Firebase_FirebaseInAppMessaging_iOS.build/empty-Firebase_FirebaseInAppMessaging_iOS.plist (in target 'Firebase_FirebaseInAppMessaging_iOS' from project 'Firebase')
    cd /Users/hyunholee/Library/Developer/Xcode/DerivedData/BamiLog-cmowuaiuamzlxlgpvixsmogdajlm/SourcePackages/checkouts/firebase-ios-sdk
    builtin-infoPlistUtility /Users/hyunholee/Library/Developer/Xcode/DerivedData/BamiLog-cmowuaiuamzlxlgpvixsmogdajlm/Build/Intermediates.noindex/Firebase.build/Debug-iphonesimulator/Firebase_FirebaseInAppMessaging_iOS.build/empty-Firebase_FirebaseInAppMessaging_iOS.plist -producttype com.apple.product-type.bundle -expandbuildsettings -format binary -platform iphonesimulator -additionalcontentfile /Users/hyunholee/Library/Developer/Xcode/DerivedData/BamiLog-cmowuaiuamzlxlgpvixsmogdajlm/Build/Intermediates.noindex/Firebase.build/Debug-iphonesimulator/Firebase_FirebaseInAppMessaging_iOS.build/FIRInAppMessageDisplayStoryboard-SBPartialInfo.plist -o /Users/hyunholee/Library/Developer/Xcode/DerivedData/BamiLog-cmowuaiuamzlxlgpvixsmogdajlm/Build/Products/Debug-iphonesimulator/Firebase_FirebaseInAppMessaging_iOS.bundle/Info.plist

WriteAuxiliaryFile /Users/hyunholee/Library/Developer/Xcode/DerivedData/BamiLog-cmowuaiuamzlxlgpvixsmogdajlm/Build/Intermediates.noindex/BamiLog.build/Debug-iphonesimulator/BamiLog.build/Objects-normal/arm64/BamiLog.SwiftConstValuesFileList (in target 'BamiLog' from project 'BamiLog')
    cd /Users/hyunholee/Documents/workspace/code/BamiLog
    write-file /Users/hyunholee/Library/Developer/Xcode/DerivedData/BamiLog-cmowuaiuamzlxlgpvixsmogdajlm/Build/Intermediates.noindex/BamiLog.build/Debug-iphonesimulator/BamiLog.build/Objects-normal/arm64/BamiLog.SwiftConstValuesFileList

WriteAuxiliaryFile /Users/hyunholee/Library/Developer/Xcode/DerivedData/BamiLog-cmowuaiuamzlxlgpvixsmogdajlm/Build/Intermediates.noindex/BamiLog.build/Debug-iphonesimulator/BamiLog.build/Objects-normal/arm64/BamiLog.LinkFileList (in target 'BamiLog' from project 'BamiLog')
    cd /Users/hyunholee/Documents/workspace/code/BamiLog
    write-file /Users/hyunholee/Library/Developer/Xcode/DerivedData/BamiLog-cmowuaiuamzlxlgpvixsmogdajlm/Build/Intermediates.noindex/BamiLog.build/Debug-iphonesimulator/BamiLog.build/Objects-normal/arm64/BamiLog.LinkFileList

WriteAuxiliaryFile /Users/hyunholee/Library/Developer/Xcode/DerivedData/BamiLog-cmowuaiuamzlxlgpvixsmogdajlm/Build/Intermediates.noindex/BamiLog.build/Debug-iphonesimulator/BamiLog.build/Objects-normal/arm64/BamiLog-OutputFileMap.json (in target 'BamiLog' from project 'BamiLog')
    cd /Users/hyunholee/Documents/workspace/code/BamiLog
    write-file /Users/hyunholee/Library/Developer/Xcode/DerivedData/BamiLog-cmowuaiuamzlxlgpvixsmogdajlm/Build/Intermediates.noindex/BamiLog.build/Debug-iphonesimulator/BamiLog.build/Objects-normal/arm64/BamiLog-OutputFileMap.json

ProcessInfoPlistFile /Users/hyunholee/Library/Developer/Xcode/DerivedData/BamiLog-cmowuaiuamzlxlgpvixsmogdajlm/Build/Products/Debug-iphonesimulator/Firebase_FirebaseABTesting.bundle/Info.plist /Users/hyunholee/Library/Developer/Xcode/DerivedData/BamiLog-cmowuaiuamzlxlgpvixsmogdajlm/Build/Intermediates.noindex/Firebase.build/Debug-iphonesimulator/Firebase_FirebaseABTesting.build/empty-Firebase_FirebaseABTesting.plist (in target 'Firebase_FirebaseABTesting' from project 'Firebase')
    cd /Users/hyunholee/Library/Developer/Xcode/DerivedData/BamiLog-cmowuaiuamzlxlgpvixsmogdajlm/SourcePackages/checkouts/firebase-ios-sdk
    builtin-infoPlistUtility /Users/hyunholee/Library/Developer/Xcode/DerivedData/BamiLog-cmowuaiuamzlxlgpvixsmogdajlm/Build/Intermediates.noindex/Firebase.build/Debug-iphonesimulator/Firebase_FirebaseABTesting.build/empty-Firebase_FirebaseABTesting.plist -producttype com.apple.product-type.bundle -expandbuildsettings -format binary -platform iphonesimulator -o /Users/hyunholee/Library/Developer/Xcode/DerivedData/BamiLog-cmowuaiuamzlxlgpvixsmogdajlm/Build/Products/Debug-iphonesimulator/Firebase_FirebaseABTesting.bundle/Info.plist

ProcessInfoPlistFile /Users/hyunholee/Library/Developer/Xcode/DerivedData/BamiLog-cmowuaiuamzlxlgpvixsmogdajlm/Build/Products/Debug-iphonesimulator/Firebase_FirebaseFirestore.bundle/Info.plist /Users/hyunholee/Library/Developer/Xcode/DerivedData/BamiLog-cmowuaiuamzlxlgpvixsmogdajlm/Build/Intermediates.noindex/Firebase.build/Debug-iphonesimulator/Firebase_FirebaseFirestore.build/empty-Firebase_FirebaseFirestore.plist (in target 'Firebase_FirebaseFirestore' from project 'Firebase')
    cd /Users/hyunholee/Library/Developer/Xcode/DerivedData/BamiLog-cmowuaiuamzlxlgpvixsmogdajlm/SourcePackages/checkouts/firebase-ios-sdk
    builtin-infoPlistUtility /Users/hyunholee/Library/Developer/Xcode/DerivedData/BamiLog-cmowuaiuamzlxlgpvixsmogdajlm/Build/Intermediates.noindex/Firebase.build/Debug-iphonesimulator/Firebase_FirebaseFirestore.build/empty-Firebase_FirebaseFirestore.plist -producttype com.apple.product-type.bundle -expandbuildsettings -format binary -platform iphonesimulator -o /Users/hyunholee/Library/Developer/Xcode/DerivedData/BamiLog-cmowuaiuamzlxlgpvixsmogdajlm/Build/Products/Debug-iphonesimulator/Firebase_FirebaseFirestore.bundle/Info.plist

CompileAssetCatalogVariant thinned /Users/hyunholee/Library/Developer/Xcode/DerivedData/BamiLog-cmowuaiuamzlxlgpvixsmogdajlm/Build/Products/Debug-iphonesimulator/BamiLog.app /Users/hyunholee/Documents/workspace/code/BamiLog/BamiLog/Preview\ Content/Preview\ Assets.xcassets /Users/hyunholee/Documents/workspace/code/BamiLog/BamiLog/Resource/Asset.xcassets (in target 'BamiLog' from project 'BamiLog')
    cd /Users/hyunholee/Documents/workspace/code/BamiLog
    /Applications/Xcode.app/Contents/Developer/usr/bin/actool /Users/hyunholee/Documents/workspace/code/BamiLog/BamiLog/Preview\ Content/Preview\ Assets.xcassets /Users/hyunholee/Documents/workspace/code/BamiLog/BamiLog/Resource/Asset.xcassets --compile /Users/hyunholee/Library/Developer/Xcode/DerivedData/BamiLog-cmowuaiuamzlxlgpvixsmogdajlm/Build/Intermediates.noindex/BamiLog.build/Debug-iphonesimulator/BamiLog.build/assetcatalog_output/thinned --output-format human-readable-text --notices --warnings --export-dependency-info /Users/hyunholee/Library/Developer/Xcode/DerivedData/BamiLog-cmowuaiuamzlxlgpvixsmogdajlm/Build/Intermediates.noindex/BamiLog.build/Debug-iphonesimulator/BamiLog.build/assetcatalog_dependencies_thinned --output-partial-info-plist /Users/hyunholee/Library/Developer/Xcode/DerivedData/BamiLog-cmowuaiuamzlxlgpvixsmogdajlm/Build/Intermediates.noindex/BamiLog.build/Debug-iphonesimulator/BamiLog.build/assetcatalog_generated_info.plist_thinned --app-icon AppIcon --alternate-app-icon Phase1 --alternate-app-icon Phase2 --alternate-app-icon Phase3 --accent-color AccentColor --compress-pngs --enable-on-demand-resources YES --filter-for-thinning-device-configuration iPhone17,1 --filter-for-device-os-version 18.0 --development-region en --target-device iphone --minimum-deployment-target 16.1 --platform iphonesimulator
/Users/hyunholee/Documents/workspace/code/BamiLog/BamiLog/View/Menu/StaticsView.swift:166:30: warning: 에러처리
                    #warning("에러처리")
objc[67205]: Class _NoAnimationDelegate is implemented in both /Library/Developer/CoreSimulator/Volumes/iOS_23A343/Library/Developer/CoreSimulator/Profiles/Runtimes/iOS 26.0.simruntime/Contents/Resources/RuntimeRoot/System/Library/Frameworks/SwiftUICore.framework/SwiftUICore (0x1416ac130) and /Library/Developer/CoreSimulator/Volumes/iOS_23A343/Library/Developer/CoreSimulator/Profiles/Runtimes/iOS 26.0.simruntime/Contents/Resources/RuntimeRoot/System/Library/PrivateFrameworks/UIKitCore.framework/UIKitCore (0x13e815198). This may cause spurious casting failures and mysterious crashes. One of the duplicates must be removed or renamed.
/* com.apple.actool.compilation-results */
/Users/hyunholee/Library/Developer/Xcode/DerivedData/BamiLog-cmowuaiuamzlxlgpvixsmogdajlm/Build/Intermediates.noindex/BamiLog.build/Debug-iphonesimulator/BamiLog.build/assetcatalog_generated_info.plist_thinned
/Users/hyunholee/Library/Developer/Xcode/DerivedData/BamiLog-cmowuaiuamzlxlgpvixsmogdajlm/Build/Intermediates.noindex/BamiLog.build/Debug-iphonesimulator/BamiLog.build/assetcatalog_output/thinned/AppIcon60x60@2x.png
/Users/hyunholee/Library/Developer/Xcode/DerivedData/BamiLog-cmowuaiuamzlxlgpvixsmogdajlm/Build/Intermediates.noindex/BamiLog.build/Debug-iphonesimulator/BamiLog.build/assetcatalog_output/thinned/AppIcon76x76@2x~ipad.png
/Users/hyunholee/Library/Developer/Xcode/DerivedData/BamiLog-cmowuaiuamzlxlgpvixsmogdajlm/Build/Intermediates.noindex/BamiLog.build/Debug-iphonesimulator/BamiLog.build/assetcatalog_output/thinned/Assets.car


SwiftDriver BamiLog normal arm64 com.apple.xcode.tools.swift.compiler (in target 'BamiLog' from project 'BamiLog')
    cd /Users/hyunholee/Documents/workspace/code/BamiLog
    builtin-SwiftDriver -- /Applications/Xcode.app/Contents/Developer/Toolchains/XcodeDefault.xctoolchain/usr/bin/swiftc -module-name BamiLog -Onone -enforce-exclusivity\=checked @/Users/hyunholee/Library/Developer/Xcode/DerivedData/BamiLog-cmowuaiuamzlxlgpvixsmogdajlm/Build/Intermediates.noindex/BamiLog.build/Debug-iphonesimulator/BamiLog.build/Objects-normal/arm64/BamiLog.SwiftFileList -DDEBUG -Xcc -fmodule-map-file\=/Users/hyunholee/Library/Developer/Xcode/DerivedData/BamiLog-cmowuaiuamzlxlgpvixsmogdajlm/Build/Intermediates.noindex/GeneratedModuleMaps-iphonesimulator/FirebaseAppDistribution.modulemap -Xcc -fmodule-map-file\=/Users/hyunholee/Library/Developer/Xcode/DerivedData/BamiLog-cmowuaiuamzlxlgpvixsmogdajlm/Build/Intermediates.noindex/GeneratedModuleMaps-iphonesimulator/FirebaseAppDistributionTarget.modulemap -Xcc -fmodule-map-file\=/Users/hyunholee/Library/Developer/Xcode/DerivedData/BamiLog-cmowuaiuamzlxlgpvixsmogdajlm/Build/Intermediates.noindex/GeneratedModuleMaps-iphonesimulator/GoogleAppMeasurementIdentitySupportTarget.modulemap -Xcc -fmodule-map-file\=/Users/hyunholee/Library/Developer/Xcode/DerivedData/BamiLog-cmowuaiuamzlxlgpvixsmogdajlm/Build/Intermediates.noindex/GeneratedModuleMaps-iphonesimulator/FirebaseAnalyticsIdentitySupportTarget.modulemap -Xcc -fmodule-map-file\=/Users/hyunholee/Library/Developer/Xcode/DerivedData/BamiLog-cmowuaiuamzlxlgpvixsmogdajlm/Build/Intermediates.noindex/GeneratedModuleMaps-iphonesimulator/FirebaseInAppMessagingInternal.modulemap -Xcc -fmodule-map-file\=/Users/hyunholee/Library/Developer/Xcode/DerivedData/BamiLog-cmowuaiuamzlxlgpvixsmogdajlm/Build/Intermediates.noindex/GeneratedModuleMaps-iphonesimulator/FirebaseInAppMessaging_iOS.modulemap -Xcc -fmodule-map-file\=/Users/hyunholee/Library/Developer/Xcode/DerivedData/BamiLog-cmowuaiuamzlxlgpvixsmogdajlm/Build/Intermediates.noindex/GeneratedModuleMaps-iphonesimulator/FirebaseInAppMessagingTarget.modulemap -Xcc -fmodule-map-file\=/Users/hyunholee/Library/Developer/Xcode/DerivedData/BamiLog-cmowuaiuamzlxlgpvixsmogdajlm/Build/Intermediates.noindex/GeneratedModuleMaps-iphonesimulator/FirebaseCrashlytics.modulemap -Xcc -fmodule-map-file\=/Users/hyunholee/Library/Developer/Xcode/DerivedData/BamiLog-cmowuaiuamzlxlgpvixsmogdajlm/Build/Intermediates.noindex/GeneratedModuleMaps-iphonesimulator/FirebaseDatabaseInternal.modulemap -Xcc -fmodule-map-file\=/Users/hyunholee/Library/Developer/Xcode/DerivedData/BamiLog-cmowuaiuamzlxlgpvixsmogdajlm/Build/Intermediates.noindex/GeneratedModuleMaps-iphonesimulator/GoogleAdsOnDeviceConversionTarget.modulemap -Xcc -fmodule-map-file\=/Users/hyunholee/Library/Developer/Xcode/DerivedData/BamiLog-cmowuaiuamzlxlgpvixsmogdajlm/Build/Intermediates.noindex/GeneratedModuleMaps-iphonesimulator/GoogleAppMeasurementTarget.modulemap -Xcc -fmodule-map-file\=/Users/hyunholee/Library/Developer/Xcode/DerivedData/BamiLog-cmowuaiuamzlxlgpvixsmogdajlm/Build/Intermediates.noindex/GeneratedModuleMaps-iphonesimulator/FirebaseAnalyticsWrapper.modulemap -Xcc -fmodule-map-file\=/Users/hyunholee/Library/Developer/Xcode/DerivedData/BamiLog-cmowuaiuamzlxlgpvixsmogdajlm/Build/Intermediates.noindex/GeneratedModuleMaps-iphonesimulator/FirebaseAnalyticsTarget.modulemap -Xcc -fmodule-map-file\=/Users/hyunholee/Library/Developer/Xcode/DerivedData/BamiLog-cmowuaiuamzlxlgpvixsmogdajlm/Build/Intermediates.noindex/GeneratedModuleMaps-iphonesimulator/FirebaseMessaging.modulemap -Xcc -fmodule-map-file\=/Users/hyunholee/Library/Developer/Xcode/DerivedData/BamiLog-cmowuaiuamzlxlgpvixsmogdajlm/Build/Intermediates.noindex/GeneratedModuleMaps-iphonesimulator/GoogleDataTransport.modulemap -Xcc -fmodule-map-file\=/Users/hyunholee/Library/Developer/Xcode/DerivedData/BamiLog-cmowuaiuamzlxlgpvixsmogdajlm/Build/Intermediates.noindex/GeneratedModuleMaps-iphonesimulator/FirebasePerformance.modulemap -Xcc -fmodule-map-file\=/Users/hyunholee/Library/Developer/Xcode/DerivedData/BamiLog-cmowuaiuamzlxlgpvixsmogdajlm/Build/Intermediates.noindex/GeneratedModuleMaps-iphonesimulator/FirebaseSessionsObjC.modulemap -Xcc -fmodule-map-file\=/Users/hyunholee/Library/Developer/Xcode/DerivedData/BamiLog-cmowuaiuamzlxlgpvixsmogdajlm/Build/Intermediates.noindex/GeneratedModuleMaps-iphonesimulator/FirebaseRemoteConfigInternal.modulemap -Xcc -fmodule-map-file\=/Users/hyunholee/Library/Developer/Xcode/DerivedData/BamiLog-cmowuaiuamzlxlgpvixsmogdajlm/Build/Intermediates.noindex/GeneratedModuleMaps-iphonesimulator/FirebaseABTesting.modulemap -Xcc -fmodule-map-file\=/Users/hyunholee/Library/Developer/Xcode/DerivedData/BamiLog-cmowuaiuamzlxlgpvixsmogdajlm/Build/Intermediates.noindex/GeneratedModuleMaps-iphonesimulator/FirebasePerformanceTarget.modulemap -Xcc -fmodule-map-file\=/Users/hyunholee/Library/Developer/Xcode/DerivedData/BamiLog-cmowuaiuamzlxlgpvixsmogdajlm/Build/Intermediates.noindex/GeneratedModuleMaps-iphonesimulator/AppCheckCore.modulemap -Xcc -fmodule-map-file\=/Users/hyunholee/Library/Developer/Xcode/DerivedData/BamiLog-cmowuaiuamzlxlgpvixsmogdajlm/Build/Intermediates.noindex/GeneratedModuleMaps-iphonesimulator/FirebaseAppCheck.modulemap -Xcc -fmodule-map-file\=/Users/hyunholee/Library/Developer/Xcode/DerivedData/BamiLog-cmowuaiuamzlxlgpvixsmogdajlm/Build/Intermediates.noindex/GeneratedModuleMaps-iphonesimulator/GoogleUtilities-UserDefaults.modulemap -Xcc -fmodule-map-file\=/Users/hyunholee/Library/Developer/Xcode/DerivedData/BamiLog-cmowuaiuamzlxlgpvixsmogdajlm/Build/Intermediates.noindex/GeneratedModuleMaps-iphonesimulator/GoogleAppMeasurementCoreTarget.modulemap -Xcc -fmodule-map-file\=/Users/hyunholee/Library/Developer/Xcode/DerivedData/BamiLog-cmowuaiuamzlxlgpvixsmogdajlm/Build/Intermediates.noindex/GeneratedModuleMaps-iphonesimulator/GoogleUtilities-MethodSwizzler.modulemap -Xcc -fmodule-map-file\=/Users/hyunholee/Library/Developer/Xcode/DerivedData/BamiLog-cmowuaiuamzlxlgpvixsmogdajlm/Build/Intermediates.noindex/GeneratedModuleMaps-iphonesimulator/FirebaseAnalyticsCoreWrapper.modulemap -Xcc -fmodule-map-file\=/Users/hyunholee/Library/Developer/Xcode/DerivedData/BamiLog-cmowuaiuamzlxlgpvixsmogdajlm/Build/Intermediates.noindex/GeneratedModuleMaps-iphonesimulator/FirebaseInstallations.modulemap -Xcc -fmodule-map-file\=/Users/hyunholee/Library/Developer/Xcode/DerivedData/BamiLog-cmowuaiuamzlxlgpvixsmogdajlm/Build/Intermediates.noindex/GeneratedModuleMaps-iphonesimulator/FirebaseAnalyticsCoreTarget.modulemap -Xcc -fmodule-map-file\=/Users/hyunholee/Library/Developer/Xcode/DerivedData/BamiLog-cmowuaiuamzlxlgpvixsmogdajlm/Build/Intermediates.noindex/GeneratedModuleMaps-iphonesimulator/FirebaseMessagingInterop.modulemap -Xcc -fmodule-map-file\=/Users/hyunholee/Library/Developer/Xcode/DerivedData/BamiLog-cmowuaiuamzlxlgpvixsmogdajlm/Build/Intermediates.noindex/GeneratedModuleMaps-iphonesimulator/RecaptchaInterop.modulemap -Xcc -fmodule-map-file\=/Users/hyunholee/Library/Developer/Xcode/DerivedData/BamiLog-cmowuaiuamzlxlgpvixsmogdajlm/Build/Intermediates.noindex/GeneratedModuleMaps-iphonesimulator/GoogleUtilities-Network.modulemap -Xcc -fmodule-map-file\=/Users/hyunholee/Library/Developer/Xcode/DerivedData/BamiLog-cmowuaiuamzlxlgpvixsmogdajlm/Build/Intermediates.noindex/GeneratedModuleMaps-iphonesimulator/GoogleUtilities-Reachability.modulemap -Xcc -fmodule-map-file\=/Users/hyunholee/Library/Developer/Xcode/DerivedData/BamiLog-cmowuaiuamzlxlgpvixsmogdajlm/Build/Intermediates.noindex/GeneratedModuleMaps-iphonesimulator/GoogleUtilities-AppDelegateSwizzler.modulemap -Xcc -fmodule-map-file\=/Users/hyunholee/Library/Developer/Xcode/DerivedData/BamiLog-cmowuaiuamzlxlgpvixsmogdajlm/Build/Intermediates.noindex/GeneratedModuleMaps-iphonesimulator/GTMSessionFetcherCore.modulemap -Xcc -fmodule-map-file\=/Users/hyunholee/Library/Developer/Xcode/DerivedData/BamiLog-cmowuaiuamzlxlgpvixsmogdajlm/Build/Intermediates.noindex/GeneratedModuleMaps-iphonesimulator/FirebaseAuthInternal.modulemap -Xcc -fmodule-map-file\=/Users/hyunholee/Library/Developer/Xcode/DerivedData/BamiLog-cmowuaiuamzlxlgpvixsmogdajlm/Build/Intermediates.noindex/GeneratedModuleMaps-iphonesimulator/FirebaseAuthInterop.modulemap -Xcc -fmodule-map-file\=/Users/hyunholee/Library/Developer/Xcode/DerivedData/BamiLog-cmowuaiuamzlxlgpvixsmogdajlm/Build/Intermediates.noindex/GeneratedModuleMaps-iphonesimulator/GoogleUtilities-NSData.modulemap -Xcc -fmodule-map-file\=/Users/hyunholee/Library/Developer/Xcode/DerivedData/BamiLog-cmowuaiuamzlxlgpvixsmogdajlm/Build/Intermediates.noindex/GeneratedModuleMaps-iphonesimulator/GoogleUtilities-Environment.modulemap -Xcc -fmodule-map-file\=/Users/hyunholee/Library/Developer/Xcode/DerivedData/BamiLog-cmowuaiuamzlxlgpvixsmogdajlm/Build/Intermediates.noindex/GeneratedModuleMaps-iphonesimulator/third-party-IsAppEncrypted.modulemap -Xcc -fmodule-map-file\=/Users/hyunholee/Library/Developer/Xcode/DerivedData/BamiLog-cmowuaiuamzlxlgpvixsmogdajlm/Build/Intermediates.noindex/GeneratedModuleMaps-iphonesimulator/GoogleUtilities-Logger.modulemap -Xcc -fmodule-map-file\=/Users/hyunholee/Library/Developer/Xcode/DerivedData/BamiLog-cmowuaiuamzlxlgpvixsmogdajlm/Build/Intermediates.noindex/GeneratedModuleMaps-iphonesimulator/abslWrapper.modulemap -Xcc -fmodule-map-file\=/Users/hyunholee/Library/Developer/Xcode/DerivedData/BamiLog-cmowuaiuamzlxlgpvixsmogdajlm/Build/Intermediates.noindex/GeneratedModuleMaps-iphonesimulator/opensslWrapper.modulemap -Xcc -fmodule-map-file\=/Users/hyunholee/Library/Developer/Xcode/DerivedData/BamiLog-cmowuaiuamzlxlgpvixsmogdajlm/Build/Intermediates.noindex/GeneratedModuleMaps-iphonesimulator/grpcWrapper.modulemap -Xcc -fmodule-map-file\=/Users/hyunholee/Library/Developer/Xcode/DerivedData/BamiLog-cmowuaiuamzlxlgpvixsmogdajlm/Build/Intermediates.noindex/GeneratedModuleMaps-iphonesimulator/grpcppWrapper.modulemap -Xcc -fmodule-map-file\=/Users/hyunholee/Library/Developer/Xcode/DerivedData/BamiLog-cmowuaiuamzlxlgpvixsmogdajlm/Build/Intermediates.noindex/GeneratedModuleMaps-iphonesimulator/nanopb.modulemap -Xcc -fmodule-map-file\=/Users/hyunholee/Library/Developer/Xcode/DerivedData/BamiLog-cmowuaiuamzlxlgpvixsmogdajlm/Build/Intermediates.noindex/GeneratedModuleMaps-iphonesimulator/leveldb.modulemap -Xcc -fmodule-map-file\=/Users/hyunholee/Library/Developer/Xcode/DerivedData/BamiLog-cmowuaiuamzlxlgpvixsmogdajlm/Build/Intermediates.noindex/GeneratedModuleMaps-iphonesimulator/FirebaseFirestoreTarget.modulemap -Xcc -fmodule-map-file\=/Users/hyunholee/Library/Developer/Xcode/DerivedData/BamiLog-cmowuaiuamzlxlgpvixsmogdajlm/Build/Intermediates.noindex/GeneratedModuleMaps-iphonesimulator/FirebaseCoreExtension.modulemap -Xcc -fmodule-map-file\=/Users/hyunholee/Library/Developer/Xcode/DerivedData/BamiLog-cmowuaiuamzlxlgpvixsmogdajlm/Build/Intermediates.noindex/GeneratedModuleMaps-iphonesimulator/FirebaseCore.modulemap -Xcc -fmodule-map-file\=/Users/hyunholee/Library/Developer/Xcode/DerivedData/BamiLog-cmowuaiuamzlxlgpvixsmogdajlm/Build/Intermediates.noindex/GeneratedModuleMaps-iphonesimulator/FirebaseAppCheckInterop.modulemap -Xcc -fmodule-map-file\=/Users/hyunholee/Library/Developer/Xcode/DerivedData/BamiLog-cmowuaiuamzlxlgpvixsmogdajlm/Build/Intermediates.noindex/GeneratedModuleMaps-iphonesimulator/FirebaseFirestoreInternalWrapper.modulemap -enable-bare-slash-regex -enable-experimental-feature DebugDescriptionMacro -sdk /Applications/Xcode.app/Contents/Developer/Platforms/iPhoneSimulator.platform/Developer/SDKs/iPhoneSimulator26.0.sdk -target arm64-apple-ios16.1-simulator -g -module-cache-path /Users/hyunholee/Library/Developer/Xcode/DerivedData/ModuleCache.noindex -Xfrontend -serialize-debugging-options -enable-testing -index-store-path /Users/hyunholee/Library/Developer/Xcode/DerivedData/BamiLog-cmowuaiuamzlxlgpvixsmogdajlm/Index.noindex/DataStore -Xcc -D_LIBCPP_HARDENING_MODE\=_LIBCPP_HARDENING_MODE_DEBUG -swift-version 5 -I /Users/hyunholee/Library/Developer/Xcode/DerivedData/BamiLog-cmowuaiuamzlxlgpvixsmogdajlm/Build/Products/Debug-iphonesimulator -F /Users/hyunholee/Library/Developer/Xcode/DerivedData/BamiLog-cmowuaiuamzlxlgpvixsmogdajlm/Build/Products/Debug-iphonesimulator/PackageFrameworks -F /Users/hyunholee/Library/Developer/Xcode/DerivedData/BamiLog-cmowuaiuamzlxlgpvixsmogdajlm/Build/Products/Debug-iphonesimulator/PackageFrameworks -F /Users/hyunholee/Library/Developer/Xcode/DerivedData/BamiLog-cmowuaiuamzlxlgpvixsmogdajlm/Build/Products/Debug-iphonesimulator/PackageFrameworks -F /Users/hyunholee/Library/Developer/Xcode/DerivedData/BamiLog-cmowuaiuamzlxlgpvixsmogdajlm/Build/Products/Debug-iphonesimulator/PackageFrameworks -F /Users/hyunholee/Library/Developer/Xcode/DerivedData/BamiLog-cmowuaiuamzlxlgpvixsmogdajlm/Build/Products/Debug-iphonesimulator/PackageFrameworks -F /Users/hyunholee/Library/Developer/Xcode/DerivedData/BamiLog-cmowuaiuamzlxlgpvixsmogdajlm/Build/Products/Debug-iphonesimulator/PackageFrameworks -F /Users/hyunholee/Library/Developer/Xcode/DerivedData/BamiLog-cmowuaiuamzlxlgpvixsmogdajlm/Build/Products/Debug-iphonesimulator/PackageFrameworks -F /Users/hyunholee/Library/Developer/Xcode/DerivedData/BamiLog-cmowuaiuamzlxlgpvixsmogdajlm/Build/Products/Debug-iphonesimulator/PackageFrameworks -F /Users/hyunholee/Library/Developer/Xcode/DerivedData/BamiLog-cmowuaiuamzlxlgpvixsmogdajlm/Build/Products/Debug-iphonesimulator/PackageFrameworks -F /Users/hyunholee/Library/Developer/Xcode/DerivedData/BamiLog-cmowuaiuamzlxlgpvixsmogdajlm/Build/Products/Debug-iphonesimulator/PackageFrameworks -F /Users/hyunholee/Library/Developer/Xcode/DerivedData/BamiLog-cmowuaiuamzlxlgpvixsmogdajlm/Build/Products/Debug-iphonesimulator/PackageFrameworks -F /Users/hyunholee/Library/Developer/Xcode/DerivedData/BamiLog-cmowuaiuamzlxlgpvixsmogdajlm/Build/Products/Debug-iphonesimulator/PackageFrameworks -F /Users/hyunholee/Library/Developer/Xcode/DerivedData/BamiLog-cmowuaiuamzlxlgpvixsmogdajlm/Build/Products/Debug-iphonesimulator/PackageFrameworks -F /Users/hyunholee/Library/Developer/Xcode/DerivedData/BamiLog-cmowuaiuamzlxlgpvixsmogdajlm/Build/Products/Debug-iphonesimulator/PackageFrameworks -F /Users/hyunholee/Library/Developer/Xcode/DerivedData/BamiLog-cmowuaiuamzlxlgpvixsmogdajlm/Build/Products/Debug-iphonesimulator/PackageFrameworks -F /Users/hyunholee/Library/Developer/Xcode/DerivedData/BamiLog-cmowuaiuamzlxlgpvixsmogdajlm/Build/Products/Debug-iphonesimulator/PackageFrameworks -F /Users/hyunholee/Library/Developer/Xcode/DerivedData/BamiLog-cmowuaiuamzlxlgpvixsmogdajlm/Build/Products/Debug-iphonesimulator/PackageFrameworks -F /Users/hyunholee/Library/Developer/Xcode/DerivedData/BamiLog-cmowuaiuamzlxlgpvixsmogdajlm/Build/Products/Debug-iphonesimulator/PackageFrameworks -F /Users/hyunholee/Library/Developer/Xcode/DerivedData/BamiLog-cmowuaiuamzlxlgpvixsmogdajlm/Build/Products/Debug-iphonesimulator/PackageFrameworks -F /Users/hyunholee/Library/Developer/Xcode/DerivedData/BamiLog-cmowuaiuamzlxlgpvixsmogdajlm/Build/Products/Debug-iphonesimulator/PackageFrameworks -F /Users/hyunholee/Library/Developer/Xcode/DerivedData/BamiLog-cmowuaiuamzlxlgpvixsmogdajlm/Build/Products/Debug-iphonesimulator/PackageFrameworks -F /Users/hyunholee/Library/Developer/Xcode/DerivedData/BamiLog-cmowuaiuamzlxlgpvixsmogdajlm/Build/Products/Debug-iphonesimulator/PackageFrameworks -F /Users/hyunholee/Library/Developer/Xcode/DerivedData/BamiLog-cmowuaiuamzlxlgpvixsmogdajlm/Build/Products/Debug-iphonesimulator/PackageFrameworks -F /Users/hyunholee/Library/Developer/Xcode/DerivedData/BamiLog-cmowuaiuamzlxlgpvixsmogdajlm/Build/Products/Debug-iphonesimulator/PackageFrameworks -F /Users/hyunholee/Library/Developer/Xcode/DerivedData/BamiLog-cmowuaiuamzlxlgpvixsmogdajlm/Build/Products/Debug-iphonesimulator/PackageFrameworks -F /Users/hyunholee/Library/Developer/Xcode/DerivedData/BamiLog-cmowuaiuamzlxlgpvixsmogdajlm/Build/Products/Debug-iphonesimulator/PackageFrameworks -F /Users/hyunholee/Library/Developer/Xcode/DerivedData/BamiLog-cmowuaiuamzlxlgpvixsmogdajlm/Build/Products/Debug-iphonesimulator/PackageFrameworks -F /Users/hyunholee/Library/Developer/Xcode/DerivedData/BamiLog-cmowuaiuamzlxlgpvixsmogdajlm/Build/Products/Debug-iphonesimulator/PackageFrameworks -F /Users/hyunholee/Library/Developer/Xcode/DerivedData/BamiLog-cmowuaiuamzlxlgpvixsmogdajlm/Build/Products/Debug-iphonesimulator/PackageFrameworks -F /Users/hyunholee/Library/Developer/Xcode/DerivedData/BamiLog-cmowuaiuamzlxlgpvixsmogdajlm/Build/Products/Debug-iphonesimulator/PackageFrameworks -F /Users/hyunholee/Library/Developer/Xcode/DerivedData/BamiLog-cmowuaiuamzlxlgpvixsmogdajlm/Build/Products/Debug-iphonesimulator/PackageFrameworks -F /Users/hyunholee/Library/Developer/Xcode/DerivedData/BamiLog-cmowuaiuamzlxlgpvixsmogdajlm/Build/Products/Debug-iphonesimulator/PackageFrameworks -F /Users/hyunholee/Library/Developer/Xcode/DerivedData/BamiLog-cmowuaiuamzlxlgpvixsmogdajlm/Build/Products/Debug-iphonesimulator/PackageFrameworks -F /Users/hyunholee/Library/Developer/Xcode/DerivedData/BamiLog-cmowuaiuamzlxlgpvixsmogdajlm/Build/Products/Debug-iphonesimulator/PackageFrameworks -F /Users/hyunholee/Library/Developer/Xcode/DerivedData/BamiLog-cmowuaiuamzlxlgpvixsmogdajlm/Build/Products/Debug-iphonesimulator/PackageFrameworks -F /Users/hyunholee/Library/Developer/Xcode/DerivedData/BamiLog-cmowuaiuamzlxlgpvixsmogdajlm/Build/Products/Debug-iphonesimulator/PackageFrameworks -F /Users/hyunholee/Library/Developer/Xcode/DerivedData/BamiLog-cmowuaiuamzlxlgpvixsmogdajlm/Build/Products/Debug-iphonesimulator/PackageFrameworks -F /Users/hyunholee/Library/Developer/Xcode/DerivedData/BamiLog-cmowuaiuamzlxlgpvixsmogdajlm/Build/Products/Debug-iphonesimulator/PackageFrameworks -F /Users/hyunholee/Library/Developer/Xcode/DerivedData/BamiLog-cmowuaiuamzlxlgpvixsmogdajlm/Build/Products/Debug-iphonesimulator/PackageFrameworks -F /Users/hyunholee/Library/Developer/Xcode/DerivedData/BamiLog-cmowuaiuamzlxlgpvixsmogdajlm/Build/Products/Debug-iphonesimulator/PackageFrameworks -F /Users/hyunholee/Library/Developer/Xcode/DerivedData/BamiLog-cmowuaiuamzlxlgpvixsmogdajlm/Build/Products/Debug-iphonesimulator/PackageFrameworks -F /Users/hyunholee/Library/Developer/Xcode/DerivedData/BamiLog-cmowuaiuamzlxlgpvixsmogdajlm/Build/Products/Debug-iphonesimulator/PackageFrameworks -F /Users/hyunholee/Library/Developer/Xcode/DerivedData/BamiLog-cmowuaiuamzlxlgpvixsmogdajlm/Build/Products/Debug-iphonesimulator/PackageFrameworks -F /Users/hyunholee/Library/Developer/Xcode/DerivedData/BamiLog-cmowuaiuamzlxlgpvixsmogdajlm/Build/Products/Debug-iphonesimulator/PackageFrameworks -F /Users/hyunholee/Library/Developer/Xcode/DerivedData/BamiLog-cmowuaiuamzlxlgpvixsmogdajlm/Build/Products/Debug-iphonesimulator/PackageFrameworks -F /Users/hyunholee/Library/Developer/Xcode/DerivedData/BamiLog-cmowuaiuamzlxlgpvixsmogdajlm/Build/Products/Debug-iphonesimulator/PackageFrameworks -F /Users/hyunholee/Library/Developer/Xcode/DerivedData/BamiLog-cmowuaiuamzlxlgpvixsmogdajlm/Build/Products/Debug-iphonesimulator/PackageFrameworks -F /Users/hyunholee/Library/Developer/Xcode/DerivedData/BamiLog-cmowuaiuamzlxlgpvixsmogdajlm/Build/Products/Debug-iphonesimulator/PackageFrameworks -F /Users/hyunholee/Library/Developer/Xcode/DerivedData/BamiLog-cmowuaiuamzlxlgpvixsmogdajlm/Build/Products/Debug-iphonesimulator/PackageFrameworks -F /Users/hyunholee/Library/Developer/Xcode/DerivedData/BamiLog-cmowuaiuamzlxlgpvixsmogdajlm/Build/Products/Debug-iphonesimulator/PackageFrameworks -F /Users/hyunholee/Library/Developer/Xcode/DerivedData/BamiLog-cmowuaiuamzlxlgpvixsmogdajlm/Build/Products/Debug-iphonesimulator/PackageFrameworks -F /Users/hyunholee/Library/Developer/Xcode/DerivedData/BamiLog-cmowuaiuamzlxlgpvixsmogdajlm/Build/Products/Debug-iphonesimulator/PackageFrameworks -F /Users/hyunholee/Library/Developer/Xcode/DerivedData/BamiLog-cmowuaiuamzlxlgpvixsmogdajlm/Build/Products/Debug-iphonesimulator/PackageFrameworks -F /Users/hyunholee/Library/Developer/Xcode/DerivedData/BamiLog-cmowuaiuamzlxlgpvixsmogdajlm/Build/Products/Debug-iphonesimulator/PackageFrameworks -F /Users/hyunholee/Library/Developer/Xcode/DerivedData/BamiLog-cmowuaiuamzlxlgpvixsmogdajlm/Build/Products/Debug-iphonesimulator/PackageFrameworks -F /Users/hyunholee/Library/Developer/Xcode/DerivedData/BamiLog-cmowuaiuamzlxlgpvixsmogdajlm/Build/Products/Debug-iphonesimulator/PackageFrameworks -F /Users/hyunholee/Library/Developer/Xcode/DerivedData/BamiLog-cmowuaiuamzlxlgpvixsmogdajlm/Build/Products/Debug-iphonesimulator/PackageFrameworks -F /Users/hyunholee/Library/Developer/Xcode/DerivedData/BamiLog-cmowuaiuamzlxlgpvixsmogdajlm/Build/Products/Debug-iphonesimulator/PackageFrameworks -F /Users/hyunholee/Library/Developer/Xcode/DerivedData/BamiLog-cmowuaiuamzlxlgpvixsmogdajlm/Build/Products/Debug-iphonesimulator/PackageFrameworks -F /Users/hyunholee/Library/Developer/Xcode/DerivedData/BamiLog-cmowuaiuamzlxlgpvixsmogdajlm/Build/Products/Debug-iphonesimulator/PackageFrameworks -F /Users/hyunholee/Library/Developer/Xcode/DerivedData/BamiLog-cmowuaiuamzlxlgpvixsmogdajlm/Build/Products/Debug-iphonesimulator/PackageFrameworks -F /Users/hyunholee/Library/Developer/Xcode/DerivedData/BamiLog-cmowuaiuamzlxlgpvixsmogdajlm/Build/Products/Debug-iphonesimulator/PackageFrameworks -F /Users/hyunholee/Library/Developer/Xcode/DerivedData/BamiLog-cmowuaiuamzlxlgpvixsmogdajlm/Build/Products/Debug-iphonesimulator/PackageFrameworks -F /Users/hyunholee/Library/Developer/Xcode/DerivedData/BamiLog-cmowuaiuamzlxlgpvixsmogdajlm/Build/Products/Debug-iphonesimulator/PackageFrameworks -F /Users/hyunholee/Library/Developer/Xcode/DerivedData/BamiLog-cmowuaiuamzlxlgpvixsmogdajlm/Build/Products/Debug-iphonesimulator/PackageFrameworks -F /Users/hyunholee/Library/Developer/Xcode/DerivedData/BamiLog-cmowuaiuamzlxlgpvixsmogdajlm/Build/Products/Debug-iphonesimulator/PackageFrameworks -F /Users/hyunholee/Library/Developer/Xcode/DerivedData/BamiLog-cmowuaiuamzlxlgpvixsmogdajlm/Build/Products/Debug-iphonesimulator/PackageFrameworks -F /Users/hyunholee/Library/Developer/Xcode/DerivedData/BamiLog-cmowuaiuamzlxlgpvixsmogdajlm/Build/Products/Debug-iphonesimulator/PackageFrameworks -F /Users/hyunholee/Library/Developer/Xcode/DerivedData/BamiLog-cmowuaiuamzlxlgpvixsmogdajlm/Build/Products/Debug-iphonesimulator/PackageFrameworks -F /Users/hyunholee/Library/Developer/Xcode/DerivedData/BamiLog-cmowuaiuamzlxlgpvixsmogdajlm/Build/Products/Debug-iphonesimulator/PackageFrameworks -F /Users/hyunholee/Library/Developer/Xcode/DerivedData/BamiLog-cmowuaiuamzlxlgpvixsmogdajlm/Build/Products/Debug-iphonesimulator/PackageFrameworks -F /Users/hyunholee/Library/Developer/Xcode/DerivedData/BamiLog-cmowuaiuamzlxlgpvixsmogdajlm/Build/Products/Debug-iphonesimulator/PackageFrameworks -F /Users/hyunholee/Library/Developer/Xcode/DerivedData/BamiLog-cmowuaiuamzlxlgpvixsmogdajlm/Build/Products/Debug-iphonesimulator/PackageFrameworks -F /Users/hyunholee/Library/Developer/Xcode/DerivedData/BamiLog-cmowuaiuamzlxlgpvixsmogdajlm/Build/Products/Debug-iphonesimulator/PackageFrameworks -F /Users/hyunholee/Library/Developer/Xcode/DerivedData/BamiLog-cmowuaiuamzlxlgpvixsmogdajlm/Build/Products/Debug-iphonesimulator -emit-localized-strings -emit-localized-strings-path /Users/hyunholee/Library/Developer/Xcode/DerivedData/BamiLog-cmowuaiuamzlxlgpvixsmogdajlm/Build/Intermediates.noindex/BamiLog.build/Debug-iphonesimulator/BamiLog.build/Objects-normal/arm64 -c -j8 -enable-batch-mode -incremental -Xcc -ivfsstatcache -Xcc /Users/hyunholee/Library/Developer/Xcode/DerivedData/SDKStatCaches.noindex/iphonesimulator26.0-23A339-26257891a6c027eb51374368541b8346.sdkstatcache -output-file-map /Users/hyunholee/Library/Developer/Xcode/DerivedData/BamiLog-cmowuaiuamzlxlgpvixsmogdajlm/Build/Intermediates.noindex/BamiLog.build/Debug-iphonesimulator/BamiLog.build/Objects-normal/arm64/BamiLog-OutputFileMap.json -use-frontend-parseable-output -save-temps -no-color-diagnostics -explicit-module-build -module-cache-path /Users/hyunholee/Library/Developer/Xcode/DerivedData/BamiLog-cmowuaiuamzlxlgpvixsmogdajlm/Build/Intermediates.noindex/SwiftExplicitPrecompiledModules -clang-scanner-module-cache-path /Users/hyunholee/Library/Developer/Xcode/DerivedData/ModuleCache.noindex -sdk-module-cache-path /Users/hyunholee/Library/Developer/Xcode/DerivedData/ModuleCache.noindex -serialize-diagnostics -emit-dependencies -emit-module -emit-module-path /Users/hyunholee/Library/Developer/Xcode/DerivedData/BamiLog-cmowuaiuamzlxlgpvixsmogdajlm/Build/Intermediates.noindex/BamiLog.build/Debug-iphonesimulator/BamiLog.build/Objects-normal/arm64/BamiLog.swiftmodule -validate-clang-modules-once -clang-build-session-file /Users/hyunholee/Library/Developer/Xcode/DerivedData/ModuleCache.noindex/Session.modulevalidation -Xcc -I/Users/hyunholee/Library/Developer/Xcode/DerivedData/BamiLog-cmowuaiuamzlxlgpvixsmogdajlm/Build/Intermediates.noindex/BamiLog.build/Debug-iphonesimulator/BamiLog.build/swift-overrides.hmap -emit-const-values -Xfrontend -const-gather-protocols-file -Xfrontend /Users/hyunholee/Library/Developer/Xcode/DerivedData/BamiLog-cmowuaiuamzlxlgpvixsmogdajlm/Build/Intermediates.noindex/BamiLog.build/Debug-iphonesimulator/BamiLog.build/Objects-normal/arm64/BamiLog_const_extract_protocols.json -Xcc -iquote -Xcc /Users/hyunholee/Library/Developer/Xcode/DerivedData/BamiLog-cmowuaiuamzlxlgpvixsmogdajlm/Build/Intermediates.noindex/BamiLog.build/Debug-iphonesimulator/BamiLog.build/BamiLog-generated-files.hmap -Xcc -I/Users/hyunholee/Library/Developer/Xcode/DerivedData/BamiLog-cmowuaiuamzlxlgpvixsmogdajlm/Build/Intermediates.noindex/BamiLog.build/Debug-iphonesimulator/BamiLog.build/BamiLog-own-target-headers.hmap -Xcc -I/Users/hyunholee/Library/Developer/Xcode/DerivedData/BamiLog-cmowuaiuamzlxlgpvixsmogdajlm/Build/Intermediates.noindex/BamiLog.build/Debug-iphonesimulator/BamiLog.build/BamiLog-all-non-framework-target-headers.hmap -Xcc -ivfsoverlay -Xcc /Users/hyunholee/Library/Developer/Xcode/DerivedData/BamiLog-cmowuaiuamzlxlgpvixsmogdajlm/Build/Intermediates.noindex/BamiLog.build/Debug-iphonesimulator/BamiLog-62de39598bf3bdc4ad8855ddb0f0875e-VFS-iphonesimulator/all-product-headers.yaml -Xcc -iquote -Xcc /Users/hyunholee/Library/Developer/Xcode/DerivedData/BamiLog-cmowuaiuamzlxlgpvixsmogdajlm/Build/Intermediates.noindex/BamiLog.build/Debug-iphonesimulator/BamiLog.build/BamiLog-project-headers.hmap -Xcc -I/Users/hyunholee/Library/Developer/Xcode/DerivedData/BamiLog-cmowuaiuamzlxlgpvixsmogdajlm/SourcePackages/checkouts/firebase-ios-sdk/FirebaseAppDistribution/Sources/Public -Xcc -I/Users/hyunholee/Library/Developer/Xcode/DerivedData/BamiLog-cmowuaiuamzlxlgpvixsmogdajlm/SourcePackages/checkouts/firebase-ios-sdk/SwiftPM-PlatformExclude/FirebaseAppDistributionWrap/include -Xcc -I/Users/hyunholee/Library/Developer/Xcode/DerivedData/BamiLog-cmowuaiuamzlxlgpvixsmogdajlm/SourcePackages/checkouts/GoogleAppMeasurement/GoogleAppMeasurementIdentitySupportWrapper/include -Xcc -I/Users/hyunholee/Library/Developer/Xcode/DerivedData/BamiLog-cmowuaiuamzlxlgpvixsmogdajlm/SourcePackages/checkouts/firebase-ios-sdk/FirebaseAnalyticsIdentitySupportWrapper/include -Xcc -I/Users/hyunholee/Library/Developer/Xcode/DerivedData/BamiLog-cmowuaiuamzlxlgpvixsmogdajlm/SourcePackages/checkouts/firebase-ios-sdk/FirebaseInAppMessaging/Sources/Public -Xcc -I/Users/hyunholee/Library/Developer/Xcode/DerivedData/BamiLog-cmowuaiuamzlxlgpvixsmogdajlm/SourcePackages/checkouts/firebase-ios-sdk/FirebaseInAppMessaging/iOS/include -Xcc -I/Users/hyunholee/Library/Developer/Xcode/DerivedData/BamiLog-cmowuaiuamzlxlgpvixsmogdajlm/SourcePackages/checkouts/firebase-ios-sdk/SwiftPM-PlatformExclude/FirebaseInAppMessagingWrap/include -Xcc -I/Users/hyunholee/Library/Developer/Xcode/DerivedData/BamiLog-cmowuaiuamzlxlgpvixsmogdajlm/SourcePackages/checkouts/firebase-ios-sdk/Crashlytics/Crashlytics/Public -Xcc -I/Users/hyunholee/Library/Developer/Xcode/DerivedData/BamiLog-cmowuaiuamzlxlgpvixsmogdajlm/SourcePackages/checkouts/firebase-ios-sdk/FirebaseDatabase/Sources/Public -Xcc -I/Users/hyunholee/Library/Developer/Xcode/DerivedData/BamiLog-cmowuaiuamzlxlgpvixsmogdajlm/SourcePackages/checkouts/google-ads-on-device-conversion-ios-sdk/GoogleAdsOnDeviceConversionWrapper/include -Xcc -I/Users/hyunholee/Library/Developer/Xcode/DerivedData/BamiLog-cmowuaiuamzlxlgpvixsmogdajlm/SourcePackages/checkouts/GoogleAppMeasurement/GoogleAppMeasurementWrapper/include -Xcc -I/Users/hyunholee/Library/Developer/Xcode/DerivedData/BamiLog-cmowuaiuamzlxlgpvixsmogdajlm/SourcePackages/checkouts/firebase-ios-sdk/FirebaseAnalyticsWrapper/include -Xcc -I/Users/hyunholee/Library/Developer/Xcode/DerivedData/BamiLog-cmowuaiuamzlxlgpvixsmogdajlm/SourcePackages/checkouts/firebase-ios-sdk/SwiftPM-PlatformExclude/FirebaseAnalyticsWrap/include -Xcc -I/Users/hyunholee/Library/Developer/Xcode/DerivedData/BamiLog-cmowuaiuamzlxlgpvixsmogdajlm/SourcePackages/checkouts/firebase-ios-sdk/FirebaseMessaging/Sources/Public -Xcc -I/Users/hyunholee/Library/Developer/Xcode/DerivedData/BamiLog-cmowuaiuamzlxlgpvixsmogdajlm/SourcePackages/checkouts/GoogleDataTransport/GoogleDataTransport/GDTCORLibrary/Public -Xcc -I/Users/hyunholee/Library/Developer/Xcode/DerivedData/BamiLog-cmowuaiuamzlxlgpvixsmogdajlm/SourcePackages/checkouts/firebase-ios-sdk/FirebasePerformance/Sources/Public -Xcc -I/Users/hyunholee/Library/Developer/Xcode/DerivedData/BamiLog-cmowuaiuamzlxlgpvixsmogdajlm/SourcePackages/checkouts/firebase-ios-sdk/FirebaseSessions/SourcesObjC -Xcc -I/Users/hyunholee/Library/Developer/Xcode/DerivedData/BamiLog-cmowuaiuamzlxlgpvixsmogdajlm/SourcePackages/checkouts/firebase-ios-sdk/FirebaseRemoteConfig/Sources/Public -Xcc -I/Users/hyunholee/Library/Developer/Xcode/DerivedData/BamiLog-cmowuaiuamzlxlgpvixsmogdajlm/SourcePackages/checkouts/firebase-ios-sdk/FirebaseABTesting/Sources/Public -Xcc -I/Users/hyunholee/Library/Developer/Xcode/DerivedData/BamiLog-cmowuaiuamzlxlgpvixsmogdajlm/SourcePackages/checkouts/firebase-ios-sdk/SwiftPM-PlatformExclude/FirebasePerformanceWrap/include -Xcc -I/Users/hyunholee/Library/Developer/Xcode/DerivedData/BamiLog-cmowuaiuamzlxlgpvixsmogdajlm/SourcePackages/checkouts/app-check/AppCheckCore/Sources/Public -Xcc -I/Users/hyunholee/Library/Developer/Xcode/DerivedData/BamiLog-cmowuaiuamzlxlgpvixsmogdajlm/SourcePackages/checkouts/firebase-ios-sdk/FirebaseAppCheck/Sources/Public -Xcc -I/Users/hyunholee/Library/Developer/Xcode/DerivedData/BamiLog-cmowuaiuamzlxlgpvixsmogdajlm/SourcePackages/checkouts/promises/Sources/FBLPromises/include -Xcc -I/Users/hyunholee/Library/Developer/Xcode/DerivedData/BamiLog-cmowuaiuamzlxlgpvixsmogdajlm/SourcePackages/checkouts/GoogleUtilities/GoogleUtilities/UserDefaults/Public -Xcc -I/Users/hyunholee/Library/Developer/Xcode/DerivedData/BamiLog-cmowuaiuamzlxlgpvixsmogdajlm/SourcePackages/checkouts/GoogleAppMeasurement/GoogleAppMeasurementCoreWrapper/include -Xcc -I/Users/hyunholee/Library/Developer/Xcode/DerivedData/BamiLog-cmowuaiuamzlxlgpvixsmogdajlm/SourcePackages/checkouts/GoogleUtilities/GoogleUtilities/MethodSwizzler/Public -Xcc -I/Users/hyunholee/Library/Developer/Xcode/DerivedData/BamiLog-cmowuaiuamzlxlgpvixsmogdajlm/SourcePackages/checkouts/firebase-ios-sdk/FirebaseAnalyticsCoreWrapper/include -Xcc -I/Users/hyunholee/Library/Developer/Xcode/DerivedData/BamiLog-cmowuaiuamzlxlgpvixsmogdajlm/SourcePackages/checkouts/firebase-ios-sdk/FirebaseInstallations/Source/Library/Public -Xcc -I/Users/hyunholee/Library/Developer/Xcode/DerivedData/BamiLog-cmowuaiuamzlxlgpvixsmogdajlm/SourcePackages/checkouts/firebase-ios-sdk/SwiftPM-PlatformExclude/FirebaseAnalyticsCoreWrap/include -Xcc -I/Users/hyunholee/Library/Developer/Xcode/DerivedData/BamiLog-cmowuaiuamzlxlgpvixsmogdajlm/SourcePackages/checkouts/firebase-ios-sdk/FirebaseMessaging/Interop -Xcc -I/Users/hyunholee/Library/Developer/Xcode/DerivedData/BamiLog-cmowuaiuamzlxlgpvixsmogdajlm/SourcePackages/checkouts/interop-ios-for-google-sdks/RecaptchaEnterprise/RecaptchaInterop/Public -Xcc -I/Users/hyunholee/Library/Developer/Xcode/DerivedData/BamiLog-cmowuaiuamzlxlgpvixsmogdajlm/SourcePackages/checkouts/GoogleUtilities/GoogleUtilities/Network/Public -Xcc -I/Users/hyunholee/Library/Developer/Xcode/DerivedData/BamiLog-cmowuaiuamzlxlgpvixsmogdajlm/SourcePackages/checkouts/GoogleUtilities/GoogleUtilities/Reachability/Public -Xcc -I/Users/hyunholee/Library/Developer/Xcode/DerivedData/BamiLog-cmowuaiuamzlxlgpvixsmogdajlm/SourcePackages/checkouts/GoogleUtilities/GoogleUtilities/AppDelegateSwizzler/Public -Xcc -I/Users/hyunholee/Library/Developer/Xcode/DerivedData/BamiLog-cmowuaiuamzlxlgpvixsmogdajlm/SourcePackages/checkouts/gtm-session-fetcher/Sources/Core/Public -Xcc -I/Users/hyunholee/Library/Developer/Xcode/DerivedData/BamiLog-cmowuaiuamzlxlgpvixsmogdajlm/SourcePackages/checkouts/firebase-ios-sdk/FirebaseAuth/Sources/Public -Xcc -I/Users/hyunholee/Library/Developer/Xcode/DerivedData/BamiLog-cmowuaiuamzlxlgpvixsmogdajlm/SourcePackages/checkouts/firebase-ios-sdk/FirebaseAuth/Interop/Public -Xcc -I/Users/hyunholee/Library/Developer/Xcode/DerivedData/BamiLog-cmowuaiuamzlxlgpvixsmogdajlm/SourcePackages/checkouts/GoogleUtilities/GoogleUtilities/NSData+zlib/Public -Xcc -I/Users/hyunholee/Library/Developer/Xcode/DerivedData/BamiLog-cmowuaiuamzlxlgpvixsmogdajlm/SourcePackages/checkouts/GoogleUtilities/GoogleUtilities/Environment/Public -Xcc -I/Users/hyunholee/Library/Developer/Xcode/DerivedData/BamiLog-cmowuaiuamzlxlgpvixsmogdajlm/SourcePackages/checkouts/GoogleUtilities/third_party/IsAppEncrypted/Public -Xcc -I/Users/hyunholee/Library/Developer/Xcode/DerivedData/BamiLog-cmowuaiuamzlxlgpvixsmogdajlm/SourcePackages/checkouts/GoogleUtilities/GoogleUtilities/Logger/Public -Xcc -I/Users/hyunholee/Library/Developer/Xcode/DerivedData/BamiLog-cmowuaiuamzlxlgpvixsmogdajlm/SourcePackages/checkouts/abseil-cpp-binary/absl-Wrapper/include -Xcc -I/Users/hyunholee/Library/Developer/Xcode/DerivedData/BamiLog-cmowuaiuamzlxlgpvixsmogdajlm/SourcePackages/checkouts/grpc-binary/openssl-grpc-Wrapper/include -Xcc -I/Users/hyunholee/Library/Developer/Xcode/DerivedData/BamiLog-cmowuaiuamzlxlgpvixsmogdajlm/SourcePackages/checkouts/grpc-binary/grpc-Wrapper/include -Xcc -I/Users/hyunholee/Library/Developer/Xcode/DerivedData/BamiLog-cmowuaiuamzlxlgpvixsmogdajlm/SourcePackages/checkouts/grpc-binary/grpcpp-Wrapper/include -Xcc -I/Users/hyunholee/Library/Developer/Xcode/DerivedData/BamiLog-cmowuaiuamzlxlgpvixsmogdajlm/SourcePackages/checkouts/nanopb/spm_headers -Xcc -I/Users/hyunholee/Library/Developer/Xcode/DerivedData/BamiLog-cmowuaiuamzlxlgpvixsmogdajlm/SourcePackages/checkouts/leveldb/include -Xcc -I/Users/hyunholee/Library/Developer/Xcode/DerivedData/BamiLog-cmowuaiuamzlxlgpvixsmogdajlm/SourcePackages/checkouts/firebase-ios-sdk/SwiftPM-PlatformExclude/FirebaseFirestoreWrap/include -Xcc -I/Users/hyunholee/Library/Developer/Xcode/DerivedData/BamiLog-cmowuaiuamzlxlgpvixsmogdajlm/SourcePackages/checkouts/firebase-ios-sdk/FirebaseCore/Extension -Xcc -I/Users/hyunholee/Library/Developer/Xcode/DerivedData/BamiLog-cmowuaiuamzlxlgpvixsmogdajlm/SourcePackages/checkouts/firebase-ios-sdk/FirebaseCore/Sources/Public -Xcc -I/Users/hyunholee/Library/Developer/Xcode/DerivedData/BamiLog-cmowuaiuamzlxlgpvixsmogdajlm/SourcePackages/checkouts/firebase-ios-sdk/CoreOnly/Sources -Xcc -I/Users/hyunholee/Library/Developer/Xcode/DerivedData/BamiLog-cmowuaiuamzlxlgpvixsmogdajlm/SourcePackages/checkouts/firebase-ios-sdk/FirebaseAppCheck/Interop/Public -Xcc -I/Users/hyunholee/Library/Developer/Xcode/DerivedData/BamiLog-cmowuaiuamzlxlgpvixsmogdajlm/SourcePackages/checkouts/firebase-ios-sdk/FirebaseFirestoreInternal -Xcc -I/Users/hyunholee/Library/Developer/Xcode/DerivedData/BamiLog-cmowuaiuamzlxlgpvixsmogdajlm/Build/Products/Debug-iphonesimulator/include -Xcc -I/Users/hyunholee/Library/Developer/Xcode/DerivedData/BamiLog-cmowuaiuamzlxlgpvixsmogdajlm/Build/Intermediates.noindex/BamiLog.build/Debug-iphonesimulator/BamiLog.build/DerivedSources-normal/arm64 -Xcc -I/Users/hyunholee/Library/Developer/Xcode/DerivedData/BamiLog-cmowuaiuamzlxlgpvixsmogdajlm/Build/Intermediates.noindex/BamiLog.build/Debug-iphonesimulator/BamiLog.build/DerivedSources/arm64 -Xcc -I/Users/hyunholee/Library/Developer/Xcode/DerivedData/BamiLog-cmowuaiuamzlxlgpvixsmogdajlm/Build/Intermediates.noindex/BamiLog.build/Debug-iphonesimulator/BamiLog.build/DerivedSources -Xcc -DDEBUG\=1 -emit-objc-header -emit-objc-header-path /Users/hyunholee/Library/Developer/Xcode/DerivedData/BamiLog-cmowuaiuamzlxlgpvixsmogdajlm/Build/Intermediates.noindex/BamiLog.build/Debug-iphonesimulator/BamiLog.build/Objects-normal/arm64/BamiLog-Swift.h -working-directory /Users/hyunholee/Documents/workspace/code/BamiLog -experimental-emit-module-separately -disable-cmo
/Users/hyunholee/Documents/workspace/code/BamiLog/BamiLog/View/Menu/StaticsView.swift:166:30: warning: 에러처리
                    #warning("에러처리") (in target 'BamiLog' from project 'BamiLog')

RegisterExecutionPolicyException /Users/hyunholee/Library/Developer/Xcode/DerivedData/BamiLog-cmowuaiuamzlxlgpvixsmogdajlm/Build/Products/Debug-iphonesimulator/FirebaseAILogic.o (in target 'FirebaseAILogic' from project 'Firebase')
    cd /Users/hyunholee/Library/Developer/Xcode/DerivedData/BamiLog-cmowuaiuamzlxlgpvixsmogdajlm/SourcePackages/checkouts/firebase-ios-sdk
    builtin-RegisterExecutionPolicyException /Users/hyunholee/Library/Developer/Xcode/DerivedData/BamiLog-cmowuaiuamzlxlgpvixsmogdajlm/Build/Products/Debug-iphonesimulator/FirebaseAILogic.o

Ld /Users/hyunholee/Library/Developer/Xcode/DerivedData/BamiLog-cmowuaiuamzlxlgpvixsmogdajlm/Build/Products/Debug-iphonesimulator/FirebaseAI.o normal (in target 'FirebaseAI' from project 'Firebase')
    cd /Users/hyunholee/Library/Developer/Xcode/DerivedData/BamiLog-cmowuaiuamzlxlgpvixsmogdajlm/SourcePackages/checkouts/firebase-ios-sdk
    /Applications/Xcode.app/Contents/Developer/Toolchains/XcodeDefault.xctoolchain/usr/bin/clang -Xlinker -reproducible -target arm64-apple-ios15.0-simulator -r -isysroot /Applications/Xcode.app/Contents/Developer/Platforms/iPhoneSimulator.platform/Developer/SDKs/iPhoneSimulator26.0.sdk -O0 -w -L/Users/hyunholee/Library/Developer/Xcode/DerivedData/BamiLog-cmowuaiuamzlxlgpvixsmogdajlm/Build/Intermediates.noindex/EagerLinkingTBDs/Debug-iphonesimulator -L/Users/hyunholee/Library/Developer/Xcode/DerivedData/BamiLog-cmowuaiuamzlxlgpvixsmogdajlm/Build/Products/Debug-iphonesimulator -L/Applications/Xcode.app/Contents/Developer/Platforms/iPhoneSimulator.platform/Developer/usr/lib -F/Users/hyunholee/Library/Developer/Xcode/DerivedData/BamiLog-cmowuaiuamzlxlgpvixsmogdajlm/Build/Intermediates.noindex/EagerLinkingTBDs/Debug-iphonesimulator -F/Users/hyunholee/Library/Developer/Xcode/DerivedData/BamiLog-cmowuaiuamzlxlgpvixsmogdajlm/Build/Products/Debug-iphonesimulator/PackageFrameworks -F/Users/hyunholee/Library/Developer/Xcode/DerivedData/BamiLog-cmowuaiuamzlxlgpvixsmogdajlm/Build/Products/Debug-iphonesimulator/PackageFrameworks -F/Users/hyunholee/Library/Developer/Xcode/DerivedData/BamiLog-cmowuaiuamzlxlgpvixsmogdajlm/Build/Products/Debug-iphonesimulator/PackageFrameworks -F/Users/hyunholee/Library/Developer/Xcode/DerivedData/BamiLog-cmowuaiuamzlxlgpvixsmogdajlm/Build/Products/Debug-iphonesimulator/PackageFrameworks -F/Users/hyunholee/Library/Developer/Xcode/DerivedData/BamiLog-cmowuaiuamzlxlgpvixsmogdajlm/Build/Products/Debug-iphonesimulator/PackageFrameworks -F/Users/hyunholee/Library/Developer/Xcode/DerivedData/BamiLog-cmowuaiuamzlxlgpvixsmogdajlm/Build/Products/Debug-iphonesimulator/PackageFrameworks -F/Users/hyunholee/Library/Developer/Xcode/DerivedData/BamiLog-cmowuaiuamzlxlgpvixsmogdajlm/Build/Products/Debug-iphonesimulator/PackageFrameworks -F/Users/hyunholee/Library/Developer/Xcode/DerivedData/BamiLog-cmowuaiuamzlxlgpvixsmogdajlm/Build/Products/Debug-iphonesimulator/PackageFrameworks -F/Users/hyunholee/Library/Developer/Xcode/DerivedData/BamiLog-cmowuaiuamzlxlgpvixsmogdajlm/Build/Products/Debug-iphonesimulator/PackageFrameworks -F/Users/hyunholee/Library/Developer/Xcode/DerivedData/BamiLog-cmowuaiuamzlxlgpvixsmogdajlm/Build/Products/Debug-iphonesimulator/PackageFrameworks -F/Users/hyunholee/Library/Developer/Xcode/DerivedData/BamiLog-cmowuaiuamzlxlgpvixsmogdajlm/Build/Products/Debug-iphonesimulator/PackageFrameworks -F/Users/hyunholee/Library/Developer/Xcode/DerivedData/BamiLog-cmowuaiuamzlxlgpvixsmogdajlm/Build/Products/Debug-iphonesimulator -iframework /Applications/Xcode.app/Contents/Developer/Platforms/iPhoneSimulator.platform/Developer/Library/Frameworks -iframework /Applications/Xcode.app/Contents/Developer/Platforms/iPhoneSimulator.platform/Developer/SDKs/iPhoneSimulator26.0.sdk/Developer/Library/Frameworks -filelist /Users/hyunholee/Library/Developer/Xcode/DerivedData/BamiLog-cmowuaiuamzlxlgpvixsmogdajlm/Build/Intermediates.noindex/Firebase.build/Debug-iphonesimulator/FirebaseAI.build/Objects-normal/arm64/FirebaseAI.LinkFileList -nostdlib -Xlinker -object_path_lto -Xlinker /Users/hyunholee/Library/Developer/Xcode/DerivedData/BamiLog-cmowuaiuamzlxlgpvixsmogdajlm/Build/Intermediates.noindex/Firebase.build/Debug-iphonesimulator/FirebaseAI.build/Objects-normal/arm64/FirebaseAI_lto.o -rdynamic -Xlinker -no_deduplicate -Xlinker -objc_abi_version -Xlinker 2 -Xlinker -dependency_info -Xlinker /Users/hyunholee/Library/Developer/Xcode/DerivedData/BamiLog-cmowuaiuamzlxlgpvixsmogdajlm/Build/Intermediates.noindex/Firebase.build/Debug-iphonesimulator/FirebaseAI.build/Objects-normal/arm64/FirebaseAI_dependency_info.dat -fobjc-link-runtime -L/Applications/Xcode.app/Contents/Developer/Toolchains/XcodeDefault.xctoolchain/usr/lib/swift/iphonesimulator -L/usr/lib/swift -Xlinker -add_ast_path -Xlinker /Users/hyunholee/Library/Developer/Xcode/DerivedData/BamiLog-cmowuaiuamzlxlgpvixsmogdajlm/Build/Intermediates.noindex/Firebase.build/Debug-iphonesimulator/FirebaseAI.build/Objects-normal/arm64/FirebaseAI.swiftmodule @/Users/hyunholee/Library/Developer/Xcode/DerivedData/BamiLog-cmowuaiuamzlxlgpvixsmogdajlm/Build/Intermediates.noindex/Firebase.build/Debug-iphonesimulator/FirebaseAI.build/Objects-normal/arm64/FirebaseAI-linker-args.resp -o /Users/hyunholee/Library/Developer/Xcode/DerivedData/BamiLog-cmowuaiuamzlxlgpvixsmogdajlm/Build/Products/Debug-iphonesimulator/FirebaseAI.o

ExtractAppIntentsMetadata (in target 'FirebaseAI' from project 'Firebase')
    cd /Users/hyunholee/Library/Developer/Xcode/DerivedData/BamiLog-cmowuaiuamzlxlgpvixsmogdajlm/SourcePackages/checkouts/firebase-ios-sdk
    /Applications/Xcode.app/Contents/Developer/Toolchains/XcodeDefault.xctoolchain/usr/bin/appintentsmetadataprocessor --toolchain-dir /Applications/Xcode.app/Contents/Developer/Toolchains/XcodeDefault.xctoolchain --module-name FirebaseAI --sdk-root /Applications/Xcode.app/Contents/Developer/Platforms/iPhoneSimulator.platform/Developer/SDKs/iPhoneSimulator26.0.sdk --xcode-version 17A324 --platform-family iOS --deployment-target 15.0 --bundle-identifier firebase-ios-sdk.FirebaseAI --output /Users/hyunholee/Library/Developer/Xcode/DerivedData/BamiLog-cmowuaiuamzlxlgpvixsmogdajlm/Build/Products/Debug-iphonesimulator/FirebaseAI.appintents --target-triple arm64-apple-ios15.0-simulator --binary-file /Users/hyunholee/Library/Developer/Xcode/DerivedData/BamiLog-cmowuaiuamzlxlgpvixsmogdajlm/Build/Products/Debug-iphonesimulator/FirebaseAI.o --dependency-file /Users/hyunholee/Library/Developer/Xcode/DerivedData/BamiLog-cmowuaiuamzlxlgpvixsmogdajlm/Build/Intermediates.noindex/Firebase.build/Debug-iphonesimulator/FirebaseAI.build/Objects-normal/arm64/FirebaseAI_dependency_info.dat --stringsdata-file /Users/hyunholee/Library/Developer/Xcode/DerivedData/BamiLog-cmowuaiuamzlxlgpvixsmogdajlm/Build/Intermediates.noindex/Firebase.build/Debug-iphonesimulator/FirebaseAI.build/Objects-normal/arm64/ExtractedAppShortcutsMetadata.stringsdata --source-file-list /Users/hyunholee/Library/Developer/Xcode/DerivedData/BamiLog-cmowuaiuamzlxlgpvixsmogdajlm/Build/Intermediates.noindex/Firebase.build/Debug-iphonesimulator/FirebaseAI.build/Objects-normal/arm64/FirebaseAI.SwiftFileList --metadata-file-list /Users/hyunholee/Library/Developer/Xcode/DerivedData/BamiLog-cmowuaiuamzlxlgpvixsmogdajlm/Build/Intermediates.noindex/Firebase.build/Debug-iphonesimulator/FirebaseAI.build/FirebaseAI.DependencyMetadataFileList --static-metadata-file-list /Users/hyunholee/Library/Developer/Xcode/DerivedData/BamiLog-cmowuaiuamzlxlgpvixsmogdajlm/Build/Intermediates.noindex/Firebase.build/Debug-iphonesimulator/FirebaseAI.build/FirebaseAI.DependencyStaticMetadataFileList --swift-const-vals-list /Users/hyunholee/Library/Developer/Xcode/DerivedData/BamiLog-cmowuaiuamzlxlgpvixsmogdajlm/Build/Intermediates.noindex/Firebase.build/Debug-iphonesimulator/FirebaseAI.build/Objects-normal/arm64/FirebaseAI.SwiftConstValuesFileList --force --compile-time-extraction --deployment-aware-processing --validate-assistant-intents --no-app-shortcuts-localization
2025-12-16 22:53:32.718 appintentsmetadataprocessor[67201:5120951] Starting appintentsmetadataprocessor export
2025-12-16 22:53:32.866 appintentsmetadataprocessor[67201:5120951] Extracted no relevant App Intents symbols, skipping writing output

RegisterExecutionPolicyException /Users/hyunholee/Library/Developer/Xcode/DerivedData/BamiLog-cmowuaiuamzlxlgpvixsmogdajlm/Build/Products/Debug-iphonesimulator/FirebaseAI.o (in target 'FirebaseAI' from project 'Firebase')
    cd /Users/hyunholee/Library/Developer/Xcode/DerivedData/BamiLog-cmowuaiuamzlxlgpvixsmogdajlm/SourcePackages/checkouts/firebase-ios-sdk
    builtin-RegisterExecutionPolicyException /Users/hyunholee/Library/Developer/Xcode/DerivedData/BamiLog-cmowuaiuamzlxlgpvixsmogdajlm/Build/Products/Debug-iphonesimulator/FirebaseAI.o

ValidateDevelopmentAssets /Users/hyunholee/Library/Developer/Xcode/DerivedData/BamiLog-cmowuaiuamzlxlgpvixsmogdajlm/Build/Intermediates.noindex/BamiLog.build/Debug-iphonesimulator/BamiLog.build (in target 'BamiLog' from project 'BamiLog')
    cd /Users/hyunholee/Documents/workspace/code/BamiLog
    builtin-validate-development-assets --validate YES_ERROR /Users/hyunholee/Documents/workspace/code/BamiLog/BamiLog/Preview\ Content

CopyPlistFile /Users/hyunholee/Library/Developer/Xcode/DerivedData/BamiLog-cmowuaiuamzlxlgpvixsmogdajlm/Build/Products/Debug-iphonesimulator/BamiLog.app/GoogleService-Info.plist /Users/hyunholee/Documents/workspace/code/BamiLog/BamiLog/GoogleService-Info.plist (in target 'BamiLog' from project 'BamiLog')
    cd /Users/hyunholee/Documents/workspace/code/BamiLog
    builtin-copyPlist --convert binary1 --outdir /Users/hyunholee/Library/Developer/Xcode/DerivedData/BamiLog-cmowuaiuamzlxlgpvixsmogdajlm/Build/Products/Debug-iphonesimulator/BamiLog.app -- /Users/hyunholee/Documents/workspace/code/BamiLog/BamiLog/GoogleService-Info.plist

Copy /Users/hyunholee/Library/Developer/Xcode/DerivedData/BamiLog-cmowuaiuamzlxlgpvixsmogdajlm/Build/Products/Debug-iphonesimulator/BamiLog.app/nanopb_nanopb.bundle /Users/hyunholee/Library/Developer/Xcode/DerivedData/BamiLog-cmowuaiuamzlxlgpvixsmogdajlm/Build/Products/Debug-iphonesimulator/nanopb_nanopb.bundle (in target 'BamiLog' from project 'BamiLog')
    cd /Users/hyunholee/Documents/workspace/code/BamiLog
    builtin-copy -exclude .DS_Store -exclude CVS -exclude .svn -exclude .git -exclude .hg -resolve-src-symlinks /Users/hyunholee/Library/Developer/Xcode/DerivedData/BamiLog-cmowuaiuamzlxlgpvixsmogdajlm/Build/Products/Debug-iphonesimulator/nanopb_nanopb.bundle /Users/hyunholee/Library/Developer/Xcode/DerivedData/BamiLog-cmowuaiuamzlxlgpvixsmogdajlm/Build/Products/Debug-iphonesimulator/BamiLog.app

Copy /Users/hyunholee/Library/Developer/Xcode/DerivedData/BamiLog-cmowuaiuamzlxlgpvixsmogdajlm/Build/Products/Debug-iphonesimulator/BamiLog.app/leveldb_leveldb.bundle /Users/hyunholee/Library/Developer/Xcode/DerivedData/BamiLog-cmowuaiuamzlxlgpvixsmogdajlm/Build/Products/Debug-iphonesimulator/leveldb_leveldb.bundle (in target 'BamiLog' from project 'BamiLog')
    cd /Users/hyunholee/Documents/workspace/code/BamiLog
    builtin-copy -exclude .DS_Store -exclude CVS -exclude .svn -exclude .git -exclude .hg -resolve-src-symlinks /Users/hyunholee/Library/Developer/Xcode/DerivedData/BamiLog-cmowuaiuamzlxlgpvixsmogdajlm/Build/Products/Debug-iphonesimulator/leveldb_leveldb.bundle /Users/hyunholee/Library/Developer/Xcode/DerivedData/BamiLog-cmowuaiuamzlxlgpvixsmogdajlm/Build/Products/Debug-iphonesimulator/BamiLog.app

CpResource /Users/hyunholee/Library/Developer/Xcode/DerivedData/BamiLog-cmowuaiuamzlxlgpvixsmogdajlm/Build/Products/Debug-iphonesimulator/BamiLog.app/she.m4a /Users/hyunholee/Documents/workspace/code/BamiLog/BamiLog/Resource/she.m4a (in target 'BamiLog' from project 'BamiLog')
    cd /Users/hyunholee/Documents/workspace/code/BamiLog
    builtin-copy -exclude .DS_Store -exclude CVS -exclude .svn -exclude .git -exclude .hg -resolve-src-symlinks /Users/hyunholee/Documents/workspace/code/BamiLog/BamiLog/Resource/she.m4a /Users/hyunholee/Library/Developer/Xcode/DerivedData/BamiLog-cmowuaiuamzlxlgpvixsmogdajlm/Build/Products/Debug-iphonesimulator/BamiLog.app

Ld /Users/hyunholee/Library/Developer/Xcode/DerivedData/BamiLog-cmowuaiuamzlxlgpvixsmogdajlm/Build/Products/Debug-iphonesimulator/BamiLog.app/__preview.dylib normal (in target 'BamiLog' from project 'BamiLog')
    cd /Users/hyunholee/Documents/workspace/code/BamiLog
    /Applications/Xcode.app/Contents/Developer/Toolchains/XcodeDefault.xctoolchain/usr/bin/clang -Xlinker -reproducible -target arm64-apple-ios16.1-simulator -dynamiclib -isysroot /Applications/Xcode.app/Contents/Developer/Platforms/iPhoneSimulator.platform/Developer/SDKs/iPhoneSimulator26.0.sdk -O0 -L/Users/hyunholee/Library/Developer/Xcode/DerivedData/BamiLog-cmowuaiuamzlxlgpvixsmogdajlm/Build/Products/Debug-iphonesimulator -F/Users/hyunholee/Library/Developer/Xcode/DerivedData/BamiLog-cmowuaiuamzlxlgpvixsmogdajlm/Build/Products/Debug-iphonesimulator/PackageFrameworks -F/Users/hyunholee/Library/Developer/Xcode/DerivedData/BamiLog-cmowuaiuamzlxlgpvixsmogdajlm/Build/Products/Debug-iphonesimulator/PackageFrameworks -F/Users/hyunholee/Library/Developer/Xcode/DerivedData/BamiLog-cmowuaiuamzlxlgpvixsmogdajlm/Build/Products/Debug-iphonesimulator/PackageFrameworks -F/Users/hyunholee/Library/Developer/Xcode/DerivedData/BamiLog-cmowuaiuamzlxlgpvixsmogdajlm/Build/Products/Debug-iphonesimulator/PackageFrameworks -F/Users/hyunholee/Library/Developer/Xcode/DerivedData/BamiLog-cmowuaiuamzlxlgpvixsmogdajlm/Build/Products/Debug-iphonesimulator/PackageFrameworks -F/Users/hyunholee/Library/Developer/Xcode/DerivedData/BamiLog-cmowuaiuamzlxlgpvixsmogdajlm/Build/Products/Debug-iphonesimulator/PackageFrameworks -F/Users/hyunholee/Library/Developer/Xcode/DerivedData/BamiLog-cmowuaiuamzlxlgpvixsmogdajlm/Build/Products/Debug-iphonesimulator/PackageFrameworks -F/Users/hyunholee/Library/Developer/Xcode/DerivedData/BamiLog-cmowuaiuamzlxlgpvixsmogdajlm/Build/Products/Debug-iphonesimulator/PackageFrameworks -F/Users/hyunholee/Library/Developer/Xcode/DerivedData/BamiLog-cmowuaiuamzlxlgpvixsmogdajlm/Build/Products/Debug-iphonesimulator/PackageFrameworks -F/Users/hyunholee/Library/Developer/Xcode/DerivedData/BamiLog-cmowuaiuamzlxlgpvixsmogdajlm/Build/Products/Debug-iphonesimulator/PackageFrameworks -F/Users/hyunholee/Library/Developer/Xcode/DerivedData/BamiLog-cmowuaiuamzlxlgpvixsmogdajlm/Build/Products/Debug-iphonesimulator/PackageFrameworks -F/Users/hyunholee/Library/Developer/Xcode/DerivedData/BamiLog-cmowuaiuamzlxlgpvixsmogdajlm/Build/Products/Debug-iphonesimulator/PackageFrameworks -F/Users/hyunholee/Library/Developer/Xcode/DerivedData/BamiLog-cmowuaiuamzlxlgpvixsmogdajlm/Build/Products/Debug-iphonesimulator/PackageFrameworks -F/Users/hyunholee/Library/Developer/Xcode/DerivedData/BamiLog-cmowuaiuamzlxlgpvixsmogdajlm/Build/Products/Debug-iphonesimulator/PackageFrameworks -F/Users/hyunholee/Library/Developer/Xcode/DerivedData/BamiLog-cmowuaiuamzlxlgpvixsmogdajlm/Build/Products/Debug-iphonesimulator/PackageFrameworks -F/Users/hyunholee/Library/Developer/Xcode/DerivedData/BamiLog-cmowuaiuamzlxlgpvixsmogdajlm/Build/Products/Debug-iphonesimulator/PackageFrameworks -F/Users/hyunholee/Library/Developer/Xcode/DerivedData/BamiLog-cmowuaiuamzlxlgpvixsmogdajlm/Build/Products/Debug-iphonesimulator/PackageFrameworks -F/Users/hyunholee/Library/Developer/Xcode/DerivedData/BamiLog-cmowuaiuamzlxlgpvixsmogdajlm/Build/Products/Debug-iphonesimulator/PackageFrameworks -F/Users/hyunholee/Library/Developer/Xcode/DerivedData/BamiLog-cmowuaiuamzlxlgpvixsmogdajlm/Build/Products/Debug-iphonesimulator/PackageFrameworks -F/Users/hyunholee/Library/Developer/Xcode/DerivedData/BamiLog-cmowuaiuamzlxlgpvixsmogdajlm/Build/Products/Debug-iphonesimulator/PackageFrameworks -F/Users/hyunholee/Library/Developer/Xcode/DerivedData/BamiLog-cmowuaiuamzlxlgpvixsmogdajlm/Build/Products/Debug-iphonesimulator/PackageFrameworks -F/Users/hyunholee/Library/Developer/Xcode/DerivedData/BamiLog-cmowuaiuamzlxlgpvixsmogdajlm/Build/Products/Debug-iphonesimulator/PackageFrameworks -F/Users/hyunholee/Library/Developer/Xcode/DerivedData/BamiLog-cmowuaiuamzlxlgpvixsmogdajlm/Build/Products/Debug-iphonesimulator/PackageFrameworks -F/Users/hyunholee/Library/Developer/Xcode/DerivedData/BamiLog-cmowuaiuamzlxlgpvixsmogdajlm/Build/Products/Debug-iphonesimulator/PackageFrameworks -F/Users/hyunholee/Library/Developer/Xcode/DerivedData/BamiLog-cmowuaiuamzlxlgpvixsmogdajlm/Build/Products/Debug-iphonesimulator/PackageFrameworks -F/Users/hyunholee/Library/Developer/Xcode/DerivedData/BamiLog-cmowuaiuamzlxlgpvixsmogdajlm/Build/Products/Debug-iphonesimulator/PackageFrameworks -F/Users/hyunholee/Library/Developer/Xcode/DerivedData/BamiLog-cmowuaiuamzlxlgpvixsmogdajlm/Build/Products/Debug-iphonesimulator/PackageFrameworks -F/Users/hyunholee/Library/Developer/Xcode/DerivedData/BamiLog-cmowuaiuamzlxlgpvixsmogdajlm/Build/Products/Debug-iphonesimulator/PackageFrameworks -F/Users/hyunholee/Library/Developer/Xcode/DerivedData/BamiLog-cmowuaiuamzlxlgpvixsmogdajlm/Build/Products/Debug-iphonesimulator/PackageFrameworks -F/Users/hyunholee/Library/Developer/Xcode/DerivedData/BamiLog-cmowuaiuamzlxlgpvixsmogdajlm/Build/Products/Debug-iphonesimulator/PackageFrameworks -F/Users/hyunholee/Library/Developer/Xcode/DerivedData/BamiLog-cmowuaiuamzlxlgpvixsmogdajlm/Build/Products/Debug-iphonesimulator/PackageFrameworks -F/Users/hyunholee/Library/Developer/Xcode/DerivedData/BamiLog-cmowuaiuamzlxlgpvixsmogdajlm/Build/Products/Debug-iphonesimulator/PackageFrameworks -F/Users/hyunholee/Library/Developer/Xcode/DerivedData/BamiLog-cmowuaiuamzlxlgpvixsmogdajlm/Build/Products/Debug-iphonesimulator/PackageFrameworks -F/Users/hyunholee/Library/Developer/Xcode/DerivedData/BamiLog-cmowuaiuamzlxlgpvixsmogdajlm/Build/Products/Debug-iphonesimulator/PackageFrameworks -F/Users/hyunholee/Library/Developer/Xcode/DerivedData/BamiLog-cmowuaiuamzlxlgpvixsmogdajlm/Build/Products/Debug-iphonesimulator/PackageFrameworks -F/Users/hyunholee/Library/Developer/Xcode/DerivedData/BamiLog-cmowuaiuamzlxlgpvixsmogdajlm/Build/Products/Debug-iphonesimulator/PackageFrameworks -F/Users/hyunholee/Library/Developer/Xcode/DerivedData/BamiLog-cmowuaiuamzlxlgpvixsmogdajlm/Build/Products/Debug-iphonesimulator/PackageFrameworks -F/Users/hyunholee/Library/Developer/Xcode/DerivedData/BamiLog-cmowuaiuamzlxlgpvixsmogdajlm/Build/Products/Debug-iphonesimulator/PackageFrameworks -F/Users/hyunholee/Library/Developer/Xcode/DerivedData/BamiLog-cmowuaiuamzlxlgpvixsmogdajlm/Build/Products/Debug-iphonesimulator/PackageFrameworks -F/Users/hyunholee/Library/Developer/Xcode/DerivedData/BamiLog-cmowuaiuamzlxlgpvixsmogdajlm/Build/Products/Debug-iphonesimulator/PackageFrameworks -F/Users/hyunholee/Library/Developer/Xcode/DerivedData/BamiLog-cmowuaiuamzlxlgpvixsmogdajlm/Build/Products/Debug-iphonesimulator/PackageFrameworks -F/Users/hyunholee/Library/Developer/Xcode/DerivedData/BamiLog-cmowuaiuamzlxlgpvixsmogdajlm/Build/Products/Debug-iphonesimulator/PackageFrameworks -F/Users/hyunholee/Library/Developer/Xcode/DerivedData/BamiLog-cmowuaiuamzlxlgpvixsmogdajlm/Build/Products/Debug-iphonesimulator/PackageFrameworks -F/Users/hyunholee/Library/Developer/Xcode/DerivedData/BamiLog-cmowuaiuamzlxlgpvixsmogdajlm/Build/Products/Debug-iphonesimulator/PackageFrameworks -F/Users/hyunholee/Library/Developer/Xcode/DerivedData/BamiLog-cmowuaiuamzlxlgpvixsmogdajlm/Build/Products/Debug-iphonesimulator/PackageFrameworks -F/Users/hyunholee/Library/Developer/Xcode/DerivedData/BamiLog-cmowuaiuamzlxlgpvixsmogdajlm/Build/Products/Debug-iphonesimulator/PackageFrameworks -F/Users/hyunholee/Library/Developer/Xcode/DerivedData/BamiLog-cmowuaiuamzlxlgpvixsmogdajlm/Build/Products/Debug-iphonesimulator/PackageFrameworks -F/Users/hyunholee/Library/Developer/Xcode/DerivedData/BamiLog-cmowuaiuamzlxlgpvixsmogdajlm/Build/Products/Debug-iphonesimulator/PackageFrameworks -F/Users/hyunholee/Library/Developer/Xcode/DerivedData/BamiLog-cmowuaiuamzlxlgpvixsmogdajlm/Build/Products/Debug-iphonesimulator/PackageFrameworks -F/Users/hyunholee/Library/Developer/Xcode/DerivedData/BamiLog-cmowuaiuamzlxlgpvixsmogdajlm/Build/Products/Debug-iphonesimulator/PackageFrameworks -F/Users/hyunholee/Library/Developer/Xcode/DerivedData/BamiLog-cmowuaiuamzlxlgpvixsmogdajlm/Build/Products/Debug-iphonesimulator/PackageFrameworks -F/Users/hyunholee/Library/Developer/Xcode/DerivedData/BamiLog-cmowuaiuamzlxlgpvixsmogdajlm/Build/Products/Debug-iphonesimulator/PackageFrameworks -F/Users/hyunholee/Library/Developer/Xcode/DerivedData/BamiLog-cmowuaiuamzlxlgpvixsmogdajlm/Build/Products/Debug-iphonesimulator/PackageFrameworks -F/Users/hyunholee/Library/Developer/Xcode/DerivedData/BamiLog-cmowuaiuamzlxlgpvixsmogdajlm/Build/Products/Debug-iphonesimulator/PackageFrameworks -F/Users/hyunholee/Library/Developer/Xcode/DerivedData/BamiLog-cmowuaiuamzlxlgpvixsmogdajlm/Build/Products/Debug-iphonesimulator/PackageFrameworks -F/Users/hyunholee/Library/Developer/Xcode/DerivedData/BamiLog-cmowuaiuamzlxlgpvixsmogdajlm/Build/Products/Debug-iphonesimulator/PackageFrameworks -F/Users/hyunholee/Library/Developer/Xcode/DerivedData/BamiLog-cmowuaiuamzlxlgpvixsmogdajlm/Build/Products/Debug-iphonesimulator/PackageFrameworks -F/Users/hyunholee/Library/Developer/Xcode/DerivedData/BamiLog-cmowuaiuamzlxlgpvixsmogdajlm/Build/Products/Debug-iphonesimulator/PackageFrameworks -F/Users/hyunholee/Library/Developer/Xcode/DerivedData/BamiLog-cmowuaiuamzlxlgpvixsmogdajlm/Build/Products/Debug-iphonesimulator/PackageFrameworks -F/Users/hyunholee/Library/Developer/Xcode/DerivedData/BamiLog-cmowuaiuamzlxlgpvixsmogdajlm/Build/Products/Debug-iphonesimulator/PackageFrameworks -F/Users/hyunholee/Library/Developer/Xcode/DerivedData/BamiLog-cmowuaiuamzlxlgpvixsmogdajlm/Build/Products/Debug-iphonesimulator/PackageFrameworks -F/Users/hyunholee/Library/Developer/Xcode/DerivedData/BamiLog-cmowuaiuamzlxlgpvixsmogdajlm/Build/Products/Debug-iphonesimulator/PackageFrameworks -F/Users/hyunholee/Library/Developer/Xcode/DerivedData/BamiLog-cmowuaiuamzlxlgpvixsmogdajlm/Build/Products/Debug-iphonesimulator/PackageFrameworks -F/Users/hyunholee/Library/Developer/Xcode/DerivedData/BamiLog-cmowuaiuamzlxlgpvixsmogdajlm/Build/Products/Debug-iphonesimulator/PackageFrameworks -F/Users/hyunholee/Library/Developer/Xcode/DerivedData/BamiLog-cmowuaiuamzlxlgpvixsmogdajlm/Build/Products/Debug-iphonesimulator/PackageFrameworks -F/Users/hyunholee/Library/Developer/Xcode/DerivedData/BamiLog-cmowuaiuamzlxlgpvixsmogdajlm/Build/Products/Debug-iphonesimulator/PackageFrameworks -F/Users/hyunholee/Library/Developer/Xcode/DerivedData/BamiLog-cmowuaiuamzlxlgpvixsmogdajlm/Build/Products/Debug-iphonesimulator/PackageFrameworks -F/Users/hyunholee/Library/Developer/Xcode/DerivedData/BamiLog-cmowuaiuamzlxlgpvixsmogdajlm/Build/Products/Debug-iphonesimulator/PackageFrameworks -F/Users/hyunholee/Library/Developer/Xcode/DerivedData/BamiLog-cmowuaiuamzlxlgpvixsmogdajlm/Build/Products/Debug-iphonesimulator/PackageFrameworks -F/Users/hyunholee/Library/Developer/Xcode/DerivedData/BamiLog-cmowuaiuamzlxlgpvixsmogdajlm/Build/Products/Debug-iphonesimulator/PackageFrameworks -F/Users/hyunholee/Library/Developer/Xcode/DerivedData/BamiLog-cmowuaiuamzlxlgpvixsmogdajlm/Build/Products/Debug-iphonesimulator/PackageFrameworks -F/Users/hyunholee/Library/Developer/Xcode/DerivedData/BamiLog-cmowuaiuamzlxlgpvixsmogdajlm/Build/Products/Debug-iphonesimulator/PackageFrameworks -F/Users/hyunholee/Library/Developer/Xcode/DerivedData/BamiLog-cmowuaiuamzlxlgpvixsmogdajlm/Build/Products/Debug-iphonesimulator/PackageFrameworks -F/Users/hyunholee/Library/Developer/Xcode/DerivedData/BamiLog-cmowuaiuamzlxlgpvixsmogdajlm/Build/Products/Debug-iphonesimulator/PackageFrameworks -F/Users/hyunholee/Library/Developer/Xcode/DerivedData/BamiLog-cmowuaiuamzlxlgpvixsmogdajlm/Build/Products/Debug-iphonesimulator -install_name @rpath/BamiLog.debug.dylib -dead_strip -rdynamic -Xlinker -no_deduplicate -Xlinker -objc_abi_version -Xlinker 2 -Xlinker -dependency_info -Xlinker /Users/hyunholee/Library/Developer/Xcode/DerivedData/BamiLog-cmowuaiuamzlxlgpvixsmogdajlm/Build/Intermediates.noindex/BamiLog.build/Debug-iphonesimulator/BamiLog.build/Objects-normal/arm64/BamiLog_dependency_info.dat -Xlinker -sectcreate -Xlinker __TEXT -Xlinker __entitlements -Xlinker /Users/hyunholee/Library/Developer/Xcode/DerivedData/BamiLog-cmowuaiuamzlxlgpvixsmogdajlm/Build/Intermediates.noindex/BamiLog.build/Debug-iphonesimulator/BamiLog.build/BamiLog.app-Simulated.xcent -Xlinker -sectcreate -Xlinker __TEXT -Xlinker __ents_der -Xlinker /Users/hyunholee/Library/Developer/Xcode/DerivedData/BamiLog-cmowuaiuamzlxlgpvixsmogdajlm/Build/Intermediates.noindex/BamiLog.build/Debug-iphonesimulator/BamiLog.build/BamiLog.app-Simulated.xcent.der -Xlinker -no_adhoc_codesign -o /Users/hyunholee/Library/Developer/Xcode/DerivedData/BamiLog-cmowuaiuamzlxlgpvixsmogdajlm/Build/Products/Debug-iphonesimulator/BamiLog.app/__preview.dylib

Copy /Users/hyunholee/Library/Developer/Xcode/DerivedData/BamiLog-cmowuaiuamzlxlgpvixsmogdajlm/Build/Products/Debug-iphonesimulator/BamiLog.app/gRPC_opensslWrapper.bundle /Users/hyunholee/Library/Developer/Xcode/DerivedData/BamiLog-cmowuaiuamzlxlgpvixsmogdajlm/Build/Products/Debug-iphonesimulator/gRPC_opensslWrapper.bundle (in target 'BamiLog' from project 'BamiLog')
    cd /Users/hyunholee/Documents/workspace/code/BamiLog
    builtin-copy -exclude .DS_Store -exclude CVS -exclude .svn -exclude .git -exclude .hg -resolve-src-symlinks /Users/hyunholee/Library/Developer/Xcode/DerivedData/BamiLog-cmowuaiuamzlxlgpvixsmogdajlm/Build/Products/Debug-iphonesimulator/gRPC_opensslWrapper.bundle /Users/hyunholee/Library/Developer/Xcode/DerivedData/BamiLog-cmowuaiuamzlxlgpvixsmogdajlm/Build/Products/Debug-iphonesimulator/BamiLog.app

Copy /Users/hyunholee/Library/Developer/Xcode/DerivedData/BamiLog-cmowuaiuamzlxlgpvixsmogdajlm/Build/Products/Debug-iphonesimulator/BamiLog.app/gRPC_grpcppWrapper.bundle /Users/hyunholee/Library/Developer/Xcode/DerivedData/BamiLog-cmowuaiuamzlxlgpvixsmogdajlm/Build/Products/Debug-iphonesimulator/gRPC_grpcppWrapper.bundle (in target 'BamiLog' from project 'BamiLog')
    cd /Users/hyunholee/Documents/workspace/code/BamiLog
    builtin-copy -exclude .DS_Store -exclude CVS -exclude .svn -exclude .git -exclude .hg -resolve-src-symlinks /Users/hyunholee/Library/Developer/Xcode/DerivedData/BamiLog-cmowuaiuamzlxlgpvixsmogdajlm/Build/Products/Debug-iphonesimulator/gRPC_grpcppWrapper.bundle /Users/hyunholee/Library/Developer/Xcode/DerivedData/BamiLog-cmowuaiuamzlxlgpvixsmogdajlm/Build/Products/Debug-iphonesimulator/BamiLog.app

Copy /Users/hyunholee/Library/Developer/Xcode/DerivedData/BamiLog-cmowuaiuamzlxlgpvixsmogdajlm/Build/Products/Debug-iphonesimulator/BamiLog.app/gRPC_grpcWrapper.bundle /Users/hyunholee/Library/Developer/Xcode/DerivedData/BamiLog-cmowuaiuamzlxlgpvixsmogdajlm/Build/Products/Debug-iphonesimulator/gRPC_grpcWrapper.bundle (in target 'BamiLog' from project 'BamiLog')
    cd /Users/hyunholee/Documents/workspace/code/BamiLog
    builtin-copy -exclude .DS_Store -exclude CVS -exclude .svn -exclude .git -exclude .hg -resolve-src-symlinks /Users/hyunholee/Library/Developer/Xcode/DerivedData/BamiLog-cmowuaiuamzlxlgpvixsmogdajlm/Build/Products/Debug-iphonesimulator/gRPC_grpcWrapper.bundle /Users/hyunholee/Library/Developer/Xcode/DerivedData/BamiLog-cmowuaiuamzlxlgpvixsmogdajlm/Build/Products/Debug-iphonesimulator/BamiLog.app

Copy /Users/hyunholee/Library/Developer/Xcode/DerivedData/BamiLog-cmowuaiuamzlxlgpvixsmogdajlm/Build/Products/Debug-iphonesimulator/BamiLog.app/abseil_abslWrapper.bundle /Users/hyunholee/Library/Developer/Xcode/DerivedData/BamiLog-cmowuaiuamzlxlgpvixsmogdajlm/Build/Products/Debug-iphonesimulator/abseil_abslWrapper.bundle (in target 'BamiLog' from project 'BamiLog')
    cd /Users/hyunholee/Documents/workspace/code/BamiLog
    builtin-copy -exclude .DS_Store -exclude CVS -exclude .svn -exclude .git -exclude .hg -resolve-src-symlinks /Users/hyunholee/Library/Developer/Xcode/DerivedData/BamiLog-cmowuaiuamzlxlgpvixsmogdajlm/Build/Products/Debug-iphonesimulator/abseil_abslWrapper.bundle /Users/hyunholee/Library/Developer/Xcode/DerivedData/BamiLog-cmowuaiuamzlxlgpvixsmogdajlm/Build/Products/Debug-iphonesimulator/BamiLog.app

Copy /Users/hyunholee/Library/Developer/Xcode/DerivedData/BamiLog-cmowuaiuamzlxlgpvixsmogdajlm/Build/Products/Debug-iphonesimulator/BamiLog.app/SwiftProtobuf_SwiftProtobuf.bundle /Users/hyunholee/Library/Developer/Xcode/DerivedData/BamiLog-cmowuaiuamzlxlgpvixsmogdajlm/Build/Products/Debug-iphonesimulator/SwiftProtobuf_SwiftProtobuf.bundle (in target 'BamiLog' from project 'BamiLog')
    cd /Users/hyunholee/Documents/workspace/code/BamiLog
    builtin-copy -exclude .DS_Store -exclude CVS -exclude .svn -exclude .git -exclude .hg -resolve-src-symlinks /Users/hyunholee/Library/Developer/Xcode/DerivedData/BamiLog-cmowuaiuamzlxlgpvixsmogdajlm/Build/Products/Debug-iphonesimulator/SwiftProtobuf_SwiftProtobuf.bundle /Users/hyunholee/Library/Developer/Xcode/DerivedData/BamiLog-cmowuaiuamzlxlgpvixsmogdajlm/Build/Products/Debug-iphonesimulator/BamiLog.app

Copy /Users/hyunholee/Library/Developer/Xcode/DerivedData/BamiLog-cmowuaiuamzlxlgpvixsmogdajlm/Build/Products/Debug-iphonesimulator/BamiLog.app/Promises_Promises.bundle /Users/hyunholee/Library/Developer/Xcode/DerivedData/BamiLog-cmowuaiuamzlxlgpvixsmogdajlm/Build/Products/Debug-iphonesimulator/Promises_Promises.bundle (in target 'BamiLog' from project 'BamiLog')
    cd /Users/hyunholee/Documents/workspace/code/BamiLog
    builtin-copy -exclude .DS_Store -exclude CVS -exclude .svn -exclude .git -exclude .hg -resolve-src-symlinks /Users/hyunholee/Library/Developer/Xcode/DerivedData/BamiLog-cmowuaiuamzlxlgpvixsmogdajlm/Build/Products/Debug-iphonesimulator/Promises_Promises.bundle /Users/hyunholee/Library/Developer/Xcode/DerivedData/BamiLog-cmowuaiuamzlxlgpvixsmogdajlm/Build/Products/Debug-iphonesimulator/BamiLog.app

Copy /Users/hyunholee/Library/Developer/Xcode/DerivedData/BamiLog-cmowuaiuamzlxlgpvixsmogdajlm/Build/Products/Debug-iphonesimulator/BamiLog.app/Promises_FBLPromises.bundle /Users/hyunholee/Library/Developer/Xcode/DerivedData/BamiLog-cmowuaiuamzlxlgpvixsmogdajlm/Build/Products/Debug-iphonesimulator/Promises_FBLPromises.bundle (in target 'BamiLog' from project 'BamiLog')
    cd /Users/hyunholee/Documents/workspace/code/BamiLog
    builtin-copy -exclude .DS_Store -exclude CVS -exclude .svn -exclude .git -exclude .hg -resolve-src-symlinks /Users/hyunholee/Library/Developer/Xcode/DerivedData/BamiLog-cmowuaiuamzlxlgpvixsmogdajlm/Build/Products/Debug-iphonesimulator/Promises_FBLPromises.bundle /Users/hyunholee/Library/Developer/Xcode/DerivedData/BamiLog-cmowuaiuamzlxlgpvixsmogdajlm/Build/Products/Debug-iphonesimulator/BamiLog.app

Copy /Users/hyunholee/Library/Developer/Xcode/DerivedData/BamiLog-cmowuaiuamzlxlgpvixsmogdajlm/Build/Products/Debug-iphonesimulator/BamiLog.app/GoogleUtilities_GoogleUtilities-UserDefaults.bundle /Users/hyunholee/Library/Developer/Xcode/DerivedData/BamiLog-cmowuaiuamzlxlgpvixsmogdajlm/Build/Products/Debug-iphonesimulator/GoogleUtilities_GoogleUtilities-UserDefaults.bundle (in target 'BamiLog' from project 'BamiLog')
    cd /Users/hyunholee/Documents/workspace/code/BamiLog
    builtin-copy -exclude .DS_Store -exclude CVS -exclude .svn -exclude .git -exclude .hg -resolve-src-symlinks /Users/hyunholee/Library/Developer/Xcode/DerivedData/BamiLog-cmowuaiuamzlxlgpvixsmogdajlm/Build/Products/Debug-iphonesimulator/GoogleUtilities_GoogleUtilities-UserDefaults.bundle /Users/hyunholee/Library/Developer/Xcode/DerivedData/BamiLog-cmowuaiuamzlxlgpvixsmogdajlm/Build/Products/Debug-iphonesimulator/BamiLog.app

Copy /Users/hyunholee/Library/Developer/Xcode/DerivedData/BamiLog-cmowuaiuamzlxlgpvixsmogdajlm/Build/Products/Debug-iphonesimulator/BamiLog.app/GoogleUtilities_GoogleUtilities-Reachability.bundle /Users/hyunholee/Library/Developer/Xcode/DerivedData/BamiLog-cmowuaiuamzlxlgpvixsmogdajlm/Build/Products/Debug-iphonesimulator/GoogleUtilities_GoogleUtilities-Reachability.bundle (in target 'BamiLog' from project 'BamiLog')
    cd /Users/hyunholee/Documents/workspace/code/BamiLog
    builtin-copy -exclude .DS_Store -exclude CVS -exclude .svn -exclude .git -exclude .hg -resolve-src-symlinks /Users/hyunholee/Library/Developer/Xcode/DerivedData/BamiLog-cmowuaiuamzlxlgpvixsmogdajlm/Build/Products/Debug-iphonesimulator/GoogleUtilities_GoogleUtilities-Reachability.bundle /Users/hyunholee/Library/Developer/Xcode/DerivedData/BamiLog-cmowuaiuamzlxlgpvixsmogdajlm/Build/Products/Debug-iphonesimulator/BamiLog.app

Copy /Users/hyunholee/Library/Developer/Xcode/DerivedData/BamiLog-cmowuaiuamzlxlgpvixsmogdajlm/Build/Products/Debug-iphonesimulator/BamiLog.app/GoogleUtilities_GoogleUtilities-Network.bundle /Users/hyunholee/Library/Developer/Xcode/DerivedData/BamiLog-cmowuaiuamzlxlgpvixsmogdajlm/Build/Products/Debug-iphonesimulator/GoogleUtilities_GoogleUtilities-Network.bundle (in target 'BamiLog' from project 'BamiLog')
    cd /Users/hyunholee/Documents/workspace/code/BamiLog
    builtin-copy -exclude .DS_Store -exclude CVS -exclude .svn -exclude .git -exclude .hg -resolve-src-symlinks /Users/hyunholee/Library/Developer/Xcode/DerivedData/BamiLog-cmowuaiuamzlxlgpvixsmogdajlm/Build/Products/Debug-iphonesimulator/GoogleUtilities_GoogleUtilities-Network.bundle /Users/hyunholee/Library/Developer/Xcode/DerivedData/BamiLog-cmowuaiuamzlxlgpvixsmogdajlm/Build/Products/Debug-iphonesimulator/BamiLog.app

Copy /Users/hyunholee/Library/Developer/Xcode/DerivedData/BamiLog-cmowuaiuamzlxlgpvixsmogdajlm/Build/Products/Debug-iphonesimulator/BamiLog.app/GoogleUtilities_GoogleUtilities-NSData.bundle /Users/hyunholee/Library/Developer/Xcode/DerivedData/BamiLog-cmowuaiuamzlxlgpvixsmogdajlm/Build/Products/Debug-iphonesimulator/GoogleUtilities_GoogleUtilities-NSData.bundle (in target 'BamiLog' from project 'BamiLog')
    cd /Users/hyunholee/Documents/workspace/code/BamiLog
    builtin-copy -exclude .DS_Store -exclude CVS -exclude .svn -exclude .git -exclude .hg -resolve-src-symlinks /Users/hyunholee/Library/Developer/Xcode/DerivedData/BamiLog-cmowuaiuamzlxlgpvixsmogdajlm/Build/Products/Debug-iphonesimulator/GoogleUtilities_GoogleUtilities-NSData.bundle /Users/hyunholee/Library/Developer/Xcode/DerivedData/BamiLog-cmowuaiuamzlxlgpvixsmogdajlm/Build/Products/Debug-iphonesimulator/BamiLog.app

Copy /Users/hyunholee/Library/Developer/Xcode/DerivedData/BamiLog-cmowuaiuamzlxlgpvixsmogdajlm/Build/Products/Debug-iphonesimulator/BamiLog.app/GoogleUtilities_GoogleUtilities-MethodSwizzler.bundle /Users/hyunholee/Library/Developer/Xcode/DerivedData/BamiLog-cmowuaiuamzlxlgpvixsmogdajlm/Build/Products/Debug-iphonesimulator/GoogleUtilities_GoogleUtilities-MethodSwizzler.bundle (in target 'BamiLog' from project 'BamiLog')
    cd /Users/hyunholee/Documents/workspace/code/BamiLog
    builtin-copy -exclude .DS_Store -exclude CVS -exclude .svn -exclude .git -exclude .hg -resolve-src-symlinks /Users/hyunholee/Library/Developer/Xcode/DerivedData/BamiLog-cmowuaiuamzlxlgpvixsmogdajlm/Build/Products/Debug-iphonesimulator/GoogleUtilities_GoogleUtilities-MethodSwizzler.bundle /Users/hyunholee/Library/Developer/Xcode/DerivedData/BamiLog-cmowuaiuamzlxlgpvixsmogdajlm/Build/Products/Debug-iphonesimulator/BamiLog.app

Copy /Users/hyunholee/Library/Developer/Xcode/DerivedData/BamiLog-cmowuaiuamzlxlgpvixsmogdajlm/Build/Products/Debug-iphonesimulator/BamiLog.app/GoogleUtilities_GoogleUtilities-Logger.bundle /Users/hyunholee/Library/Developer/Xcode/DerivedData/BamiLog-cmowuaiuamzlxlgpvixsmogdajlm/Build/Products/Debug-iphonesimulator/GoogleUtilities_GoogleUtilities-Logger.bundle (in target 'BamiLog' from project 'BamiLog')
    cd /Users/hyunholee/Documents/workspace/code/BamiLog
    builtin-copy -exclude .DS_Store -exclude CVS -exclude .svn -exclude .git -exclude .hg -resolve-src-symlinks /Users/hyunholee/Library/Developer/Xcode/DerivedData/BamiLog-cmowuaiuamzlxlgpvixsmogdajlm/Build/Products/Debug-iphonesimulator/GoogleUtilities_GoogleUtilities-Logger.bundle /Users/hyunholee/Library/Developer/Xcode/DerivedData/BamiLog-cmowuaiuamzlxlgpvixsmogdajlm/Build/Products/Debug-iphonesimulator/BamiLog.app

Copy /Users/hyunholee/Library/Developer/Xcode/DerivedData/BamiLog-cmowuaiuamzlxlgpvixsmogdajlm/Build/Products/Debug-iphonesimulator/BamiLog.app/GoogleUtilities_GoogleUtilities-Environment.bundle /Users/hyunholee/Library/Developer/Xcode/DerivedData/BamiLog-cmowuaiuamzlxlgpvixsmogdajlm/Build/Products/Debug-iphonesimulator/GoogleUtilities_GoogleUtilities-Environment.bundle (in target 'BamiLog' from project 'BamiLog')
    cd /Users/hyunholee/Documents/workspace/code/BamiLog
    builtin-copy -exclude .DS_Store -exclude CVS -exclude .svn -exclude .git -exclude .hg -resolve-src-symlinks /Users/hyunholee/Library/Developer/Xcode/DerivedData/BamiLog-cmowuaiuamzlxlgpvixsmogdajlm/Build/Products/Debug-iphonesimulator/GoogleUtilities_GoogleUtilities-Environment.bundle /Users/hyunholee/Library/Developer/Xcode/DerivedData/BamiLog-cmowuaiuamzlxlgpvixsmogdajlm/Build/Products/Debug-iphonesimulator/BamiLog.app

Copy /Users/hyunholee/Library/Developer/Xcode/DerivedData/BamiLog-cmowuaiuamzlxlgpvixsmogdajlm/Build/Products/Debug-iphonesimulator/BamiLog.app/GoogleUtilities_GoogleUtilities-AppDelegateSwizzler.bundle /Users/hyunholee/Library/Developer/Xcode/DerivedData/BamiLog-cmowuaiuamzlxlgpvixsmogdajlm/Build/Products/Debug-iphonesimulator/GoogleUtilities_GoogleUtilities-AppDelegateSwizzler.bundle (in target 'BamiLog' from project 'BamiLog')
    cd /Users/hyunholee/Documents/workspace/code/BamiLog
    builtin-copy -exclude .DS_Store -exclude CVS -exclude .svn -exclude .git -exclude .hg -resolve-src-symlinks /Users/hyunholee/Library/Developer/Xcode/DerivedData/BamiLog-cmowuaiuamzlxlgpvixsmogdajlm/Build/Products/Debug-iphonesimulator/GoogleUtilities_GoogleUtilities-AppDelegateSwizzler.bundle /Users/hyunholee/Library/Developer/Xcode/DerivedData/BamiLog-cmowuaiuamzlxlgpvixsmogdajlm/Build/Products/Debug-iphonesimulator/BamiLog.app

Copy /Users/hyunholee/Library/Developer/Xcode/DerivedData/BamiLog-cmowuaiuamzlxlgpvixsmogdajlm/Build/Products/Debug-iphonesimulator/BamiLog.app/GoogleDataTransport_GoogleDataTransport.bundle /Users/hyunholee/Library/Developer/Xcode/DerivedData/BamiLog-cmowuaiuamzlxlgpvixsmogdajlm/Build/Products/Debug-iphonesimulator/GoogleDataTransport_GoogleDataTransport.bundle (in target 'BamiLog' from project 'BamiLog')
    cd /Users/hyunholee/Documents/workspace/code/BamiLog
    builtin-copy -exclude .DS_Store -exclude CVS -exclude .svn -exclude .git -exclude .hg -resolve-src-symlinks /Users/hyunholee/Library/Developer/Xcode/DerivedData/BamiLog-cmowuaiuamzlxlgpvixsmogdajlm/Build/Products/Debug-iphonesimulator/GoogleDataTransport_GoogleDataTransport.bundle /Users/hyunholee/Library/Developer/Xcode/DerivedData/BamiLog-cmowuaiuamzlxlgpvixsmogdajlm/Build/Products/Debug-iphonesimulator/BamiLog.app

Copy /Users/hyunholee/Library/Developer/Xcode/DerivedData/BamiLog-cmowuaiuamzlxlgpvixsmogdajlm/Build/Products/Debug-iphonesimulator/BamiLog.app/GTMSessionFetcher_GTMSessionFetcherCore.bundle /Users/hyunholee/Library/Developer/Xcode/DerivedData/BamiLog-cmowuaiuamzlxlgpvixsmogdajlm/Build/Products/Debug-iphonesimulator/GTMSessionFetcher_GTMSessionFetcherCore.bundle (in target 'BamiLog' from project 'BamiLog')
    cd /Users/hyunholee/Documents/workspace/code/BamiLog
    builtin-copy -exclude .DS_Store -exclude CVS -exclude .svn -exclude .git -exclude .hg -resolve-src-symlinks /Users/hyunholee/Library/Developer/Xcode/DerivedData/BamiLog-cmowuaiuamzlxlgpvixsmogdajlm/Build/Products/Debug-iphonesimulator/GTMSessionFetcher_GTMSessionFetcherCore.bundle /Users/hyunholee/Library/Developer/Xcode/DerivedData/BamiLog-cmowuaiuamzlxlgpvixsmogdajlm/Build/Products/Debug-iphonesimulator/BamiLog.app

Copy /Users/hyunholee/Library/Developer/Xcode/DerivedData/BamiLog-cmowuaiuamzlxlgpvixsmogdajlm/Build/Products/Debug-iphonesimulator/BamiLog.app/Frameworks/openssl_grpc.framework /Users/hyunholee/Library/Developer/Xcode/DerivedData/BamiLog-cmowuaiuamzlxlgpvixsmogdajlm/SourcePackages/artifacts/grpc-binary/openssl_grpc/openssl_grpc.xcframework/ios-arm64_x86_64-simulator/openssl_grpc.framework (in target 'BamiLog' from project 'BamiLog')
    cd /Users/hyunholee/Documents/workspace/code/BamiLog
    builtin-copy -exclude .DS_Store -exclude CVS -exclude .svn -exclude .git -exclude .hg -exclude Headers -exclude PrivateHeaders -exclude Modules -exclude \*.tbd -resolve-src-symlinks -remove-static-executable /Users/hyunholee/Library/Developer/Xcode/DerivedData/BamiLog-cmowuaiuamzlxlgpvixsmogdajlm/SourcePackages/artifacts/grpc-binary/openssl_grpc/openssl_grpc.xcframework/ios-arm64_x86_64-simulator/openssl_grpc.framework /Users/hyunholee/Library/Developer/Xcode/DerivedData/BamiLog-cmowuaiuamzlxlgpvixsmogdajlm/Build/Products/Debug-iphonesimulator/BamiLog.app/Frameworks
note: Injecting stub binary into codeless framework (in target 'BamiLog' from project 'BamiLog')
    /Applications/Xcode.app/Contents/Developer/Toolchains/XcodeDefault.xctoolchain/usr/bin/clang -isysroot /Applications/Xcode.app/Contents/Developer/Platforms/iPhoneSimulator.platform/Developer/SDKs/iPhoneSimulator26.0.sdk -x c -c /dev/null -target arm64-apple-ios100.0-simulator -o /private/var/folders/s8/h3pr4d7n7ds_s9pj5jk436f00000gn/T/swbuild.tmp.uhB2oPUJ/Data.noindex/arm64-apple.o
    /Applications/Xcode.app/Contents/Developer/Toolchains/XcodeDefault.xctoolchain/usr/bin/clang -isysroot /Applications/Xcode.app/Contents/Developer/Platforms/iPhoneSimulator.platform/Developer/SDKs/iPhoneSimulator26.0.sdk -dynamiclib -Xlinker -adhoc_codesign -target arm64-apple-ios100.0-simulator -o /private/var/folders/s8/h3pr4d7n7ds_s9pj5jk436f00000gn/T/swbuild.tmp.uhB2oPUJ/Data.noindex/arm64-apple /private/var/folders/s8/h3pr4d7n7ds_s9pj5jk436f00000gn/T/swbuild.tmp.uhB2oPUJ/Data.noindex/arm64-apple.o
    /Applications/Xcode.app/Contents/Developer/Toolchains/XcodeDefault.xctoolchain/usr/bin/lipo -create -output /Users/hyunholee/Library/Developer/Xcode/DerivedData/BamiLog-cmowuaiuamzlxlgpvixsmogdajlm/Build/Products/Debug-iphonesimulator/BamiLog.app/Frameworks/openssl_grpc.framework/openssl_grpc /private/var/folders/s8/h3pr4d7n7ds_s9pj5jk436f00000gn/T/swbuild.tmp.uhB2oPUJ/Data.noindex/arm64-apple

Copy /Users/hyunholee/Library/Developer/Xcode/DerivedData/BamiLog-cmowuaiuamzlxlgpvixsmogdajlm/Build/Products/Debug-iphonesimulator/BamiLog.app/Frameworks/grpcpp.framework /Users/hyunholee/Library/Developer/Xcode/DerivedData/BamiLog-cmowuaiuamzlxlgpvixsmogdajlm/SourcePackages/artifacts/grpc-binary/grpcpp/grpcpp.xcframework/ios-arm64_x86_64-simulator/grpcpp.framework (in target 'BamiLog' from project 'BamiLog')
    cd /Users/hyunholee/Documents/workspace/code/BamiLog
    builtin-copy -exclude .DS_Store -exclude CVS -exclude .svn -exclude .git -exclude .hg -exclude Headers -exclude PrivateHeaders -exclude Modules -exclude \*.tbd -resolve-src-symlinks -remove-static-executable /Users/hyunholee/Library/Developer/Xcode/DerivedData/BamiLog-cmowuaiuamzlxlgpvixsmogdajlm/SourcePackages/artifacts/grpc-binary/grpcpp/grpcpp.xcframework/ios-arm64_x86_64-simulator/grpcpp.framework /Users/hyunholee/Library/Developer/Xcode/DerivedData/BamiLog-cmowuaiuamzlxlgpvixsmogdajlm/Build/Products/Debug-iphonesimulator/BamiLog.app/Frameworks
note: Injecting stub binary into codeless framework (in target 'BamiLog' from project 'BamiLog')
    /Applications/Xcode.app/Contents/Developer/Toolchains/XcodeDefault.xctoolchain/usr/bin/clang -isysroot /Applications/Xcode.app/Contents/Developer/Platforms/iPhoneSimulator.platform/Developer/SDKs/iPhoneSimulator26.0.sdk -x c -c /dev/null -target arm64-apple-ios100.0-simulator -o /private/var/folders/s8/h3pr4d7n7ds_s9pj5jk436f00000gn/T/swbuild.tmp.j7K19pZF/Data.noindex/arm64-apple.o
    /Applications/Xcode.app/Contents/Developer/Toolchains/XcodeDefault.xctoolchain/usr/bin/clang -isysroot /Applications/Xcode.app/Contents/Developer/Platforms/iPhoneSimulator.platform/Developer/SDKs/iPhoneSimulator26.0.sdk -dynamiclib -Xlinker -adhoc_codesign -target arm64-apple-ios100.0-simulator -o /private/var/folders/s8/h3pr4d7n7ds_s9pj5jk436f00000gn/T/swbuild.tmp.j7K19pZF/Data.noindex/arm64-apple /private/var/folders/s8/h3pr4d7n7ds_s9pj5jk436f00000gn/T/swbuild.tmp.j7K19pZF/Data.noindex/arm64-apple.o
    /Applications/Xcode.app/Contents/Developer/Toolchains/XcodeDefault.xctoolchain/usr/bin/lipo -create -output /Users/hyunholee/Library/Developer/Xcode/DerivedData/BamiLog-cmowuaiuamzlxlgpvixsmogdajlm/Build/Products/Debug-iphonesimulator/BamiLog.app/Frameworks/grpcpp.framework/grpcpp /private/var/folders/s8/h3pr4d7n7ds_s9pj5jk436f00000gn/T/swbuild.tmp.j7K19pZF/Data.noindex/arm64-apple

Copy /Users/hyunholee/Library/Developer/Xcode/DerivedData/BamiLog-cmowuaiuamzlxlgpvixsmogdajlm/Build/Products/Debug-iphonesimulator/BamiLog.app/Frameworks/grpc.framework /Users/hyunholee/Library/Developer/Xcode/DerivedData/BamiLog-cmowuaiuamzlxlgpvixsmogdajlm/SourcePackages/artifacts/grpc-binary/grpc/grpc.xcframework/ios-arm64_x86_64-simulator/grpc.framework (in target 'BamiLog' from project 'BamiLog')
    cd /Users/hyunholee/Documents/workspace/code/BamiLog
    builtin-copy -exclude .DS_Store -exclude CVS -exclude .svn -exclude .git -exclude .hg -exclude Headers -exclude PrivateHeaders -exclude Modules -exclude \*.tbd -resolve-src-symlinks -remove-static-executable /Users/hyunholee/Library/Developer/Xcode/DerivedData/BamiLog-cmowuaiuamzlxlgpvixsmogdajlm/SourcePackages/artifacts/grpc-binary/grpc/grpc.xcframework/ios-arm64_x86_64-simulator/grpc.framework /Users/hyunholee/Library/Developer/Xcode/DerivedData/BamiLog-cmowuaiuamzlxlgpvixsmogdajlm/Build/Products/Debug-iphonesimulator/BamiLog.app/Frameworks
note: Injecting stub binary into codeless framework (in target 'BamiLog' from project 'BamiLog')
    /Applications/Xcode.app/Contents/Developer/Toolchains/XcodeDefault.xctoolchain/usr/bin/clang -isysroot /Applications/Xcode.app/Contents/Developer/Platforms/iPhoneSimulator.platform/Developer/SDKs/iPhoneSimulator26.0.sdk -x c -c /dev/null -target arm64-apple-ios100.0-simulator -o /private/var/folders/s8/h3pr4d7n7ds_s9pj5jk436f00000gn/T/swbuild.tmp.f0QVuaGF/Data.noindex/arm64-apple.o
    /Applications/Xcode.app/Contents/Developer/Toolchains/XcodeDefault.xctoolchain/usr/bin/clang -isysroot /Applications/Xcode.app/Contents/Developer/Platforms/iPhoneSimulator.platform/Developer/SDKs/iPhoneSimulator26.0.sdk -dynamiclib -Xlinker -adhoc_codesign -target arm64-apple-ios100.0-simulator -o /private/var/folders/s8/h3pr4d7n7ds_s9pj5jk436f00000gn/T/swbuild.tmp.f0QVuaGF/Data.noindex/arm64-apple /private/var/folders/s8/h3pr4d7n7ds_s9pj5jk436f00000gn/T/swbuild.tmp.f0QVuaGF/Data.noindex/arm64-apple.o
    /Applications/Xcode.app/Contents/Developer/Toolchains/XcodeDefault.xctoolchain/usr/bin/lipo -create -output /Users/hyunholee/Library/Developer/Xcode/DerivedData/BamiLog-cmowuaiuamzlxlgpvixsmogdajlm/Build/Products/Debug-iphonesimulator/BamiLog.app/Frameworks/grpc.framework/grpc /private/var/folders/s8/h3pr4d7n7ds_s9pj5jk436f00000gn/T/swbuild.tmp.f0QVuaGF/Data.noindex/arm64-apple

Copy /Users/hyunholee/Library/Developer/Xcode/DerivedData/BamiLog-cmowuaiuamzlxlgpvixsmogdajlm/Build/Products/Debug-iphonesimulator/BamiLog.app/Frameworks/absl.framework /Users/hyunholee/Library/Developer/Xcode/DerivedData/BamiLog-cmowuaiuamzlxlgpvixsmogdajlm/SourcePackages/artifacts/abseil-cpp-binary/absl/absl.xcframework/ios-arm64_x86_64-simulator/absl.framework (in target 'BamiLog' from project 'BamiLog')
    cd /Users/hyunholee/Documents/workspace/code/BamiLog
    builtin-copy -exclude .DS_Store -exclude CVS -exclude .svn -exclude .git -exclude .hg -exclude Headers -exclude PrivateHeaders -exclude Modules -exclude \*.tbd -resolve-src-symlinks -remove-static-executable /Users/hyunholee/Library/Developer/Xcode/DerivedData/BamiLog-cmowuaiuamzlxlgpvixsmogdajlm/SourcePackages/artifacts/abseil-cpp-binary/absl/absl.xcframework/ios-arm64_x86_64-simulator/absl.framework /Users/hyunholee/Library/Developer/Xcode/DerivedData/BamiLog-cmowuaiuamzlxlgpvixsmogdajlm/Build/Products/Debug-iphonesimulator/BamiLog.app/Frameworks
note: Injecting stub binary into codeless framework (in target 'BamiLog' from project 'BamiLog')
    /Applications/Xcode.app/Contents/Developer/Toolchains/XcodeDefault.xctoolchain/usr/bin/clang -isysroot /Applications/Xcode.app/Contents/Developer/Platforms/iPhoneSimulator.platform/Developer/SDKs/iPhoneSimulator26.0.sdk -x c -c /dev/null -target arm64-apple-ios100.0-simulator -o /private/var/folders/s8/h3pr4d7n7ds_s9pj5jk436f00000gn/T/swbuild.tmp.40PCjjPO/Data.noindex/arm64-apple.o
    /Applications/Xcode.app/Contents/Developer/Toolchains/XcodeDefault.xctoolchain/usr/bin/clang -isysroot /Applications/Xcode.app/Contents/Developer/Platforms/iPhoneSimulator.platform/Developer/SDKs/iPhoneSimulator26.0.sdk -dynamiclib -Xlinker -adhoc_codesign -target arm64-apple-ios100.0-simulator -o /private/var/folders/s8/h3pr4d7n7ds_s9pj5jk436f00000gn/T/swbuild.tmp.40PCjjPO/Data.noindex/arm64-apple /private/var/folders/s8/h3pr4d7n7ds_s9pj5jk436f00000gn/T/swbuild.tmp.40PCjjPO/Data.noindex/arm64-apple.o
    /Applications/Xcode.app/Contents/Developer/Toolchains/XcodeDefault.xctoolchain/usr/bin/lipo -create -output /Users/hyunholee/Library/Developer/Xcode/DerivedData/BamiLog-cmowuaiuamzlxlgpvixsmogdajlm/Build/Products/Debug-iphonesimulator/BamiLog.app/Frameworks/absl.framework/absl /private/var/folders/s8/h3pr4d7n7ds_s9pj5jk436f00000gn/T/swbuild.tmp.40PCjjPO/Data.noindex/arm64-apple

Copy /Users/hyunholee/Library/Developer/Xcode/DerivedData/BamiLog-cmowuaiuamzlxlgpvixsmogdajlm/Build/Products/Debug-iphonesimulator/BamiLog.app/Frameworks/GoogleAppMeasurementIdentitySupport.framework /Users/hyunholee/Library/Developer/Xcode/DerivedData/BamiLog-cmowuaiuamzlxlgpvixsmogdajlm/SourcePackages/artifacts/googleappmeasurement/GoogleAppMeasurementIdentitySupport/GoogleAppMeasurementIdentitySupport.xcframework/ios-arm64_x86_64-simulator/GoogleAppMeasurementIdentitySupport.framework (in target 'BamiLog' from project 'BamiLog')
    cd /Users/hyunholee/Documents/workspace/code/BamiLog
    builtin-copy -exclude .DS_Store -exclude CVS -exclude .svn -exclude .git -exclude .hg -exclude Headers -exclude PrivateHeaders -exclude Modules -exclude \*.tbd -resolve-src-symlinks -remove-static-executable /Users/hyunholee/Library/Developer/Xcode/DerivedData/BamiLog-cmowuaiuamzlxlgpvixsmogdajlm/SourcePackages/artifacts/googleappmeasurement/GoogleAppMeasurementIdentitySupport/GoogleAppMeasurementIdentitySupport.xcframework/ios-arm64_x86_64-simulator/GoogleAppMeasurementIdentitySupport.framework /Users/hyunholee/Library/Developer/Xcode/DerivedData/BamiLog-cmowuaiuamzlxlgpvixsmogdajlm/Build/Products/Debug-iphonesimulator/BamiLog.app/Frameworks
note: Injecting stub binary into codeless framework (in target 'BamiLog' from project 'BamiLog')
    /Applications/Xcode.app/Contents/Developer/Toolchains/XcodeDefault.xctoolchain/usr/bin/clang -isysroot /Applications/Xcode.app/Contents/Developer/Platforms/iPhoneSimulator.platform/Developer/SDKs/iPhoneSimulator26.0.sdk -x c -c /dev/null -target arm64-apple-ios100.0-simulator -o /private/var/folders/s8/h3pr4d7n7ds_s9pj5jk436f00000gn/T/swbuild.tmp.plHNBYgY/Data.noindex/arm64-apple.o
    /Applications/Xcode.app/Contents/Developer/Toolchains/XcodeDefault.xctoolchain/usr/bin/clang -isysroot /Applications/Xcode.app/Contents/Developer/Platforms/iPhoneSimulator.platform/Developer/SDKs/iPhoneSimulator26.0.sdk -dynamiclib -Xlinker -adhoc_codesign -target arm64-apple-ios100.0-simulator -o /private/var/folders/s8/h3pr4d7n7ds_s9pj5jk436f00000gn/T/swbuild.tmp.plHNBYgY/Data.noindex/arm64-apple /private/var/folders/s8/h3pr4d7n7ds_s9pj5jk436f00000gn/T/swbuild.tmp.plHNBYgY/Data.noindex/arm64-apple.o
    /Applications/Xcode.app/Contents/Developer/Toolchains/XcodeDefault.xctoolchain/usr/bin/lipo -create -output /Users/hyunholee/Library/Developer/Xcode/DerivedData/BamiLog-cmowuaiuamzlxlgpvixsmogdajlm/Build/Products/Debug-iphonesimulator/BamiLog.app/Frameworks/GoogleAppMeasurementIdentitySupport.framework/GoogleAppMeasurementIdentitySupport /private/var/folders/s8/h3pr4d7n7ds_s9pj5jk436f00000gn/T/swbuild.tmp.plHNBYgY/Data.noindex/arm64-apple

Copy /Users/hyunholee/Library/Developer/Xcode/DerivedData/BamiLog-cmowuaiuamzlxlgpvixsmogdajlm/Build/Products/Debug-iphonesimulator/BamiLog.app/Frameworks/GoogleAppMeasurement.framework /Users/hyunholee/Library/Developer/Xcode/DerivedData/BamiLog-cmowuaiuamzlxlgpvixsmogdajlm/SourcePackages/artifacts/googleappmeasurement/GoogleAppMeasurement/GoogleAppMeasurement.xcframework/ios-arm64_x86_64-simulator/GoogleAppMeasurement.framework (in target 'BamiLog' from project 'BamiLog')
    cd /Users/hyunholee/Documents/workspace/code/BamiLog
    builtin-copy -exclude .DS_Store -exclude CVS -exclude .svn -exclude .git -exclude .hg -exclude Headers -exclude PrivateHeaders -exclude Modules -exclude \*.tbd -resolve-src-symlinks -remove-static-executable /Users/hyunholee/Library/Developer/Xcode/DerivedData/BamiLog-cmowuaiuamzlxlgpvixsmogdajlm/SourcePackages/artifacts/googleappmeasurement/GoogleAppMeasurement/GoogleAppMeasurement.xcframework/ios-arm64_x86_64-simulator/GoogleAppMeasurement.framework /Users/hyunholee/Library/Developer/Xcode/DerivedData/BamiLog-cmowuaiuamzlxlgpvixsmogdajlm/Build/Products/Debug-iphonesimulator/BamiLog.app/Frameworks
note: Injecting stub binary into codeless framework (in target 'BamiLog' from project 'BamiLog')
    /Applications/Xcode.app/Contents/Developer/Toolchains/XcodeDefault.xctoolchain/usr/bin/clang -isysroot /Applications/Xcode.app/Contents/Developer/Platforms/iPhoneSimulator.platform/Developer/SDKs/iPhoneSimulator26.0.sdk -x c -c /dev/null -target arm64-apple-ios100.0-simulator -o /private/var/folders/s8/h3pr4d7n7ds_s9pj5jk436f00000gn/T/swbuild.tmp.S5cqkVwQ/Data.noindex/arm64-apple.o
    /Applications/Xcode.app/Contents/Developer/Toolchains/XcodeDefault.xctoolchain/usr/bin/clang -isysroot /Applications/Xcode.app/Contents/Developer/Platforms/iPhoneSimulator.platform/Developer/SDKs/iPhoneSimulator26.0.sdk -dynamiclib -Xlinker -adhoc_codesign -target arm64-apple-ios100.0-simulator -o /private/var/folders/s8/h3pr4d7n7ds_s9pj5jk436f00000gn/T/swbuild.tmp.S5cqkVwQ/Data.noindex/arm64-apple /private/var/folders/s8/h3pr4d7n7ds_s9pj5jk436f00000gn/T/swbuild.tmp.S5cqkVwQ/Data.noindex/arm64-apple.o
    /Applications/Xcode.app/Contents/Developer/Toolchains/XcodeDefault.xctoolchain/usr/bin/lipo -create -output /Users/hyunholee/Library/Developer/Xcode/DerivedData/BamiLog-cmowuaiuamzlxlgpvixsmogdajlm/Build/Products/Debug-iphonesimulator/BamiLog.app/Frameworks/GoogleAppMeasurement.framework/GoogleAppMeasurement /private/var/folders/s8/h3pr4d7n7ds_s9pj5jk436f00000gn/T/swbuild.tmp.S5cqkVwQ/Data.noindex/arm64-apple

Copy /Users/hyunholee/Library/Developer/Xcode/DerivedData/BamiLog-cmowuaiuamzlxlgpvixsmogdajlm/Build/Products/Debug-iphonesimulator/BamiLog.app/Frameworks/GoogleAdsOnDeviceConversion.framework /Users/hyunholee/Library/Developer/Xcode/DerivedData/BamiLog-cmowuaiuamzlxlgpvixsmogdajlm/SourcePackages/artifacts/google-ads-on-device-conversion-ios-sdk/GoogleAdsOnDeviceConversion/GoogleAdsOnDeviceConversion.xcframework/ios-arm64_x86_64-simulator/GoogleAdsOnDeviceConversion.framework (in target 'BamiLog' from project 'BamiLog')
    cd /Users/hyunholee/Documents/workspace/code/BamiLog
    builtin-copy -exclude .DS_Store -exclude CVS -exclude .svn -exclude .git -exclude .hg -exclude Headers -exclude PrivateHeaders -exclude Modules -exclude \*.tbd -resolve-src-symlinks -remove-static-executable /Users/hyunholee/Library/Developer/Xcode/DerivedData/BamiLog-cmowuaiuamzlxlgpvixsmogdajlm/SourcePackages/artifacts/google-ads-on-device-conversion-ios-sdk/GoogleAdsOnDeviceConversion/GoogleAdsOnDeviceConversion.xcframework/ios-arm64_x86_64-simulator/GoogleAdsOnDeviceConversion.framework /Users/hyunholee/Library/Developer/Xcode/DerivedData/BamiLog-cmowuaiuamzlxlgpvixsmogdajlm/Build/Products/Debug-iphonesimulator/BamiLog.app/Frameworks
note: Injecting stub binary into codeless framework (in target 'BamiLog' from project 'BamiLog')
    /Applications/Xcode.app/Contents/Developer/Toolchains/XcodeDefault.xctoolchain/usr/bin/clang -isysroot /Applications/Xcode.app/Contents/Developer/Platforms/iPhoneSimulator.platform/Developer/SDKs/iPhoneSimulator26.0.sdk -x c -c /dev/null -target arm64-apple-ios100.0-simulator -o /private/var/folders/s8/h3pr4d7n7ds_s9pj5jk436f00000gn/T/swbuild.tmp.68dUoFrz/Data.noindex/arm64-apple.o
    /Applications/Xcode.app/Contents/Developer/Toolchains/XcodeDefault.xctoolchain/usr/bin/clang -isysroot /Applications/Xcode.app/Contents/Developer/Platforms/iPhoneSimulator.platform/Developer/SDKs/iPhoneSimulator26.0.sdk -dynamiclib -Xlinker -adhoc_codesign -target arm64-apple-ios100.0-simulator -o /private/var/folders/s8/h3pr4d7n7ds_s9pj5jk436f00000gn/T/swbuild.tmp.68dUoFrz/Data.noindex/arm64-apple /private/var/folders/s8/h3pr4d7n7ds_s9pj5jk436f00000gn/T/swbuild.tmp.68dUoFrz/Data.noindex/arm64-apple.o
    /Applications/Xcode.app/Contents/Developer/Toolchains/XcodeDefault.xctoolchain/usr/bin/lipo -create -output /Users/hyunholee/Library/Developer/Xcode/DerivedData/BamiLog-cmowuaiuamzlxlgpvixsmogdajlm/Build/Products/Debug-iphonesimulator/BamiLog.app/Frameworks/GoogleAdsOnDeviceConversion.framework/GoogleAdsOnDeviceConversion /private/var/folders/s8/h3pr4d7n7ds_s9pj5jk436f00000gn/T/swbuild.tmp.68dUoFrz/Data.noindex/arm64-apple

Copy /Users/hyunholee/Library/Developer/Xcode/DerivedData/BamiLog-cmowuaiuamzlxlgpvixsmogdajlm/Build/Products/Debug-iphonesimulator/BamiLog.app/Frameworks/FirebaseFirestoreInternal.framework /Users/hyunholee/Library/Developer/Xcode/DerivedData/BamiLog-cmowuaiuamzlxlgpvixsmogdajlm/SourcePackages/artifacts/firebase-ios-sdk/FirebaseFirestoreInternal/FirebaseFirestoreInternal.xcframework/ios-arm64_x86_64-simulator/FirebaseFirestoreInternal.framework (in target 'BamiLog' from project 'BamiLog')
    cd /Users/hyunholee/Documents/workspace/code/BamiLog
    builtin-copy -exclude .DS_Store -exclude CVS -exclude .svn -exclude .git -exclude .hg -exclude Headers -exclude PrivateHeaders -exclude Modules -exclude \*.tbd -resolve-src-symlinks -remove-static-executable /Users/hyunholee/Library/Developer/Xcode/DerivedData/BamiLog-cmowuaiuamzlxlgpvixsmogdajlm/SourcePackages/artifacts/firebase-ios-sdk/FirebaseFirestoreInternal/FirebaseFirestoreInternal.xcframework/ios-arm64_x86_64-simulator/FirebaseFirestoreInternal.framework /Users/hyunholee/Library/Developer/Xcode/DerivedData/BamiLog-cmowuaiuamzlxlgpvixsmogdajlm/Build/Products/Debug-iphonesimulator/BamiLog.app/Frameworks
note: Injecting stub binary into codeless framework (in target 'BamiLog' from project 'BamiLog')
    /Applications/Xcode.app/Contents/Developer/Toolchains/XcodeDefault.xctoolchain/usr/bin/clang -isysroot /Applications/Xcode.app/Contents/Developer/Platforms/iPhoneSimulator.platform/Developer/SDKs/iPhoneSimulator26.0.sdk -x c -c /dev/null -target arm64-apple-ios100.0-simulator -o /private/var/folders/s8/h3pr4d7n7ds_s9pj5jk436f00000gn/T/swbuild.tmp.EfdrQOOh/Data.noindex/arm64-apple.o
    /Applications/Xcode.app/Contents/Developer/Toolchains/XcodeDefault.xctoolchain/usr/bin/clang -isysroot /Applications/Xcode.app/Contents/Developer/Platforms/iPhoneSimulator.platform/Developer/SDKs/iPhoneSimulator26.0.sdk -dynamiclib -Xlinker -adhoc_codesign -target arm64-apple-ios100.0-simulator -o /private/var/folders/s8/h3pr4d7n7ds_s9pj5jk436f00000gn/T/swbuild.tmp.EfdrQOOh/Data.noindex/arm64-apple /private/var/folders/s8/h3pr4d7n7ds_s9pj5jk436f00000gn/T/swbuild.tmp.EfdrQOOh/Data.noindex/arm64-apple.o
    /Applications/Xcode.app/Contents/Developer/Toolchains/XcodeDefault.xctoolchain/usr/bin/lipo -create -output /Users/hyunholee/Library/Developer/Xcode/DerivedData/BamiLog-cmowuaiuamzlxlgpvixsmogdajlm/Build/Products/Debug-iphonesimulator/BamiLog.app/Frameworks/FirebaseFirestoreInternal.framework/FirebaseFirestoreInternal /private/var/folders/s8/h3pr4d7n7ds_s9pj5jk436f00000gn/T/swbuild.tmp.EfdrQOOh/Data.noindex/arm64-apple

Copy /Users/hyunholee/Library/Developer/Xcode/DerivedData/BamiLog-cmowuaiuamzlxlgpvixsmogdajlm/Build/Products/Debug-iphonesimulator/BamiLog.app/Frameworks/FirebaseAnalytics.framework /Users/hyunholee/Library/Developer/Xcode/DerivedData/BamiLog-cmowuaiuamzlxlgpvixsmogdajlm/SourcePackages/artifacts/firebase-ios-sdk/FirebaseAnalytics/FirebaseAnalytics.xcframework/ios-arm64_x86_64-simulator/FirebaseAnalytics.framework (in target 'BamiLog' from project 'BamiLog')
    cd /Users/hyunholee/Documents/workspace/code/BamiLog
    builtin-copy -exclude .DS_Store -exclude CVS -exclude .svn -exclude .git -exclude .hg -exclude Headers -exclude PrivateHeaders -exclude Modules -exclude \*.tbd -resolve-src-symlinks -remove-static-executable /Users/hyunholee/Library/Developer/Xcode/DerivedData/BamiLog-cmowuaiuamzlxlgpvixsmogdajlm/SourcePackages/artifacts/firebase-ios-sdk/FirebaseAnalytics/FirebaseAnalytics.xcframework/ios-arm64_x86_64-simulator/FirebaseAnalytics.framework /Users/hyunholee/Library/Developer/Xcode/DerivedData/BamiLog-cmowuaiuamzlxlgpvixsmogdajlm/Build/Products/Debug-iphonesimulator/BamiLog.app/Frameworks
note: Injecting stub binary into codeless framework (in target 'BamiLog' from project 'BamiLog')
    /Applications/Xcode.app/Contents/Developer/Toolchains/XcodeDefault.xctoolchain/usr/bin/clang -isysroot /Applications/Xcode.app/Contents/Developer/Platforms/iPhoneSimulator.platform/Developer/SDKs/iPhoneSimulator26.0.sdk -x c -c /dev/null -target arm64-apple-ios100.0-simulator -o /private/var/folders/s8/h3pr4d7n7ds_s9pj5jk436f00000gn/T/swbuild.tmp.0c8NPLJk/Data.noindex/arm64-apple.o
    /Applications/Xcode.app/Contents/Developer/Toolchains/XcodeDefault.xctoolchain/usr/bin/clang -isysroot /Applications/Xcode.app/Contents/Developer/Platforms/iPhoneSimulator.platform/Developer/SDKs/iPhoneSimulator26.0.sdk -dynamiclib -Xlinker -adhoc_codesign -target arm64-apple-ios100.0-simulator -o /private/var/folders/s8/h3pr4d7n7ds_s9pj5jk436f00000gn/T/swbuild.tmp.0c8NPLJk/Data.noindex/arm64-apple /private/var/folders/s8/h3pr4d7n7ds_s9pj5jk436f00000gn/T/swbuild.tmp.0c8NPLJk/Data.noindex/arm64-apple.o
    /Applications/Xcode.app/Contents/Developer/Toolchains/XcodeDefault.xctoolchain/usr/bin/lipo -create -output /Users/hyunholee/Library/Developer/Xcode/DerivedData/BamiLog-cmowuaiuamzlxlgpvixsmogdajlm/Build/Products/Debug-iphonesimulator/BamiLog.app/Frameworks/FirebaseAnalytics.framework/FirebaseAnalytics /private/var/folders/s8/h3pr4d7n7ds_s9pj5jk436f00000gn/T/swbuild.tmp.0c8NPLJk/Data.noindex/arm64-apple

Copy /Users/hyunholee/Library/Developer/Xcode/DerivedData/BamiLog-cmowuaiuamzlxlgpvixsmogdajlm/Build/Products/Debug-iphonesimulator/BamiLog.app/Firebase_FirebaseRemoteConfig.bundle /Users/hyunholee/Library/Developer/Xcode/DerivedData/BamiLog-cmowuaiuamzlxlgpvixsmogdajlm/Build/Products/Debug-iphonesimulator/Firebase_FirebaseRemoteConfig.bundle (in target 'BamiLog' from project 'BamiLog')
    cd /Users/hyunholee/Documents/workspace/code/BamiLog
    builtin-copy -exclude .DS_Store -exclude CVS -exclude .svn -exclude .git -exclude .hg -resolve-src-symlinks /Users/hyunholee/Library/Developer/Xcode/DerivedData/BamiLog-cmowuaiuamzlxlgpvixsmogdajlm/Build/Products/Debug-iphonesimulator/Firebase_FirebaseRemoteConfig.bundle /Users/hyunholee/Library/Developer/Xcode/DerivedData/BamiLog-cmowuaiuamzlxlgpvixsmogdajlm/Build/Products/Debug-iphonesimulator/BamiLog.app

Copy /Users/hyunholee/Library/Developer/Xcode/DerivedData/BamiLog-cmowuaiuamzlxlgpvixsmogdajlm/Build/Products/Debug-iphonesimulator/BamiLog.app/Firebase_FirebaseMessaging.bundle /Users/hyunholee/Library/Developer/Xcode/DerivedData/BamiLog-cmowuaiuamzlxlgpvixsmogdajlm/Build/Products/Debug-iphonesimulator/Firebase_FirebaseMessaging.bundle (in target 'BamiLog' from project 'BamiLog')
    cd /Users/hyunholee/Documents/workspace/code/BamiLog
    builtin-copy -exclude .DS_Store -exclude CVS -exclude .svn -exclude .git -exclude .hg -resolve-src-symlinks /Users/hyunholee/Library/Developer/Xcode/DerivedData/BamiLog-cmowuaiuamzlxlgpvixsmogdajlm/Build/Products/Debug-iphonesimulator/Firebase_FirebaseMessaging.bundle /Users/hyunholee/Library/Developer/Xcode/DerivedData/BamiLog-cmowuaiuamzlxlgpvixsmogdajlm/Build/Products/Debug-iphonesimulator/BamiLog.app

Copy /Users/hyunholee/Library/Developer/Xcode/DerivedData/BamiLog-cmowuaiuamzlxlgpvixsmogdajlm/Build/Products/Debug-iphonesimulator/BamiLog.app/Firebase_FirebaseInstallations.bundle /Users/hyunholee/Library/Developer/Xcode/DerivedData/BamiLog-cmowuaiuamzlxlgpvixsmogdajlm/Build/Products/Debug-iphonesimulator/Firebase_FirebaseInstallations.bundle (in target 'BamiLog' from project 'BamiLog')
    cd /Users/hyunholee/Documents/workspace/code/BamiLog
    builtin-copy -exclude .DS_Store -exclude CVS -exclude .svn -exclude .git -exclude .hg -resolve-src-symlinks /Users/hyunholee/Library/Developer/Xcode/DerivedData/BamiLog-cmowuaiuamzlxlgpvixsmogdajlm/Build/Products/Debug-iphonesimulator/Firebase_FirebaseInstallations.bundle /Users/hyunholee/Library/Developer/Xcode/DerivedData/BamiLog-cmowuaiuamzlxlgpvixsmogdajlm/Build/Products/Debug-iphonesimulator/BamiLog.app

Copy /Users/hyunholee/Library/Developer/Xcode/DerivedData/BamiLog-cmowuaiuamzlxlgpvixsmogdajlm/Build/Products/Debug-iphonesimulator/BamiLog.app/Firebase_FirebaseInAppMessaging_iOS.bundle /Users/hyunholee/Library/Developer/Xcode/DerivedData/BamiLog-cmowuaiuamzlxlgpvixsmogdajlm/Build/Products/Debug-iphonesimulator/Firebase_FirebaseInAppMessaging_iOS.bundle (in target 'BamiLog' from project 'BamiLog')
    cd /Users/hyunholee/Documents/workspace/code/BamiLog
    builtin-copy -exclude .DS_Store -exclude CVS -exclude .svn -exclude .git -exclude .hg -resolve-src-symlinks /Users/hyunholee/Library/Developer/Xcode/DerivedData/BamiLog-cmowuaiuamzlxlgpvixsmogdajlm/Build/Products/Debug-iphonesimulator/Firebase_FirebaseInAppMessaging_iOS.bundle /Users/hyunholee/Library/Developer/Xcode/DerivedData/BamiLog-cmowuaiuamzlxlgpvixsmogdajlm/Build/Products/Debug-iphonesimulator/BamiLog.app

Copy /Users/hyunholee/Library/Developer/Xcode/DerivedData/BamiLog-cmowuaiuamzlxlgpvixsmogdajlm/Build/Products/Debug-iphonesimulator/BamiLog.app/Firebase_FirebaseFirestore.bundle /Users/hyunholee/Library/Developer/Xcode/DerivedData/BamiLog-cmowuaiuamzlxlgpvixsmogdajlm/Build/Products/Debug-iphonesimulator/Firebase_FirebaseFirestore.bundle (in target 'BamiLog' from project 'BamiLog')
    cd /Users/hyunholee/Documents/workspace/code/BamiLog
    builtin-copy -exclude .DS_Store -exclude CVS -exclude .svn -exclude .git -exclude .hg -resolve-src-symlinks /Users/hyunholee/Library/Developer/Xcode/DerivedData/BamiLog-cmowuaiuamzlxlgpvixsmogdajlm/Build/Products/Debug-iphonesimulator/Firebase_FirebaseFirestore.bundle /Users/hyunholee/Library/Developer/Xcode/DerivedData/BamiLog-cmowuaiuamzlxlgpvixsmogdajlm/Build/Products/Debug-iphonesimulator/BamiLog.app

Copy /Users/hyunholee/Library/Developer/Xcode/DerivedData/BamiLog-cmowuaiuamzlxlgpvixsmogdajlm/Build/Products/Debug-iphonesimulator/BamiLog.app/Firebase_FirebaseCrashlyticsSwift.bundle /Users/hyunholee/Library/Developer/Xcode/DerivedData/BamiLog-cmowuaiuamzlxlgpvixsmogdajlm/Build/Products/Debug-iphonesimulator/Firebase_FirebaseCrashlyticsSwift.bundle (in target 'BamiLog' from project 'BamiLog')
    cd /Users/hyunholee/Documents/workspace/code/BamiLog
    builtin-copy -exclude .DS_Store -exclude CVS -exclude .svn -exclude .git -exclude .hg -resolve-src-symlinks /Users/hyunholee/Library/Developer/Xcode/DerivedData/BamiLog-cmowuaiuamzlxlgpvixsmogdajlm/Build/Products/Debug-iphonesimulator/Firebase_FirebaseCrashlyticsSwift.bundle /Users/hyunholee/Library/Developer/Xcode/DerivedData/BamiLog-cmowuaiuamzlxlgpvixsmogdajlm/Build/Products/Debug-iphonesimulator/BamiLog.app

Copy /Users/hyunholee/Library/Developer/Xcode/DerivedData/BamiLog-cmowuaiuamzlxlgpvixsmogdajlm/Build/Products/Debug-iphonesimulator/BamiLog.app/Firebase_FirebaseCrashlytics.bundle /Users/hyunholee/Library/Developer/Xcode/DerivedData/BamiLog-cmowuaiuamzlxlgpvixsmogdajlm/Build/Products/Debug-iphonesimulator/Firebase_FirebaseCrashlytics.bundle (in target 'BamiLog' from project 'BamiLog')
    cd /Users/hyunholee/Documents/workspace/code/BamiLog
    builtin-copy -exclude .DS_Store -exclude CVS -exclude .svn -exclude .git -exclude .hg -resolve-src-symlinks /Users/hyunholee/Library/Developer/Xcode/DerivedData/BamiLog-cmowuaiuamzlxlgpvixsmogdajlm/Build/Products/Debug-iphonesimulator/Firebase_FirebaseCrashlytics.bundle /Users/hyunholee/Library/Developer/Xcode/DerivedData/BamiLog-cmowuaiuamzlxlgpvixsmogdajlm/Build/Products/Debug-iphonesimulator/BamiLog.app

Copy /Users/hyunholee/Library/Developer/Xcode/DerivedData/BamiLog-cmowuaiuamzlxlgpvixsmogdajlm/Build/Products/Debug-iphonesimulator/BamiLog.app/Firebase_FirebaseCoreInternal.bundle /Users/hyunholee/Library/Developer/Xcode/DerivedData/BamiLog-cmowuaiuamzlxlgpvixsmogdajlm/Build/Products/Debug-iphonesimulator/Firebase_FirebaseCoreInternal.bundle (in target 'BamiLog' from project 'BamiLog')
    cd /Users/hyunholee/Documents/workspace/code/BamiLog
    builtin-copy -exclude .DS_Store -exclude CVS -exclude .svn -exclude .git -exclude .hg -resolve-src-symlinks /Users/hyunholee/Library/Developer/Xcode/DerivedData/BamiLog-cmowuaiuamzlxlgpvixsmogdajlm/Build/Products/Debug-iphonesimulator/Firebase_FirebaseCoreInternal.bundle /Users/hyunholee/Library/Developer/Xcode/DerivedData/BamiLog-cmowuaiuamzlxlgpvixsmogdajlm/Build/Products/Debug-iphonesimulator/BamiLog.app

Copy /Users/hyunholee/Library/Developer/Xcode/DerivedData/BamiLog-cmowuaiuamzlxlgpvixsmogdajlm/Build/Products/Debug-iphonesimulator/BamiLog.app/Firebase_FirebaseCoreExtension.bundle /Users/hyunholee/Library/Developer/Xcode/DerivedData/BamiLog-cmowuaiuamzlxlgpvixsmogdajlm/Build/Products/Debug-iphonesimulator/Firebase_FirebaseCoreExtension.bundle (in target 'BamiLog' from project 'BamiLog')
    cd /Users/hyunholee/Documents/workspace/code/BamiLog
    builtin-copy -exclude .DS_Store -exclude CVS -exclude .svn -exclude .git -exclude .hg -resolve-src-symlinks /Users/hyunholee/Library/Developer/Xcode/DerivedData/BamiLog-cmowuaiuamzlxlgpvixsmogdajlm/Build/Products/Debug-iphonesimulator/Firebase_FirebaseCoreExtension.bundle /Users/hyunholee/Library/Developer/Xcode/DerivedData/BamiLog-cmowuaiuamzlxlgpvixsmogdajlm/Build/Products/Debug-iphonesimulator/BamiLog.app

Copy /Users/hyunholee/Library/Developer/Xcode/DerivedData/BamiLog-cmowuaiuamzlxlgpvixsmogdajlm/Build/Products/Debug-iphonesimulator/BamiLog.app/Firebase_FirebaseCore.bundle /Users/hyunholee/Library/Developer/Xcode/DerivedData/BamiLog-cmowuaiuamzlxlgpvixsmogdajlm/Build/Products/Debug-iphonesimulator/Firebase_FirebaseCore.bundle (in target 'BamiLog' from project 'BamiLog')
    cd /Users/hyunholee/Documents/workspace/code/BamiLog
    builtin-copy -exclude .DS_Store -exclude CVS -exclude .svn -exclude .git -exclude .hg -resolve-src-symlinks /Users/hyunholee/Library/Developer/Xcode/DerivedData/BamiLog-cmowuaiuamzlxlgpvixsmogdajlm/Build/Products/Debug-iphonesimulator/Firebase_FirebaseCore.bundle /Users/hyunholee/Library/Developer/Xcode/DerivedData/BamiLog-cmowuaiuamzlxlgpvixsmogdajlm/Build/Products/Debug-iphonesimulator/BamiLog.app

Copy /Users/hyunholee/Library/Developer/Xcode/DerivedData/BamiLog-cmowuaiuamzlxlgpvixsmogdajlm/Build/Products/Debug-iphonesimulator/BamiLog.app/Firebase_FirebaseAuth.bundle /Users/hyunholee/Library/Developer/Xcode/DerivedData/BamiLog-cmowuaiuamzlxlgpvixsmogdajlm/Build/Products/Debug-iphonesimulator/Firebase_FirebaseAuth.bundle (in target 'BamiLog' from project 'BamiLog')
    cd /Users/hyunholee/Documents/workspace/code/BamiLog
    builtin-copy -exclude .DS_Store -exclude CVS -exclude .svn -exclude .git -exclude .hg -resolve-src-symlinks /Users/hyunholee/Library/Developer/Xcode/DerivedData/BamiLog-cmowuaiuamzlxlgpvixsmogdajlm/Build/Products/Debug-iphonesimulator/Firebase_FirebaseAuth.bundle /Users/hyunholee/Library/Developer/Xcode/DerivedData/BamiLog-cmowuaiuamzlxlgpvixsmogdajlm/Build/Products/Debug-iphonesimulator/BamiLog.app

Copy /Users/hyunholee/Library/Developer/Xcode/DerivedData/BamiLog-cmowuaiuamzlxlgpvixsmogdajlm/Build/Products/Debug-iphonesimulator/BamiLog.app/Firebase_FirebaseABTesting.bundle /Users/hyunholee/Library/Developer/Xcode/DerivedData/BamiLog-cmowuaiuamzlxlgpvixsmogdajlm/Build/Products/Debug-iphonesimulator/Firebase_FirebaseABTesting.bundle (in target 'BamiLog' from project 'BamiLog')
    cd /Users/hyunholee/Documents/workspace/code/BamiLog
    builtin-copy -exclude .DS_Store -exclude CVS -exclude .svn -exclude .git -exclude .hg -resolve-src-symlinks /Users/hyunholee/Library/Developer/Xcode/DerivedData/BamiLog-cmowuaiuamzlxlgpvixsmogdajlm/Build/Products/Debug-iphonesimulator/Firebase_FirebaseABTesting.bundle /Users/hyunholee/Library/Developer/Xcode/DerivedData/BamiLog-cmowuaiuamzlxlgpvixsmogdajlm/Build/Products/Debug-iphonesimulator/BamiLog.app

CodeSign /Users/hyunholee/Library/Developer/Xcode/DerivedData/BamiLog-cmowuaiuamzlxlgpvixsmogdajlm/Build/Products/Debug-iphonesimulator/BamiLog.app/Frameworks/openssl_grpc.framework (in target 'BamiLog' from project 'BamiLog')
    cd /Users/hyunholee/Documents/workspace/code/BamiLog
    
    Signing Identity:     "Sign to Run Locally"
    
    /usr/bin/codesign --force --sign - --timestamp\=none --preserve-metadata\=identifier,entitlements,flags --generate-entitlement-der /Users/hyunholee/Library/Developer/Xcode/DerivedData/BamiLog-cmowuaiuamzlxlgpvixsmogdajlm/Build/Products/Debug-iphonesimulator/BamiLog.app/Frameworks/openssl_grpc.framework
/Users/hyunholee/Library/Developer/Xcode/DerivedData/BamiLog-cmowuaiuamzlxlgpvixsmogdajlm/Build/Products/Debug-iphonesimulator/BamiLog.app/Frameworks/openssl_grpc.framework: replacing existing signature

CodeSign /Users/hyunholee/Library/Developer/Xcode/DerivedData/BamiLog-cmowuaiuamzlxlgpvixsmogdajlm/Build/Products/Debug-iphonesimulator/BamiLog.app/Frameworks/grpcpp.framework (in target 'BamiLog' from project 'BamiLog')
    cd /Users/hyunholee/Documents/workspace/code/BamiLog
    
    Signing Identity:     "Sign to Run Locally"
    
    /usr/bin/codesign --force --sign - --timestamp\=none --preserve-metadata\=identifier,entitlements,flags --generate-entitlement-der /Users/hyunholee/Library/Developer/Xcode/DerivedData/BamiLog-cmowuaiuamzlxlgpvixsmogdajlm/Build/Products/Debug-iphonesimulator/BamiLog.app/Frameworks/grpcpp.framework
/Users/hyunholee/Library/Developer/Xcode/DerivedData/BamiLog-cmowuaiuamzlxlgpvixsmogdajlm/Build/Products/Debug-iphonesimulator/BamiLog.app/Frameworks/grpcpp.framework: replacing existing signature

CodeSign /Users/hyunholee/Library/Developer/Xcode/DerivedData/BamiLog-cmowuaiuamzlxlgpvixsmogdajlm/Build/Products/Debug-iphonesimulator/BamiLog.app/Frameworks/absl.framework (in target 'BamiLog' from project 'BamiLog')
    cd /Users/hyunholee/Documents/workspace/code/BamiLog
    
    Signing Identity:     "Sign to Run Locally"
    
    /usr/bin/codesign --force --sign - --timestamp\=none --preserve-metadata\=identifier,entitlements,flags --generate-entitlement-der /Users/hyunholee/Library/Developer/Xcode/DerivedData/BamiLog-cmowuaiuamzlxlgpvixsmogdajlm/Build/Products/Debug-iphonesimulator/BamiLog.app/Frameworks/absl.framework
/Users/hyunholee/Library/Developer/Xcode/DerivedData/BamiLog-cmowuaiuamzlxlgpvixsmogdajlm/Build/Products/Debug-iphonesimulator/BamiLog.app/Frameworks/absl.framework: replacing existing signature

CodeSign /Users/hyunholee/Library/Developer/Xcode/DerivedData/BamiLog-cmowuaiuamzlxlgpvixsmogdajlm/Build/Products/Debug-iphonesimulator/BamiLog.app/Frameworks/GoogleAppMeasurementIdentitySupport.framework (in target 'BamiLog' from project 'BamiLog')
    cd /Users/hyunholee/Documents/workspace/code/BamiLog
    
    Signing Identity:     "Sign to Run Locally"
    
    /usr/bin/codesign --force --sign - --timestamp\=none --preserve-metadata\=identifier,entitlements,flags --generate-entitlement-der /Users/hyunholee/Library/Developer/Xcode/DerivedData/BamiLog-cmowuaiuamzlxlgpvixsmogdajlm/Build/Products/Debug-iphonesimulator/BamiLog.app/Frameworks/GoogleAppMeasurementIdentitySupport.framework
/Users/hyunholee/Library/Developer/Xcode/DerivedData/BamiLog-cmowuaiuamzlxlgpvixsmogdajlm/Build/Products/Debug-iphonesimulator/BamiLog.app/Frameworks/GoogleAppMeasurementIdentitySupport.framework: replacing existing signature

CodeSign /Users/hyunholee/Library/Developer/Xcode/DerivedData/BamiLog-cmowuaiuamzlxlgpvixsmogdajlm/Build/Products/Debug-iphonesimulator/BamiLog.app/Frameworks/grpc.framework (in target 'BamiLog' from project 'BamiLog')
    cd /Users/hyunholee/Documents/workspace/code/BamiLog
    
    Signing Identity:     "Sign to Run Locally"
    
    /usr/bin/codesign --force --sign - --timestamp\=none --preserve-metadata\=identifier,entitlements,flags --generate-entitlement-der /Users/hyunholee/Library/Developer/Xcode/DerivedData/BamiLog-cmowuaiuamzlxlgpvixsmogdajlm/Build/Products/Debug-iphonesimulator/BamiLog.app/Frameworks/grpc.framework
/Users/hyunholee/Library/Developer/Xcode/DerivedData/BamiLog-cmowuaiuamzlxlgpvixsmogdajlm/Build/Products/Debug-iphonesimulator/BamiLog.app/Frameworks/grpc.framework: replacing existing signature

CodeSign /Users/hyunholee/Library/Developer/Xcode/DerivedData/BamiLog-cmowuaiuamzlxlgpvixsmogdajlm/Build/Products/Debug-iphonesimulator/BamiLog.app/Frameworks/GoogleAppMeasurement.framework (in target 'BamiLog' from project 'BamiLog')
    cd /Users/hyunholee/Documents/workspace/code/BamiLog
    
    Signing Identity:     "Sign to Run Locally"
    
    /usr/bin/codesign --force --sign - --timestamp\=none --preserve-metadata\=identifier,entitlements,flags --generate-entitlement-der /Users/hyunholee/Library/Developer/Xcode/DerivedData/BamiLog-cmowuaiuamzlxlgpvixsmogdajlm/Build/Products/Debug-iphonesimulator/BamiLog.app/Frameworks/GoogleAppMeasurement.framework
/Users/hyunholee/Library/Developer/Xcode/DerivedData/BamiLog-cmowuaiuamzlxlgpvixsmogdajlm/Build/Products/Debug-iphonesimulator/BamiLog.app/Frameworks/GoogleAppMeasurement.framework: replacing existing signature

CodeSign /Users/hyunholee/Library/Developer/Xcode/DerivedData/BamiLog-cmowuaiuamzlxlgpvixsmogdajlm/Build/Products/Debug-iphonesimulator/BamiLog.app/Frameworks/GoogleAdsOnDeviceConversion.framework (in target 'BamiLog' from project 'BamiLog')
    cd /Users/hyunholee/Documents/workspace/code/BamiLog
    
    Signing Identity:     "Sign to Run Locally"
    
    /usr/bin/codesign --force --sign - --timestamp\=none --preserve-metadata\=identifier,entitlements,flags --generate-entitlement-der /Users/hyunholee/Library/Developer/Xcode/DerivedData/BamiLog-cmowuaiuamzlxlgpvixsmogdajlm/Build/Products/Debug-iphonesimulator/BamiLog.app/Frameworks/GoogleAdsOnDeviceConversion.framework
/Users/hyunholee/Library/Developer/Xcode/DerivedData/BamiLog-cmowuaiuamzlxlgpvixsmogdajlm/Build/Products/Debug-iphonesimulator/BamiLog.app/Frameworks/GoogleAdsOnDeviceConversion.framework: replacing existing signature

CodeSign /Users/hyunholee/Library/Developer/Xcode/DerivedData/BamiLog-cmowuaiuamzlxlgpvixsmogdajlm/Build/Products/Debug-iphonesimulator/BamiLog.app/Frameworks/FirebaseFirestoreInternal.framework (in target 'BamiLog' from project 'BamiLog')
    cd /Users/hyunholee/Documents/workspace/code/BamiLog
    
    Signing Identity:     "Sign to Run Locally"
    
    /usr/bin/codesign --force --sign - --timestamp\=none --preserve-metadata\=identifier,entitlements,flags --generate-entitlement-der /Users/hyunholee/Library/Developer/Xcode/DerivedData/BamiLog-cmowuaiuamzlxlgpvixsmogdajlm/Build/Products/Debug-iphonesimulator/BamiLog.app/Frameworks/FirebaseFirestoreInternal.framework
/Users/hyunholee/Library/Developer/Xcode/DerivedData/BamiLog-cmowuaiuamzlxlgpvixsmogdajlm/Build/Products/Debug-iphonesimulator/BamiLog.app/Frameworks/FirebaseFirestoreInternal.framework: replacing existing signature

CodeSign /Users/hyunholee/Library/Developer/Xcode/DerivedData/BamiLog-cmowuaiuamzlxlgpvixsmogdajlm/Build/Products/Debug-iphonesimulator/BamiLog.app/Frameworks/FirebaseAnalytics.framework (in target 'BamiLog' from project 'BamiLog')
    cd /Users/hyunholee/Documents/workspace/code/BamiLog
    
    Signing Identity:     "Sign to Run Locally"
    
    /usr/bin/codesign --force --sign - --timestamp\=none --preserve-metadata\=identifier,entitlements,flags --generate-entitlement-der /Users/hyunholee/Library/Developer/Xcode/DerivedData/BamiLog-cmowuaiuamzlxlgpvixsmogdajlm/Build/Products/Debug-iphonesimulator/BamiLog.app/Frameworks/FirebaseAnalytics.framework
/Users/hyunholee/Library/Developer/Xcode/DerivedData/BamiLog-cmowuaiuamzlxlgpvixsmogdajlm/Build/Products/Debug-iphonesimulator/BamiLog.app/Frameworks/FirebaseAnalytics.framework: replacing existing signature

SwiftCompile normal arm64 Compiling\ MenuView.swift,\ EnterProfileView.swift,\ SleepingRecordView.swift,\ ContractionHistoryView.swift,\ RecordView.swift,\ QRCodeScanView.swift,\ StaticsView.swift,\ LogView.swift /Users/hyunholee/Documents/workspace/code/BamiLog/BamiLog/View/Menu/MenuView.swift /Users/hyunholee/Documents/workspace/code/BamiLog/BamiLog/View/EnterProfileView.swift /Users/hyunholee/Documents/workspace/code/BamiLog/BamiLog/View/Menu/SleepingRecordView.swift /Users/hyunholee/Documents/workspace/code/BamiLog/BamiLog/View/Components/ContractionHistoryView.swift /Users/hyunholee/Documents/workspace/code/BamiLog/BamiLog/View/RecordView.swift /Users/hyunholee/Documents/workspace/code/BamiLog/BamiLog/View/QR/QRCodeScanView.swift /Users/hyunholee/Documents/workspace/code/BamiLog/BamiLog/View/Menu/StaticsView.swift /Users/hyunholee/Documents/workspace/code/BamiLog/BamiLog/View/Components/LogView.swift (in target 'BamiLog' from project 'BamiLog')
SwiftCompile normal arm64 /Users/hyunholee/Documents/workspace/code/BamiLog/BamiLog/View/Menu/MenuView.swift (in target 'BamiLog' from project 'BamiLog')
    cd /Users/hyunholee/Documents/workspace/code/BamiLog
    
/Users/hyunholee/Documents/workspace/code/BamiLog/BamiLog/View/Menu/MenuView.swift:272:27: warning: result of call to 'save(favorites:key:)' is unused
        PersitenceManager.save(favorites: sampleRecords, key: .feed)
                          ^   ~~~~~~~~~~~~~~~~~~~~~~~~~~~~~~~~~~~~~~

SwiftCompile normal arm64 /Users/hyunholee/Documents/workspace/code/BamiLog/BamiLog/View/EnterProfileView.swift (in target 'BamiLog' from project 'BamiLog')
    cd /Users/hyunholee/Documents/workspace/code/BamiLog
    

SwiftCompile normal arm64 /Users/hyunholee/Documents/workspace/code/BamiLog/BamiLog/View/Menu/SleepingRecordView.swift (in target 'BamiLog' from project 'BamiLog')
    cd /Users/hyunholee/Documents/workspace/code/BamiLog
    

SwiftCompile normal arm64 /Users/hyunholee/Documents/workspace/code/BamiLog/BamiLog/View/Components/ContractionHistoryView.swift (in target 'BamiLog' from project 'BamiLog')
    cd /Users/hyunholee/Documents/workspace/code/BamiLog
    

SwiftCompile normal arm64 /Users/hyunholee/Documents/workspace/code/BamiLog/BamiLog/View/RecordView.swift (in target 'BamiLog' from project 'BamiLog')
    cd /Users/hyunholee/Documents/workspace/code/BamiLog
    
/Users/hyunholee/Documents/workspace/code/BamiLog/BamiLog/View/RecordView.swift:655:23: warning: type 'ButtonType' is not optional, value can never be nil; this is an error in the Swift 6 language mode
        case .diaper, nil:
                      ^
/Users/hyunholee/Documents/workspace/code/BamiLog/BamiLog/View/RecordView.swift:741:23: warning: type 'ButtonType' is not optional, value can never be nil; this is an error in the Swift 6 language mode
        case .diaper, nil:
                      ^
/Users/hyunholee/Documents/workspace/code/BamiLog/BamiLog/View/RecordView.swift:655:9: warning: case will never be executed
        case .diaper, nil:
        ^
/Users/hyunholee/Documents/workspace/code/BamiLog/BamiLog/View/RecordView.swift:741:9: warning: case will never be executed
        case .diaper, nil:
        ^

SwiftCompile normal arm64 /Users/hyunholee/Documents/workspace/code/BamiLog/BamiLog/View/QR/QRCodeScanView.swift (in target 'BamiLog' from project 'BamiLog')
    cd /Users/hyunholee/Documents/workspace/code/BamiLog
    

SwiftCompile normal arm64 /Users/hyunholee/Documents/workspace/code/BamiLog/BamiLog/View/Menu/StaticsView.swift (in target 'BamiLog' from project 'BamiLog')
    cd /Users/hyunholee/Documents/workspace/code/BamiLog
    
/Users/hyunholee/Documents/workspace/code/BamiLog/BamiLog/View/Menu/StaticsView.swift:166:30: warning: 에러처리
                    #warning("에러처리")
/Users/hyunholee/Documents/workspace/code/BamiLog/BamiLog/View/Menu/StaticsView.swift:65:20: warning: value 'user' was defined but never used; consider replacing with boolean test
            if let user = user {
               ~~~~^~~~~~~
                               != nil
/Users/hyunholee/Documents/workspace/code/BamiLog/BamiLog/View/Menu/StaticsView.swift:140:27: warning: result of call to 'save(favorites:key:)' is unused
        PersitenceManager.save(favorites: milkDatas, key: .feed)
                          ^   ~~~~~~~~~~~~~~~~~~~~~~~~~~~~~~~~~~
/Users/hyunholee/Documents/workspace/code/BamiLog/BamiLog/View/Menu/StaticsView.swift:118:13: warning: variable 'allRecords' was never mutated; consider changing to 'let' constant
        var allRecords = milkDatas + firebaseData
        ~~~ ^
        let
/Users/hyunholee/Documents/workspace/code/BamiLog/BamiLog/View/Menu/StaticsView.swift:169:15: warning: 'catch' block is unreachable because no errors are thrown in 'do' block
            } catch {
              ^

SwiftCompile normal arm64 /Users/hyunholee/Documents/workspace/code/BamiLog/BamiLog/View/Components/LogView.swift (in target 'BamiLog' from project 'BamiLog')
    cd /Users/hyunholee/Documents/workspace/code/BamiLog
    

SwiftEmitModule normal arm64 Emitting\ module\ for\ BamiLog (in target 'BamiLog' from project 'BamiLog')

EmitSwiftModule normal arm64 (in target 'BamiLog' from project 'BamiLog')
    cd /Users/hyunholee/Documents/workspace/code/BamiLog
    

SwiftCompile normal arm64 Compiling\ BabyInfomation.swift,\ BreastFeedingView.swift,\ QRGeneratorView.swift,\ View+.swift,\ BreathGuideView.swift,\ MilkRecord.swift,\ UserProfile.swift,\ UserProfileManager.swift /Users/hyunholee/Documents/workspace/code/BamiLog/BamiLog/Model/BabyInfomation.swift /Users/hyunholee/Documents/workspace/code/BamiLog/BamiLog/View/Menu/BreastFeedingView.swift /Users/hyunholee/Documents/workspace/code/BamiLog/BamiLog/View/QR/QRGeneratorView.swift /Users/hyunholee/Documents/workspace/code/BamiLog/BamiLog/Extension/View+.swift /Users/hyunholee/Documents/workspace/code/BamiLog/BamiLog/View/Components/BreathGuideView.swift /Users/hyunholee/Documents/workspace/code/BamiLog/BamiLog/Model/MilkRecord.swift /Users/hyunholee/Documents/workspace/code/BamiLog/BamiLog/Models/UserProfile.swift /Users/hyunholee/Documents/workspace/code/BamiLog/BamiLog/Managers/UserProfileManager.swift (in target 'BamiLog' from project 'BamiLog')

SwiftCompile normal arm64 /Users/hyunholee/Documents/workspace/code/BamiLog/BamiLog/Model/BabyInfomation.swift (in target 'BamiLog' from project 'BamiLog')
    cd /Users/hyunholee/Documents/workspace/code/BamiLog
    

SwiftCompile normal arm64 /Users/hyunholee/Documents/workspace/code/BamiLog/BamiLog/View/Menu/BreastFeedingView.swift (in target 'BamiLog' from project 'BamiLog')
    cd /Users/hyunholee/Documents/workspace/code/BamiLog
    

SwiftCompile normal arm64 /Users/hyunholee/Documents/workspace/code/BamiLog/BamiLog/View/QR/QRGeneratorView.swift (in target 'BamiLog' from project 'BamiLog')
    cd /Users/hyunholee/Documents/workspace/code/BamiLog
    

SwiftCompile normal arm64 /Users/hyunholee/Documents/workspace/code/BamiLog/BamiLog/Extension/View+.swift (in target 'BamiLog' from project 'BamiLog')
    cd /Users/hyunholee/Documents/workspace/code/BamiLog
    

SwiftCompile normal arm64 /Users/hyunholee/Documents/workspace/code/BamiLog/BamiLog/View/Components/BreathGuideView.swift (in target 'BamiLog' from project 'BamiLog')
    cd /Users/hyunholee/Documents/workspace/code/BamiLog
    

SwiftCompile normal arm64 /Users/hyunholee/Documents/workspace/code/BamiLog/BamiLog/Model/MilkRecord.swift (in target 'BamiLog' from project 'BamiLog')
    cd /Users/hyunholee/Documents/workspace/code/BamiLog
    

SwiftCompile normal arm64 /Users/hyunholee/Documents/workspace/code/BamiLog/BamiLog/Models/UserProfile.swift (in target 'BamiLog' from project 'BamiLog')
    cd /Users/hyunholee/Documents/workspace/code/BamiLog
    

SwiftCompile normal arm64 /Users/hyunholee/Documents/workspace/code/BamiLog/BamiLog/Managers/UserProfileManager.swift (in target 'BamiLog' from project 'BamiLog')
    cd /Users/hyunholee/Documents/workspace/code/BamiLog
    

SwiftCompile normal arm64 Compiling\ OnboardingView.swift,\ ProfileEditView.swift,\ MenstrualModels.swift,\ PregnancyModels.swift,\ MenstrualCycleManager.swift,\ PregnancyManager.swift,\ MenstrualTrackingPhaseView.swift,\ PregnancyPhaseView.swift /Users/hyunholee/Documents/workspace/code/BamiLog/BamiLog/View/Onboarding/OnboardingView.swift /Users/hyunholee/Documents/workspace/code/BamiLog/BamiLog/View/Settings/ProfileEditView.swift /Users/hyunholee/Documents/workspace/code/BamiLog/BamiLog/Models/MenstrualModels.swift /Users/hyunholee/Documents/workspace/code/BamiLog/BamiLog/Models/PregnancyModels.swift /Users/hyunholee/Documents/workspace/code/BamiLog/BamiLog/Managers/MenstrualCycleManager.swift /Users/hyunholee/Documents/workspace/code/BamiLog/BamiLog/Managers/PregnancyManager.swift /Users/hyunholee/Documents/workspace/code/BamiLog/BamiLog/View/Phases/MenstrualTrackingPhaseView.swift /Users/hyunholee/Documents/workspace/code/BamiLog/BamiLog/View/Phases/PregnancyPhaseView.swift (in target 'BamiLog' from project 'BamiLog')

SwiftCompile normal arm64 /Users/hyunholee/Documents/workspace/code/BamiLog/BamiLog/View/Onboarding/OnboardingView.swift (in target 'BamiLog' from project 'BamiLog')
    cd /Users/hyunholee/Documents/workspace/code/BamiLog
    

SwiftCompile normal arm64 /Users/hyunholee/Documents/workspace/code/BamiLog/BamiLog/View/Settings/ProfileEditView.swift (in target 'BamiLog' from project 'BamiLog')
    cd /Users/hyunholee/Documents/workspace/code/BamiLog
    

SwiftCompile normal arm64 /Users/hyunholee/Documents/workspace/code/BamiLog/BamiLog/Models/MenstrualModels.swift (in target 'BamiLog' from project 'BamiLog')
    cd /Users/hyunholee/Documents/workspace/code/BamiLog
    

SwiftCompile normal arm64 /Users/hyunholee/Documents/workspace/code/BamiLog/BamiLog/Models/PregnancyModels.swift (in target 'BamiLog' from project 'BamiLog')
    cd /Users/hyunholee/Documents/workspace/code/BamiLog
    

SwiftCompile normal arm64 /Users/hyunholee/Documents/workspace/code/BamiLog/BamiLog/Managers/MenstrualCycleManager.swift (in target 'BamiLog' from project 'BamiLog')
    cd /Users/hyunholee/Documents/workspace/code/BamiLog
    

SwiftCompile normal arm64 /Users/hyunholee/Documents/workspace/code/BamiLog/BamiLog/Managers/PregnancyManager.swift (in target 'BamiLog' from project 'BamiLog')
    cd /Users/hyunholee/Documents/workspace/code/BamiLog
    

SwiftCompile normal arm64 /Users/hyunholee/Documents/workspace/code/BamiLog/BamiLog/View/Phases/MenstrualTrackingPhaseView.swift (in target 'BamiLog' from project 'BamiLog')
    cd /Users/hyunholee/Documents/workspace/code/BamiLog
    

SwiftCompile normal arm64 /Users/hyunholee/Documents/workspace/code/BamiLog/BamiLog/View/Phases/PregnancyPhaseView.swift (in target 'BamiLog' from project 'BamiLog')
    cd /Users/hyunholee/Documents/workspace/code/BamiLog
    

SwiftCompile normal arm64 Compiling\ AddDiaryView.swift,\ AddToothRecordView.swift,\ PhotoGalleryView.swift,\ GrowthModels.swift,\ MilestoneView.swift,\ AddMilestoneView.swift,\ GeneratedAssetSymbols.swift /Users/hyunholee/Documents/workspace/code/BamiLog/BamiLog/View/GrowthDiary/AddDiaryView.swift /Users/hyunholee/Documents/workspace/code/BamiLog/BamiLog/View/GrowthDiary/AddToothRecordView.swift /Users/hyunholee/Documents/workspace/code/BamiLog/BamiLog/View/GrowthDiary/PhotoGalleryView.swift /Users/hyunholee/Documents/workspace/code/BamiLog/BamiLog/Models/GrowthModels.swift /Users/hyunholee/Documents/workspace/code/BamiLog/BamiLog/View/GrowthDiary/MilestoneView.swift /Users/hyunholee/Documents/workspace/code/BamiLog/BamiLog/View/GrowthDiary/AddMilestoneView.swift /Users/hyunholee/Library/Developer/Xcode/DerivedData/BamiLog-cmowuaiuamzlxlgpvixsmogdajlm/Build/Intermediates.noindex/BamiLog.build/Debug-iphonesimulator/BamiLog.build/DerivedSources/GeneratedAssetSymbols.swift (in target 'BamiLog' from project 'BamiLog')

SwiftCompile normal arm64 /Users/hyunholee/Documents/workspace/code/BamiLog/BamiLog/View/GrowthDiary/AddDiaryView.swift (in target 'BamiLog' from project 'BamiLog')
    cd /Users/hyunholee/Documents/workspace/code/BamiLog
    

SwiftCompile normal arm64 /Users/hyunholee/Documents/workspace/code/BamiLog/BamiLog/View/GrowthDiary/AddToothRecordView.swift (in target 'BamiLog' from project 'BamiLog')
    cd /Users/hyunholee/Documents/workspace/code/BamiLog
    

SwiftCompile normal arm64 /Users/hyunholee/Documents/workspace/code/BamiLog/BamiLog/View/GrowthDiary/PhotoGalleryView.swift (in target 'BamiLog' from project 'BamiLog')
    cd /Users/hyunholee/Documents/workspace/code/BamiLog
    

SwiftCompile normal arm64 /Users/hyunholee/Documents/workspace/code/BamiLog/BamiLog/Models/GrowthModels.swift (in target 'BamiLog' from project 'BamiLog')
    cd /Users/hyunholee/Documents/workspace/code/BamiLog
    

SwiftCompile normal arm64 /Users/hyunholee/Documents/workspace/code/BamiLog/BamiLog/View/GrowthDiary/MilestoneView.swift (in target 'BamiLog' from project 'BamiLog')
    cd /Users/hyunholee/Documents/workspace/code/BamiLog
    

SwiftCompile normal arm64 /Users/hyunholee/Documents/workspace/code/BamiLog/BamiLog/View/GrowthDiary/AddMilestoneView.swift (in target 'BamiLog' from project 'BamiLog')
    cd /Users/hyunholee/Documents/workspace/code/BamiLog
    

SwiftCompile normal arm64 /Users/hyunholee/Library/Developer/Xcode/DerivedData/BamiLog-cmowuaiuamzlxlgpvixsmogdajlm/Build/Intermediates.noindex/BamiLog.build/Debug-iphonesimulator/BamiLog.build/DerivedSources/GeneratedAssetSymbols.swift (in target 'BamiLog' from project 'BamiLog')
    cd /Users/hyunholee/Documents/workspace/code/BamiLog
    

SwiftCompile normal arm64 Compiling\ ContractionTrackerView.swift,\ MainTabView.swift,\ AppIconManager.swift,\ AppState.swift,\ DesignSystem.swift,\ MainView.swift,\ UIScreen+.swift,\ BreathingGuidePhaseView.swift /Users/hyunholee/Documents/workspace/code/BamiLog/BamiLog/View/Components/ContractionTrackerView.swift /Users/hyunholee/Documents/workspace/code/BamiLog/BamiLog/Imported/Views/MainTabView.swift /Users/hyunholee/Documents/workspace/code/BamiLog/BamiLog/Managers/AppIconManager.swift /Users/hyunholee/Documents/workspace/code/BamiLog/BamiLog/Imported/Models/AppState.swift /Users/hyunholee/Documents/workspace/code/BamiLog/BamiLog/Imported/Resources/DesignSystem.swift /Users/hyunholee/Documents/workspace/code/BamiLog/BamiLog/Imported/Views/MainView.swift /Users/hyunholee/Documents/workspace/code/BamiLog/BamiLog/Extension/UIScreen+.swift /Users/hyunholee/Documents/workspace/code/BamiLog/BamiLog/View/Phases/BreathingGuidePhaseView.swift (in target 'BamiLog' from project 'BamiLog')

SwiftCompile normal arm64 /Users/hyunholee/Documents/workspace/code/BamiLog/BamiLog/View/Components/ContractionTrackerView.swift (in target 'BamiLog' from project 'BamiLog')
    cd /Users/hyunholee/Documents/workspace/code/BamiLog
    

SwiftCompile normal arm64 /Users/hyunholee/Documents/workspace/code/BamiLog/BamiLog/Imported/Views/MainTabView.swift (in target 'BamiLog' from project 'BamiLog')
    cd /Users/hyunholee/Documents/workspace/code/BamiLog
    

SwiftCompile normal arm64 /Users/hyunholee/Documents/workspace/code/BamiLog/BamiLog/Managers/AppIconManager.swift (in target 'BamiLog' from project 'BamiLog')
    cd /Users/hyunholee/Documents/workspace/code/BamiLog
    

SwiftCompile normal arm64 /Users/hyunholee/Documents/workspace/code/BamiLog/BamiLog/Imported/Models/AppState.swift (in target 'BamiLog' from project 'BamiLog')
    cd /Users/hyunholee/Documents/workspace/code/BamiLog
    

SwiftCompile normal arm64 /Users/hyunholee/Documents/workspace/code/BamiLog/BamiLog/Imported/Resources/DesignSystem.swift (in target 'BamiLog' from project 'BamiLog')
    cd /Users/hyunholee/Documents/workspace/code/BamiLog
    

SwiftCompile normal arm64 /Users/hyunholee/Documents/workspace/code/BamiLog/BamiLog/Imported/Views/MainView.swift (in target 'BamiLog' from project 'BamiLog')
    cd /Users/hyunholee/Documents/workspace/code/BamiLog
    

SwiftCompile normal arm64 /Users/hyunholee/Documents/workspace/code/BamiLog/BamiLog/Extension/UIScreen+.swift (in target 'BamiLog' from project 'BamiLog')
    cd /Users/hyunholee/Documents/workspace/code/BamiLog
    

SwiftCompile normal arm64 /Users/hyunholee/Documents/workspace/code/BamiLog/BamiLog/View/Phases/BreathingGuidePhaseView.swift (in target 'BamiLog' from project 'BamiLog')
    cd /Users/hyunholee/Documents/workspace/code/BamiLog
    

SwiftCompile normal arm64 Compiling\ AudioManager.swift,\ BamiLogApp.swift,\ LoginView.swift,\ SoundView.swift,\ Date+.swift,\ DiaperView.swift,\ ScannerViewController.swift,\ CoworkView.swift /Users/hyunholee/Documents/workspace/code/BamiLog/BamiLog/Managers/AudioManager.swift /Users/hyunholee/Documents/workspace/code/BamiLog/BamiLog/BamiLogApp.swift /Users/hyunholee/Documents/workspace/code/BamiLog/BamiLog/View/Login/LoginView.swift /Users/hyunholee/Documents/workspace/code/BamiLog/BamiLog/View/Menu/SoundView.swift /Users/hyunholee/Documents/workspace/code/BamiLog/BamiLog/Extension/Date+.swift /Users/hyunholee/Documents/workspace/code/BamiLog/BamiLog/View/Menu/DiaperView.swift /Users/hyunholee/Documents/workspace/code/BamiLog/BamiLog/View/QR/ScannerViewController.swift /Users/hyunholee/Documents/workspace/code/BamiLog/BamiLog/View/CoworkView.swift (in target 'BamiLog' from project 'BamiLog')

SwiftCompile normal arm64 /Users/hyunholee/Documents/workspace/code/BamiLog/BamiLog/Managers/AudioManager.swift (in target 'BamiLog' from project 'BamiLog')
    cd /Users/hyunholee/Documents/workspace/code/BamiLog
    

SwiftCompile normal arm64 /Users/hyunholee/Documents/workspace/code/BamiLog/BamiLog/BamiLogApp.swift (in target 'BamiLog' from project 'BamiLog')
    cd /Users/hyunholee/Documents/workspace/code/BamiLog
    

SwiftCompile normal arm64 /Users/hyunholee/Documents/workspace/code/BamiLog/BamiLog/View/Login/LoginView.swift (in target 'BamiLog' from project 'BamiLog')
    cd /Users/hyunholee/Documents/workspace/code/BamiLog
    

SwiftCompile normal arm64 /Users/hyunholee/Documents/workspace/code/BamiLog/BamiLog/View/Menu/SoundView.swift (in target 'BamiLog' from project 'BamiLog')
    cd /Users/hyunholee/Documents/workspace/code/BamiLog
    

SwiftCompile normal arm64 /Users/hyunholee/Documents/workspace/code/BamiLog/BamiLog/Extension/Date+.swift (in target 'BamiLog' from project 'BamiLog')
    cd /Users/hyunholee/Documents/workspace/code/BamiLog
    

SwiftCompile normal arm64 /Users/hyunholee/Documents/workspace/code/BamiLog/BamiLog/View/Menu/DiaperView.swift (in target 'BamiLog' from project 'BamiLog')
    cd /Users/hyunholee/Documents/workspace/code/BamiLog
    

SwiftCompile normal arm64 /Users/hyunholee/Documents/workspace/code/BamiLog/BamiLog/View/QR/ScannerViewController.swift (in target 'BamiLog' from project 'BamiLog')
    cd /Users/hyunholee/Documents/workspace/code/BamiLog
    

SwiftCompile normal arm64 /Users/hyunholee/Documents/workspace/code/BamiLog/BamiLog/View/CoworkView.swift (in target 'BamiLog' from project 'BamiLog')
    cd /Users/hyunholee/Documents/workspace/code/BamiLog
    

SwiftCompile normal arm64 Compiling\ AlertItem.swift,\ BathTimerView.swift,\ ContractionManager.swift,\ ContractionTrackingPhaseView.swift,\ SettingsView.swift,\ ScannerView.swift,\ BottleFeedingView.swift,\ PersitenceManager.swift /Users/hyunholee/Documents/workspace/code/BamiLog/BamiLog/View/QR/AlertItem.swift /Users/hyunholee/Documents/workspace/code/BamiLog/BamiLog/View/Menu/BathTimerView.swift /Users/hyunholee/Documents/workspace/code/BamiLog/BamiLog/Managers/ContractionManager.swift /Users/hyunholee/Documents/workspace/code/BamiLog/BamiLog/View/Phases/ContractionTrackingPhaseView.swift /Users/hyunholee/Documents/workspace/code/BamiLog/BamiLog/View/Settings/SettingsView.swift /Users/hyunholee/Documents/workspace/code/BamiLog/BamiLog/View/QR/ScannerView.swift /Users/hyunholee/Documents/workspace/code/BamiLog/BamiLog/View/Menu/BottleFeedingView.swift /Users/hyunholee/Documents/workspace/code/BamiLog/BamiLog/Managers/PersitenceManager.swift (in target 'BamiLog' from project 'BamiLog')
SwiftCompile normal arm64 /Users/hyunholee/Documents/workspace/code/BamiLog/BamiLog/View/QR/AlertItem.swift (in target 'BamiLog' from project 'BamiLog')
    cd /Users/hyunholee/Documents/workspace/code/BamiLog
    

SwiftCompile normal arm64 /Users/hyunholee/Documents/workspace/code/BamiLog/BamiLog/View/Menu/BathTimerView.swift (in target 'BamiLog' from project 'BamiLog')
    cd /Users/hyunholee/Documents/workspace/code/BamiLog
    

SwiftCompile normal arm64 /Users/hyunholee/Documents/workspace/code/BamiLog/BamiLog/Managers/ContractionManager.swift (in target 'BamiLog' from project 'BamiLog')
    cd /Users/hyunholee/Documents/workspace/code/BamiLog
    

SwiftCompile normal arm64 /Users/hyunholee/Documents/workspace/code/BamiLog/BamiLog/View/Phases/ContractionTrackingPhaseView.swift (in target 'BamiLog' from project 'BamiLog')
    cd /Users/hyunholee/Documents/workspace/code/BamiLog
    

SwiftCompile normal arm64 /Users/hyunholee/Documents/workspace/code/BamiLog/BamiLog/View/Settings/SettingsView.swift (in target 'BamiLog' from project 'BamiLog')
    cd /Users/hyunholee/Documents/workspace/code/BamiLog
    

SwiftCompile normal arm64 /Users/hyunholee/Documents/workspace/code/BamiLog/BamiLog/View/QR/ScannerView.swift (in target 'BamiLog' from project 'BamiLog')
    cd /Users/hyunholee/Documents/workspace/code/BamiLog
    

SwiftCompile normal arm64 /Users/hyunholee/Documents/workspace/code/BamiLog/BamiLog/View/Menu/BottleFeedingView.swift (in target 'BamiLog' from project 'BamiLog')
    cd /Users/hyunholee/Documents/workspace/code/BamiLog
    

SwiftCompile normal arm64 /Users/hyunholee/Documents/workspace/code/BamiLog/BamiLog/Managers/PersitenceManager.swift (in target 'BamiLog' from project 'BamiLog')
    cd /Users/hyunholee/Documents/workspace/code/BamiLog
    

SwiftDriverJobDiscovery normal arm64 Emitting module for BamiLog (in target 'BamiLog' from project 'BamiLog')

SwiftDriver\ Compilation\ Requirements BamiLog normal arm64 com.apple.xcode.tools.swift.compiler (in target 'BamiLog' from project 'BamiLog')
    cd /Users/hyunholee/Documents/workspace/code/BamiLog
    builtin-Swift-Compilation-Requirements -- /Applications/Xcode.app/Contents/Developer/Toolchains/XcodeDefault.xctoolchain/usr/bin/swiftc -module-name BamiLog -Onone -enforce-exclusivity\=checked @/Users/hyunholee/Library/Developer/Xcode/DerivedData/BamiLog-cmowuaiuamzlxlgpvixsmogdajlm/Build/Intermediates.noindex/BamiLog.build/Debug-iphonesimulator/BamiLog.build/Objects-normal/arm64/BamiLog.SwiftFileList -DDEBUG -Xcc -fmodule-map-file\=/Users/hyunholee/Library/Developer/Xcode/DerivedData/BamiLog-cmowuaiuamzlxlgpvixsmogdajlm/Build/Intermediates.noindex/GeneratedModuleMaps-iphonesimulator/FirebaseAppDistribution.modulemap -Xcc -fmodule-map-file\=/Users/hyunholee/Library/Developer/Xcode/DerivedData/BamiLog-cmowuaiuamzlxlgpvixsmogdajlm/Build/Intermediates.noindex/GeneratedModuleMaps-iphonesimulator/FirebaseAppDistributionTarget.modulemap -Xcc -fmodule-map-file\=/Users/hyunholee/Library/Developer/Xcode/DerivedData/BamiLog-cmowuaiuamzlxlgpvixsmogdajlm/Build/Intermediates.noindex/GeneratedModuleMaps-iphonesimulator/GoogleAppMeasurementIdentitySupportTarget.modulemap -Xcc -fmodule-map-file\=/Users/hyunholee/Library/Developer/Xcode/DerivedData/BamiLog-cmowuaiuamzlxlgpvixsmogdajlm/Build/Intermediates.noindex/GeneratedModuleMaps-iphonesimulator/FirebaseAnalyticsIdentitySupportTarget.modulemap -Xcc -fmodule-map-file\=/Users/hyunholee/Library/Developer/Xcode/DerivedData/BamiLog-cmowuaiuamzlxlgpvixsmogdajlm/Build/Intermediates.noindex/GeneratedModuleMaps-iphonesimulator/FirebaseInAppMessagingInternal.modulemap -Xcc -fmodule-map-file\=/Users/hyunholee/Library/Developer/Xcode/DerivedData/BamiLog-cmowuaiuamzlxlgpvixsmogdajlm/Build/Intermediates.noindex/GeneratedModuleMaps-iphonesimulator/FirebaseInAppMessaging_iOS.modulemap -Xcc -fmodule-map-file\=/Users/hyunholee/Library/Developer/Xcode/DerivedData/BamiLog-cmowuaiuamzlxlgpvixsmogdajlm/Build/Intermediates.noindex/GeneratedModuleMaps-iphonesimulator/FirebaseInAppMessagingTarget.modulemap -Xcc -fmodule-map-file\=/Users/hyunholee/Library/Developer/Xcode/DerivedData/BamiLog-cmowuaiuamzlxlgpvixsmogdajlm/Build/Intermediates.noindex/GeneratedModuleMaps-iphonesimulator/FirebaseCrashlytics.modulemap -Xcc -fmodule-map-file\=/Users/hyunholee/Library/Developer/Xcode/DerivedData/BamiLog-cmowuaiuamzlxlgpvixsmogdajlm/Build/Intermediates.noindex/GeneratedModuleMaps-iphonesimulator/FirebaseDatabaseInternal.modulemap -Xcc -fmodule-map-file\=/Users/hyunholee/Library/Developer/Xcode/DerivedData/BamiLog-cmowuaiuamzlxlgpvixsmogdajlm/Build/Intermediates.noindex/GeneratedModuleMaps-iphonesimulator/GoogleAdsOnDeviceConversionTarget.modulemap -Xcc -fmodule-map-file\=/Users/hyunholee/Library/Developer/Xcode/DerivedData/BamiLog-cmowuaiuamzlxlgpvixsmogdajlm/Build/Intermediates.noindex/GeneratedModuleMaps-iphonesimulator/GoogleAppMeasurementTarget.modulemap -Xcc -fmodule-map-file\=/Users/hyunholee/Library/Developer/Xcode/DerivedData/BamiLog-cmowuaiuamzlxlgpvixsmogdajlm/Build/Intermediates.noindex/GeneratedModuleMaps-iphonesimulator/FirebaseAnalyticsWrapper.modulemap -Xcc -fmodule-map-file\=/Users/hyunholee/Library/Developer/Xcode/DerivedData/BamiLog-cmowuaiuamzlxlgpvixsmogdajlm/Build/Intermediates.noindex/GeneratedModuleMaps-iphonesimulator/FirebaseAnalyticsTarget.modulemap -Xcc -fmodule-map-file\=/Users/hyunholee/Library/Developer/Xcode/DerivedData/BamiLog-cmowuaiuamzlxlgpvixsmogdajlm/Build/Intermediates.noindex/GeneratedModuleMaps-iphonesimulator/FirebaseMessaging.modulemap -Xcc -fmodule-map-file\=/Users/hyunholee/Library/Developer/Xcode/DerivedData/BamiLog-cmowuaiuamzlxlgpvixsmogdajlm/Build/Intermediates.noindex/GeneratedModuleMaps-iphonesimulator/GoogleDataTransport.modulemap -Xcc -fmodule-map-file\=/Users/hyunholee/Library/Developer/Xcode/DerivedData/BamiLog-cmowuaiuamzlxlgpvixsmogdajlm/Build/Intermediates.noindex/GeneratedModuleMaps-iphonesimulator/FirebasePerformance.modulemap -Xcc -fmodule-map-file\=/Users/hyunholee/Library/Developer/Xcode/DerivedData/BamiLog-cmowuaiuamzlxlgpvixsmogdajlm/Build/Intermediates.noindex/GeneratedModuleMaps-iphonesimulator/FirebaseSessionsObjC.modulemap -Xcc -fmodule-map-file\=/Users/hyunholee/Library/Developer/Xcode/DerivedData/BamiLog-cmowuaiuamzlxlgpvixsmogdajlm/Build/Intermediates.noindex/GeneratedModuleMaps-iphonesimulator/FirebaseRemoteConfigInternal.modulemap -Xcc -fmodule-map-file\=/Users/hyunholee/Library/Developer/Xcode/DerivedData/BamiLog-cmowuaiuamzlxlgpvixsmogdajlm/Build/Intermediates.noindex/GeneratedModuleMaps-iphonesimulator/FirebaseABTesting.modulemap -Xcc -fmodule-map-file\=/Users/hyunholee/Library/Developer/Xcode/DerivedData/BamiLog-cmowuaiuamzlxlgpvixsmogdajlm/Build/Intermediates.noindex/GeneratedModuleMaps-iphonesimulator/FirebasePerformanceTarget.modulemap -Xcc -fmodule-map-file\=/Users/hyunholee/Library/Developer/Xcode/DerivedData/BamiLog-cmowuaiuamzlxlgpvixsmogdajlm/Build/Intermediates.noindex/GeneratedModuleMaps-iphonesimulator/AppCheckCore.modulemap -Xcc -fmodule-map-file\=/Users/hyunholee/Library/Developer/Xcode/DerivedData/BamiLog-cmowuaiuamzlxlgpvixsmogdajlm/Build/Intermediates.noindex/GeneratedModuleMaps-iphonesimulator/FirebaseAppCheck.modulemap -Xcc -fmodule-map-file\=/Users/hyunholee/Library/Developer/Xcode/DerivedData/BamiLog-cmowuaiuamzlxlgpvixsmogdajlm/Build/Intermediates.noindex/GeneratedModuleMaps-iphonesimulator/GoogleUtilities-UserDefaults.modulemap -Xcc -fmodule-map-file\=/Users/hyunholee/Library/Developer/Xcode/DerivedData/BamiLog-cmowuaiuamzlxlgpvixsmogdajlm/Build/Intermediates.noindex/GeneratedModuleMaps-iphonesimulator/GoogleAppMeasurementCoreTarget.modulemap -Xcc -fmodule-map-file\=/Users/hyunholee/Library/Developer/Xcode/DerivedData/BamiLog-cmowuaiuamzlxlgpvixsmogdajlm/Build/Intermediates.noindex/GeneratedModuleMaps-iphonesimulator/GoogleUtilities-MethodSwizzler.modulemap -Xcc -fmodule-map-file\=/Users/hyunholee/Library/Developer/Xcode/DerivedData/BamiLog-cmowuaiuamzlxlgpvixsmogdajlm/Build/Intermediates.noindex/GeneratedModuleMaps-iphonesimulator/FirebaseAnalyticsCoreWrapper.modulemap -Xcc -fmodule-map-file\=/Users/hyunholee/Library/Developer/Xcode/DerivedData/BamiLog-cmowuaiuamzlxlgpvixsmogdajlm/Build/Intermediates.noindex/GeneratedModuleMaps-iphonesimulator/FirebaseInstallations.modulemap -Xcc -fmodule-map-file\=/Users/hyunholee/Library/Developer/Xcode/DerivedData/BamiLog-cmowuaiuamzlxlgpvixsmogdajlm/Build/Intermediates.noindex/GeneratedModuleMaps-iphonesimulator/FirebaseAnalyticsCoreTarget.modulemap -Xcc -fmodule-map-file\=/Users/hyunholee/Library/Developer/Xcode/DerivedData/BamiLog-cmowuaiuamzlxlgpvixsmogdajlm/Build/Intermediates.noindex/GeneratedModuleMaps-iphonesimulator/FirebaseMessagingInterop.modulemap -Xcc -fmodule-map-file\=/Users/hyunholee/Library/Developer/Xcode/DerivedData/BamiLog-cmowuaiuamzlxlgpvixsmogdajlm/Build/Intermediates.noindex/GeneratedModuleMaps-iphonesimulator/RecaptchaInterop.modulemap -Xcc -fmodule-map-file\=/Users/hyunholee/Library/Developer/Xcode/DerivedData/BamiLog-cmowuaiuamzlxlgpvixsmogdajlm/Build/Intermediates.noindex/GeneratedModuleMaps-iphonesimulator/GoogleUtilities-Network.modulemap -Xcc -fmodule-map-file\=/Users/hyunholee/Library/Developer/Xcode/DerivedData/BamiLog-cmowuaiuamzlxlgpvixsmogdajlm/Build/Intermediates.noindex/GeneratedModuleMaps-iphonesimulator/GoogleUtilities-Reachability.modulemap -Xcc -fmodule-map-file\=/Users/hyunholee/Library/Developer/Xcode/DerivedData/BamiLog-cmowuaiuamzlxlgpvixsmogdajlm/Build/Intermediates.noindex/GeneratedModuleMaps-iphonesimulator/GoogleUtilities-AppDelegateSwizzler.modulemap -Xcc -fmodule-map-file\=/Users/hyunholee/Library/Developer/Xcode/DerivedData/BamiLog-cmowuaiuamzlxlgpvixsmogdajlm/Build/Intermediates.noindex/GeneratedModuleMaps-iphonesimulator/GTMSessionFetcherCore.modulemap -Xcc -fmodule-map-file\=/Users/hyunholee/Library/Developer/Xcode/DerivedData/BamiLog-cmowuaiuamzlxlgpvixsmogdajlm/Build/Intermediates.noindex/GeneratedModuleMaps-iphonesimulator/FirebaseAuthInternal.modulemap -Xcc -fmodule-map-file\=/Users/hyunholee/Library/Developer/Xcode/DerivedData/BamiLog-cmowuaiuamzlxlgpvixsmogdajlm/Build/Intermediates.noindex/GeneratedModuleMaps-iphonesimulator/FirebaseAuthInterop.modulemap -Xcc -fmodule-map-file\=/Users/hyunholee/Library/Developer/Xcode/DerivedData/BamiLog-cmowuaiuamzlxlgpvixsmogdajlm/Build/Intermediates.noindex/GeneratedModuleMaps-iphonesimulator/GoogleUtilities-NSData.modulemap -Xcc -fmodule-map-file\=/Users/hyunholee/Library/Developer/Xcode/DerivedData/BamiLog-cmowuaiuamzlxlgpvixsmogdajlm/Build/Intermediates.noindex/GeneratedModuleMaps-iphonesimulator/GoogleUtilities-Environment.modulemap -Xcc -fmodule-map-file\=/Users/hyunholee/Library/Developer/Xcode/DerivedData/BamiLog-cmowuaiuamzlxlgpvixsmogdajlm/Build/Intermediates.noindex/GeneratedModuleMaps-iphonesimulator/third-party-IsAppEncrypted.modulemap -Xcc -fmodule-map-file\=/Users/hyunholee/Library/Developer/Xcode/DerivedData/BamiLog-cmowuaiuamzlxlgpvixsmogdajlm/Build/Intermediates.noindex/GeneratedModuleMaps-iphonesimulator/GoogleUtilities-Logger.modulemap -Xcc -fmodule-map-file\=/Users/hyunholee/Library/Developer/Xcode/DerivedData/BamiLog-cmowuaiuamzlxlgpvixsmogdajlm/Build/Intermediates.noindex/GeneratedModuleMaps-iphonesimulator/abslWrapper.modulemap -Xcc -fmodule-map-file\=/Users/hyunholee/Library/Developer/Xcode/DerivedData/BamiLog-cmowuaiuamzlxlgpvixsmogdajlm/Build/Intermediates.noindex/GeneratedModuleMaps-iphonesimulator/opensslWrapper.modulemap -Xcc -fmodule-map-file\=/Users/hyunholee/Library/Developer/Xcode/DerivedData/BamiLog-cmowuaiuamzlxlgpvixsmogdajlm/Build/Intermediates.noindex/GeneratedModuleMaps-iphonesimulator/grpcWrapper.modulemap -Xcc -fmodule-map-file\=/Users/hyunholee/Library/Developer/Xcode/DerivedData/BamiLog-cmowuaiuamzlxlgpvixsmogdajlm/Build/Intermediates.noindex/GeneratedModuleMaps-iphonesimulator/grpcppWrapper.modulemap -Xcc -fmodule-map-file\=/Users/hyunholee/Library/Developer/Xcode/DerivedData/BamiLog-cmowuaiuamzlxlgpvixsmogdajlm/Build/Intermediates.noindex/GeneratedModuleMaps-iphonesimulator/nanopb.modulemap -Xcc -fmodule-map-file\=/Users/hyunholee/Library/Developer/Xcode/DerivedData/BamiLog-cmowuaiuamzlxlgpvixsmogdajlm/Build/Intermediates.noindex/GeneratedModuleMaps-iphonesimulator/leveldb.modulemap -Xcc -fmodule-map-file\=/Users/hyunholee/Library/Developer/Xcode/DerivedData/BamiLog-cmowuaiuamzlxlgpvixsmogdajlm/Build/Intermediates.noindex/GeneratedModuleMaps-iphonesimulator/FirebaseFirestoreTarget.modulemap -Xcc -fmodule-map-file\=/Users/hyunholee/Library/Developer/Xcode/DerivedData/BamiLog-cmowuaiuamzlxlgpvixsmogdajlm/Build/Intermediates.noindex/GeneratedModuleMaps-iphonesimulator/FirebaseCoreExtension.modulemap -Xcc -fmodule-map-file\=/Users/hyunholee/Library/Developer/Xcode/DerivedData/BamiLog-cmowuaiuamzlxlgpvixsmogdajlm/Build/Intermediates.noindex/GeneratedModuleMaps-iphonesimulator/FirebaseCore.modulemap -Xcc -fmodule-map-file\=/Users/hyunholee/Library/Developer/Xcode/DerivedData/BamiLog-cmowuaiuamzlxlgpvixsmogdajlm/Build/Intermediates.noindex/GeneratedModuleMaps-iphonesimulator/FirebaseAppCheckInterop.modulemap -Xcc -fmodule-map-file\=/Users/hyunholee/Library/Developer/Xcode/DerivedData/BamiLog-cmowuaiuamzlxlgpvixsmogdajlm/Build/Intermediates.noindex/GeneratedModuleMaps-iphonesimulator/FirebaseFirestoreInternalWrapper.modulemap -enable-bare-slash-regex -enable-experimental-feature DebugDescriptionMacro -sdk /Applications/Xcode.app/Contents/Developer/Platforms/iPhoneSimulator.platform/Developer/SDKs/iPhoneSimulator26.0.sdk -target arm64-apple-ios16.1-simulator -g -module-cache-path /Users/hyunholee/Library/Developer/Xcode/DerivedData/ModuleCache.noindex -Xfrontend -serialize-debugging-options -enable-testing -index-store-path /Users/hyunholee/Library/Developer/Xcode/DerivedData/BamiLog-cmowuaiuamzlxlgpvixsmogdajlm/Index.noindex/DataStore -Xcc -D_LIBCPP_HARDENING_MODE\=_LIBCPP_HARDENING_MODE_DEBUG -swift-version 5 -I /Users/hyunholee/Library/Developer/Xcode/DerivedData/BamiLog-cmowuaiuamzlxlgpvixsmogdajlm/Build/Products/Debug-iphonesimulator -F /Users/hyunholee/Library/Developer/Xcode/DerivedData/BamiLog-cmowuaiuamzlxlgpvixsmogdajlm/Build/Products/Debug-iphonesimulator/PackageFrameworks -F /Users/hyunholee/Library/Developer/Xcode/DerivedData/BamiLog-cmowuaiuamzlxlgpvixsmogdajlm/Build/Products/Debug-iphonesimulator/PackageFrameworks -F /Users/hyunholee/Library/Developer/Xcode/DerivedData/BamiLog-cmowuaiuamzlxlgpvixsmogdajlm/Build/Products/Debug-iphonesimulator/PackageFrameworks -F /Users/hyunholee/Library/Developer/Xcode/DerivedData/BamiLog-cmowuaiuamzlxlgpvixsmogdajlm/Build/Products/Debug-iphonesimulator/PackageFrameworks -F /Users/hyunholee/Library/Developer/Xcode/DerivedData/BamiLog-cmowuaiuamzlxlgpvixsmogdajlm/Build/Products/Debug-iphonesimulator/PackageFrameworks -F /Users/hyunholee/Library/Developer/Xcode/DerivedData/BamiLog-cmowuaiuamzlxlgpvixsmogdajlm/Build/Products/Debug-iphonesimulator/PackageFrameworks -F /Users/hyunholee/Library/Developer/Xcode/DerivedData/BamiLog-cmowuaiuamzlxlgpvixsmogdajlm/Build/Products/Debug-iphonesimulator/PackageFrameworks -F /Users/hyunholee/Library/Developer/Xcode/DerivedData/BamiLog-cmowuaiuamzlxlgpvixsmogdajlm/Build/Products/Debug-iphonesimulator/PackageFrameworks -F /Users/hyunholee/Library/Developer/Xcode/DerivedData/BamiLog-cmowuaiuamzlxlgpvixsmogdajlm/Build/Products/Debug-iphonesimulator/PackageFrameworks -F /Users/hyunholee/Library/Developer/Xcode/DerivedData/BamiLog-cmowuaiuamzlxlgpvixsmogdajlm/Build/Products/Debug-iphonesimulator/PackageFrameworks -F /Users/hyunholee/Library/Developer/Xcode/DerivedData/BamiLog-cmowuaiuamzlxlgpvixsmogdajlm/Build/Products/Debug-iphonesimulator/PackageFrameworks -F /Users/hyunholee/Library/Developer/Xcode/DerivedData/BamiLog-cmowuaiuamzlxlgpvixsmogdajlm/Build/Products/Debug-iphonesimulator/PackageFrameworks -F /Users/hyunholee/Library/Developer/Xcode/DerivedData/BamiLog-cmowuaiuamzlxlgpvixsmogdajlm/Build/Products/Debug-iphonesimulator/PackageFrameworks -F /Users/hyunholee/Library/Developer/Xcode/DerivedData/BamiLog-cmowuaiuamzlxlgpvixsmogdajlm/Build/Products/Debug-iphonesimulator/PackageFrameworks -F /Users/hyunholee/Library/Developer/Xcode/DerivedData/BamiLog-cmowuaiuamzlxlgpvixsmogdajlm/Build/Products/Debug-iphonesimulator/PackageFrameworks -F /Users/hyunholee/Library/Developer/Xcode/DerivedData/BamiLog-cmowuaiuamzlxlgpvixsmogdajlm/Build/Products/Debug-iphonesimulator/PackageFrameworks -F /Users/hyunholee/Library/Developer/Xcode/DerivedData/BamiLog-cmowuaiuamzlxlgpvixsmogdajlm/Build/Products/Debug-iphonesimulator/PackageFrameworks -F /Users/hyunholee/Library/Developer/Xcode/DerivedData/BamiLog-cmowuaiuamzlxlgpvixsmogdajlm/Build/Products/Debug-iphonesimulator/PackageFrameworks -F /Users/hyunholee/Library/Developer/Xcode/DerivedData/BamiLog-cmowuaiuamzlxlgpvixsmogdajlm/Build/Products/Debug-iphonesimulator/PackageFrameworks -F /Users/hyunholee/Library/Developer/Xcode/DerivedData/BamiLog-cmowuaiuamzlxlgpvixsmogdajlm/Build/Products/Debug-iphonesimulator/PackageFrameworks -F /Users/hyunholee/Library/Developer/Xcode/DerivedData/BamiLog-cmowuaiuamzlxlgpvixsmogdajlm/Build/Products/Debug-iphonesimulator/PackageFrameworks -F /Users/hyunholee/Library/Developer/Xcode/DerivedData/BamiLog-cmowuaiuamzlxlgpvixsmogdajlm/Build/Products/Debug-iphonesimulator/PackageFrameworks -F /Users/hyunholee/Library/Developer/Xcode/DerivedData/BamiLog-cmowuaiuamzlxlgpvixsmogdajlm/Build/Products/Debug-iphonesimulator/PackageFrameworks -F /Users/hyunholee/Library/Developer/Xcode/DerivedData/BamiLog-cmowuaiuamzlxlgpvixsmogdajlm/Build/Products/Debug-iphonesimulator/PackageFrameworks -F /Users/hyunholee/Library/Developer/Xcode/DerivedData/BamiLog-cmowuaiuamzlxlgpvixsmogdajlm/Build/Products/Debug-iphonesimulator/PackageFrameworks -F /Users/hyunholee/Library/Developer/Xcode/DerivedData/BamiLog-cmowuaiuamzlxlgpvixsmogdajlm/Build/Products/Debug-iphonesimulator/PackageFrameworks -F /Users/hyunholee/Library/Developer/Xcode/DerivedData/BamiLog-cmowuaiuamzlxlgpvixsmogdajlm/Build/Products/Debug-iphonesimulator/PackageFrameworks -F /Users/hyunholee/Library/Developer/Xcode/DerivedData/BamiLog-cmowuaiuamzlxlgpvixsmogdajlm/Build/Products/Debug-iphonesimulator/PackageFrameworks -F /Users/hyunholee/Library/Developer/Xcode/DerivedData/BamiLog-cmowuaiuamzlxlgpvixsmogdajlm/Build/Products/Debug-iphonesimulator/PackageFrameworks -F /Users/hyunholee/Library/Developer/Xcode/DerivedData/BamiLog-cmowuaiuamzlxlgpvixsmogdajlm/Build/Products/Debug-iphonesimulator/PackageFrameworks -F /Users/hyunholee/Library/Developer/Xcode/DerivedData/BamiLog-cmowuaiuamzlxlgpvixsmogdajlm/Build/Products/Debug-iphonesimulator/PackageFrameworks -F /Users/hyunholee/Library/Developer/Xcode/DerivedData/BamiLog-cmowuaiuamzlxlgpvixsmogdajlm/Build/Products/Debug-iphonesimulator/PackageFrameworks -F /Users/hyunholee/Library/Developer/Xcode/DerivedData/BamiLog-cmowuaiuamzlxlgpvixsmogdajlm/Build/Products/Debug-iphonesimulator/PackageFrameworks -F /Users/hyunholee/Library/Developer/Xcode/DerivedData/BamiLog-cmowuaiuamzlxlgpvixsmogdajlm/Build/Products/Debug-iphonesimulator/PackageFrameworks -F /Users/hyunholee/Library/Developer/Xcode/DerivedData/BamiLog-cmowuaiuamzlxlgpvixsmogdajlm/Build/Products/Debug-iphonesimulator/PackageFrameworks -F /Users/hyunholee/Library/Developer/Xcode/DerivedData/BamiLog-cmowuaiuamzlxlgpvixsmogdajlm/Build/Products/Debug-iphonesimulator/PackageFrameworks -F /Users/hyunholee/Library/Developer/Xcode/DerivedData/BamiLog-cmowuaiuamzlxlgpvixsmogdajlm/Build/Products/Debug-iphonesimulator/PackageFrameworks -F /Users/hyunholee/Library/Developer/Xcode/DerivedData/BamiLog-cmowuaiuamzlxlgpvixsmogdajlm/Build/Products/Debug-iphonesimulator/PackageFrameworks -F /Users/hyunholee/Library/Developer/Xcode/DerivedData/BamiLog-cmowuaiuamzlxlgpvixsmogdajlm/Build/Products/Debug-iphonesimulator/PackageFrameworks -F /Users/hyunholee/Library/Developer/Xcode/DerivedData/BamiLog-cmowuaiuamzlxlgpvixsmogdajlm/Build/Products/Debug-iphonesimulator/PackageFrameworks -F /Users/hyunholee/Library/Developer/Xcode/DerivedData/BamiLog-cmowuaiuamzlxlgpvixsmogdajlm/Build/Products/Debug-iphonesimulator/PackageFrameworks -F /Users/hyunholee/Library/Developer/Xcode/DerivedData/BamiLog-cmowuaiuamzlxlgpvixsmogdajlm/Build/Products/Debug-iphonesimulator/PackageFrameworks -F /Users/hyunholee/Library/Developer/Xcode/DerivedData/BamiLog-cmowuaiuamzlxlgpvixsmogdajlm/Build/Products/Debug-iphonesimulator/PackageFrameworks -F /Users/hyunholee/Library/Developer/Xcode/DerivedData/BamiLog-cmowuaiuamzlxlgpvixsmogdajlm/Build/Products/Debug-iphonesimulator/PackageFrameworks -F /Users/hyunholee/Library/Developer/Xcode/DerivedData/BamiLog-cmowuaiuamzlxlgpvixsmogdajlm/Build/Products/Debug-iphonesimulator/PackageFrameworks -F /Users/hyunholee/Library/Developer/Xcode/DerivedData/BamiLog-cmowuaiuamzlxlgpvixsmogdajlm/Build/Products/Debug-iphonesimulator/PackageFrameworks -F /Users/hyunholee/Library/Developer/Xcode/DerivedData/BamiLog-cmowuaiuamzlxlgpvixsmogdajlm/Build/Products/Debug-iphonesimulator/PackageFrameworks -F /Users/hyunholee/Library/Developer/Xcode/DerivedData/BamiLog-cmowuaiuamzlxlgpvixsmogdajlm/Build/Products/Debug-iphonesimulator/PackageFrameworks -F /Users/hyunholee/Library/Developer/Xcode/DerivedData/BamiLog-cmowuaiuamzlxlgpvixsmogdajlm/Build/Products/Debug-iphonesimulator/PackageFrameworks -F /Users/hyunholee/Library/Developer/Xcode/DerivedData/BamiLog-cmowuaiuamzlxlgpvixsmogdajlm/Build/Products/Debug-iphonesimulator/PackageFrameworks -F /Users/hyunholee/Library/Developer/Xcode/DerivedData/BamiLog-cmowuaiuamzlxlgpvixsmogdajlm/Build/Products/Debug-iphonesimulator/PackageFrameworks -F /Users/hyunholee/Library/Developer/Xcode/DerivedData/BamiLog-cmowuaiuamzlxlgpvixsmogdajlm/Build/Products/Debug-iphonesimulator/PackageFrameworks -F /Users/hyunholee/Library/Developer/Xcode/DerivedData/BamiLog-cmowuaiuamzlxlgpvixsmogdajlm/Build/Products/Debug-iphonesimulator/PackageFrameworks -F /Users/hyunholee/Library/Developer/Xcode/DerivedData/BamiLog-cmowuaiuamzlxlgpvixsmogdajlm/Build/Products/Debug-iphonesimulator/PackageFrameworks -F /Users/hyunholee/Library/Developer/Xcode/DerivedData/BamiLog-cmowuaiuamzlxlgpvixsmogdajlm/Build/Products/Debug-iphonesimulator/PackageFrameworks -F /Users/hyunholee/Library/Developer/Xcode/DerivedData/BamiLog-cmowuaiuamzlxlgpvixsmogdajlm/Build/Products/Debug-iphonesimulator/PackageFrameworks -F /Users/hyunholee/Library/Developer/Xcode/DerivedData/BamiLog-cmowuaiuamzlxlgpvixsmogdajlm/Build/Products/Debug-iphonesimulator/PackageFrameworks -F /Users/hyunholee/Library/Developer/Xcode/DerivedData/BamiLog-cmowuaiuamzlxlgpvixsmogdajlm/Build/Products/Debug-iphonesimulator/PackageFrameworks -F /Users/hyunholee/Library/Developer/Xcode/DerivedData/BamiLog-cmowuaiuamzlxlgpvixsmogdajlm/Build/Products/Debug-iphonesimulator/PackageFrameworks -F /Users/hyunholee/Library/Developer/Xcode/DerivedData/BamiLog-cmowuaiuamzlxlgpvixsmogdajlm/Build/Products/Debug-iphonesimulator/PackageFrameworks -F /Users/hyunholee/Library/Developer/Xcode/DerivedData/BamiLog-cmowuaiuamzlxlgpvixsmogdajlm/Build/Products/Debug-iphonesimulator/PackageFrameworks -F /Users/hyunholee/Library/Developer/Xcode/DerivedData/BamiLog-cmowuaiuamzlxlgpvixsmogdajlm/Build/Products/Debug-iphonesimulator/PackageFrameworks -F /Users/hyunholee/Library/Developer/Xcode/DerivedData/BamiLog-cmowuaiuamzlxlgpvixsmogdajlm/Build/Products/Debug-iphonesimulator/PackageFrameworks -F /Users/hyunholee/Library/Developer/Xcode/DerivedData/BamiLog-cmowuaiuamzlxlgpvixsmogdajlm/Build/Products/Debug-iphonesimulator/PackageFrameworks -F /Users/hyunholee/Library/Developer/Xcode/DerivedData/BamiLog-cmowuaiuamzlxlgpvixsmogdajlm/Build/Products/Debug-iphonesimulator/PackageFrameworks -F /Users/hyunholee/Library/Developer/Xcode/DerivedData/BamiLog-cmowuaiuamzlxlgpvixsmogdajlm/Build/Products/Debug-iphonesimulator/PackageFrameworks -F /Users/hyunholee/Library/Developer/Xcode/DerivedData/BamiLog-cmowuaiuamzlxlgpvixsmogdajlm/Build/Products/Debug-iphonesimulator/PackageFrameworks -F /Users/hyunholee/Library/Developer/Xcode/DerivedData/BamiLog-cmowuaiuamzlxlgpvixsmogdajlm/Build/Products/Debug-iphonesimulator/PackageFrameworks -F /Users/hyunholee/Library/Developer/Xcode/DerivedData/BamiLog-cmowuaiuamzlxlgpvixsmogdajlm/Build/Products/Debug-iphonesimulator/PackageFrameworks -F /Users/hyunholee/Library/Developer/Xcode/DerivedData/BamiLog-cmowuaiuamzlxlgpvixsmogdajlm/Build/Products/Debug-iphonesimulator/PackageFrameworks -F /Users/hyunholee/Library/Developer/Xcode/DerivedData/BamiLog-cmowuaiuamzlxlgpvixsmogdajlm/Build/Products/Debug-iphonesimulator/PackageFrameworks -F /Users/hyunholee/Library/Developer/Xcode/DerivedData/BamiLog-cmowuaiuamzlxlgpvixsmogdajlm/Build/Products/Debug-iphonesimulator/PackageFrameworks -F /Users/hyunholee/Library/Developer/Xcode/DerivedData/BamiLog-cmowuaiuamzlxlgpvixsmogdajlm/Build/Products/Debug-iphonesimulator/PackageFrameworks -F /Users/hyunholee/Library/Developer/Xcode/DerivedData/BamiLog-cmowuaiuamzlxlgpvixsmogdajlm/Build/Products/Debug-iphonesimulator/PackageFrameworks -F /Users/hyunholee/Library/Developer/Xcode/DerivedData/BamiLog-cmowuaiuamzlxlgpvixsmogdajlm/Build/Products/Debug-iphonesimulator -emit-localized-strings -emit-localized-strings-path /Users/hyunholee/Library/Developer/Xcode/DerivedData/BamiLog-cmowuaiuamzlxlgpvixsmogdajlm/Build/Intermediates.noindex/BamiLog.build/Debug-iphonesimulator/BamiLog.build/Objects-normal/arm64 -c -j8 -enable-batch-mode -incremental -Xcc -ivfsstatcache -Xcc /Users/hyunholee/Library/Developer/Xcode/DerivedData/SDKStatCaches.noindex/iphonesimulator26.0-23A339-26257891a6c027eb51374368541b8346.sdkstatcache -output-file-map /Users/hyunholee/Library/Developer/Xcode/DerivedData/BamiLog-cmowuaiuamzlxlgpvixsmogdajlm/Build/Intermediates.noindex/BamiLog.build/Debug-iphonesimulator/BamiLog.build/Objects-normal/arm64/BamiLog-OutputFileMap.json -use-frontend-parseable-output -save-temps -no-color-diagnostics -explicit-module-build -module-cache-path /Users/hyunholee/Library/Developer/Xcode/DerivedData/BamiLog-cmowuaiuamzlxlgpvixsmogdajlm/Build/Intermediates.noindex/SwiftExplicitPrecompiledModules -clang-scanner-module-cache-path /Users/hyunholee/Library/Developer/Xcode/DerivedData/ModuleCache.noindex -sdk-module-cache-path /Users/hyunholee/Library/Developer/Xcode/DerivedData/ModuleCache.noindex -serialize-diagnostics -emit-dependencies -emit-module -emit-module-path /Users/hyunholee/Library/Developer/Xcode/DerivedData/BamiLog-cmowuaiuamzlxlgpvixsmogdajlm/Build/Intermediates.noindex/BamiLog.build/Debug-iphonesimulator/BamiLog.build/Objects-normal/arm64/BamiLog.swiftmodule -validate-clang-modules-once -clang-build-session-file /Users/hyunholee/Library/Developer/Xcode/DerivedData/ModuleCache.noindex/Session.modulevalidation -Xcc -I/Users/hyunholee/Library/Developer/Xcode/DerivedData/BamiLog-cmowuaiuamzlxlgpvixsmogdajlm/Build/Intermediates.noindex/BamiLog.build/Debug-iphonesimulator/BamiLog.build/swift-overrides.hmap -emit-const-values -Xfrontend -const-gather-protocols-file -Xfrontend /Users/hyunholee/Library/Developer/Xcode/DerivedData/BamiLog-cmowuaiuamzlxlgpvixsmogdajlm/Build/Intermediates.noindex/BamiLog.build/Debug-iphonesimulator/BamiLog.build/Objects-normal/arm64/BamiLog_const_extract_protocols.json -Xcc -iquote -Xcc /Users/hyunholee/Library/Developer/Xcode/DerivedData/BamiLog-cmowuaiuamzlxlgpvixsmogdajlm/Build/Intermediates.noindex/BamiLog.build/Debug-iphonesimulator/BamiLog.build/BamiLog-generated-files.hmap -Xcc -I/Users/hyunholee/Library/Developer/Xcode/DerivedData/BamiLog-cmowuaiuamzlxlgpvixsmogdajlm/Build/Intermediates.noindex/BamiLog.build/Debug-iphonesimulator/BamiLog.build/BamiLog-own-target-headers.hmap -Xcc -I/Users/hyunholee/Library/Developer/Xcode/DerivedData/BamiLog-cmowuaiuamzlxlgpvixsmogdajlm/Build/Intermediates.noindex/BamiLog.build/Debug-iphonesimulator/BamiLog.build/BamiLog-all-non-framework-target-headers.hmap -Xcc -ivfsoverlay -Xcc /Users/hyunholee/Library/Developer/Xcode/DerivedData/BamiLog-cmowuaiuamzlxlgpvixsmogdajlm/Build/Intermediates.noindex/BamiLog.build/Debug-iphonesimulator/BamiLog-62de39598bf3bdc4ad8855ddb0f0875e-VFS-iphonesimulator/all-product-headers.yaml -Xcc -iquote -Xcc /Users/hyunholee/Library/Developer/Xcode/DerivedData/BamiLog-cmowuaiuamzlxlgpvixsmogdajlm/Build/Intermediates.noindex/BamiLog.build/Debug-iphonesimulator/BamiLog.build/BamiLog-project-headers.hmap -Xcc -I/Users/hyunholee/Library/Developer/Xcode/DerivedData/BamiLog-cmowuaiuamzlxlgpvixsmogdajlm/SourcePackages/checkouts/firebase-ios-sdk/FirebaseAppDistribution/Sources/Public -Xcc -I/Users/hyunholee/Library/Developer/Xcode/DerivedData/BamiLog-cmowuaiuamzlxlgpvixsmogdajlm/SourcePackages/checkouts/firebase-ios-sdk/SwiftPM-PlatformExclude/FirebaseAppDistributionWrap/include -Xcc -I/Users/hyunholee/Library/Developer/Xcode/DerivedData/BamiLog-cmowuaiuamzlxlgpvixsmogdajlm/SourcePackages/checkouts/GoogleAppMeasurement/GoogleAppMeasurementIdentitySupportWrapper/include -Xcc -I/Users/hyunholee/Library/Developer/Xcode/DerivedData/BamiLog-cmowuaiuamzlxlgpvixsmogdajlm/SourcePackages/checkouts/firebase-ios-sdk/FirebaseAnalyticsIdentitySupportWrapper/include -Xcc -I/Users/hyunholee/Library/Developer/Xcode/DerivedData/BamiLog-cmowuaiuamzlxlgpvixsmogdajlm/SourcePackages/checkouts/firebase-ios-sdk/FirebaseInAppMessaging/Sources/Public -Xcc -I/Users/hyunholee/Library/Developer/Xcode/DerivedData/BamiLog-cmowuaiuamzlxlgpvixsmogdajlm/SourcePackages/checkouts/firebase-ios-sdk/FirebaseInAppMessaging/iOS/include -Xcc -I/Users/hyunholee/Library/Developer/Xcode/DerivedData/BamiLog-cmowuaiuamzlxlgpvixsmogdajlm/SourcePackages/checkouts/firebase-ios-sdk/SwiftPM-PlatformExclude/FirebaseInAppMessagingWrap/include -Xcc -I/Users/hyunholee/Library/Developer/Xcode/DerivedData/BamiLog-cmowuaiuamzlxlgpvixsmogdajlm/SourcePackages/checkouts/firebase-ios-sdk/Crashlytics/Crashlytics/Public -Xcc -I/Users/hyunholee/Library/Developer/Xcode/DerivedData/BamiLog-cmowuaiuamzlxlgpvixsmogdajlm/SourcePackages/checkouts/firebase-ios-sdk/FirebaseDatabase/Sources/Public -Xcc -I/Users/hyunholee/Library/Developer/Xcode/DerivedData/BamiLog-cmowuaiuamzlxlgpvixsmogdajlm/SourcePackages/checkouts/google-ads-on-device-conversion-ios-sdk/GoogleAdsOnDeviceConversionWrapper/include -Xcc -I/Users/hyunholee/Library/Developer/Xcode/DerivedData/BamiLog-cmowuaiuamzlxlgpvixsmogdajlm/SourcePackages/checkouts/GoogleAppMeasurement/GoogleAppMeasurementWrapper/include -Xcc -I/Users/hyunholee/Library/Developer/Xcode/DerivedData/BamiLog-cmowuaiuamzlxlgpvixsmogdajlm/SourcePackages/checkouts/firebase-ios-sdk/FirebaseAnalyticsWrapper/include -Xcc -I/Users/hyunholee/Library/Developer/Xcode/DerivedData/BamiLog-cmowuaiuamzlxlgpvixsmogdajlm/SourcePackages/checkouts/firebase-ios-sdk/SwiftPM-PlatformExclude/FirebaseAnalyticsWrap/include -Xcc -I/Users/hyunholee/Library/Developer/Xcode/DerivedData/BamiLog-cmowuaiuamzlxlgpvixsmogdajlm/SourcePackages/checkouts/firebase-ios-sdk/FirebaseMessaging/Sources/Public -Xcc -I/Users/hyunholee/Library/Developer/Xcode/DerivedData/BamiLog-cmowuaiuamzlxlgpvixsmogdajlm/SourcePackages/checkouts/GoogleDataTransport/GoogleDataTransport/GDTCORLibrary/Public -Xcc -I/Users/hyunholee/Library/Developer/Xcode/DerivedData/BamiLog-cmowuaiuamzlxlgpvixsmogdajlm/SourcePackages/checkouts/firebase-ios-sdk/FirebasePerformance/Sources/Public -Xcc -I/Users/hyunholee/Library/Developer/Xcode/DerivedData/BamiLog-cmowuaiuamzlxlgpvixsmogdajlm/SourcePackages/checkouts/firebase-ios-sdk/FirebaseSessions/SourcesObjC -Xcc -I/Users/hyunholee/Library/Developer/Xcode/DerivedData/BamiLog-cmowuaiuamzlxlgpvixsmogdajlm/SourcePackages/checkouts/firebase-ios-sdk/FirebaseRemoteConfig/Sources/Public -Xcc -I/Users/hyunholee/Library/Developer/Xcode/DerivedData/BamiLog-cmowuaiuamzlxlgpvixsmogdajlm/SourcePackages/checkouts/firebase-ios-sdk/FirebaseABTesting/Sources/Public -Xcc -I/Users/hyunholee/Library/Developer/Xcode/DerivedData/BamiLog-cmowuaiuamzlxlgpvixsmogdajlm/SourcePackages/checkouts/firebase-ios-sdk/SwiftPM-PlatformExclude/FirebasePerformanceWrap/include -Xcc -I/Users/hyunholee/Library/Developer/Xcode/DerivedData/BamiLog-cmowuaiuamzlxlgpvixsmogdajlm/SourcePackages/checkouts/app-check/AppCheckCore/Sources/Public -Xcc -I/Users/hyunholee/Library/Developer/Xcode/DerivedData/BamiLog-cmowuaiuamzlxlgpvixsmogdajlm/SourcePackages/checkouts/firebase-ios-sdk/FirebaseAppCheck/Sources/Public -Xcc -I/Users/hyunholee/Library/Developer/Xcode/DerivedData/BamiLog-cmowuaiuamzlxlgpvixsmogdajlm/SourcePackages/checkouts/promises/Sources/FBLPromises/include -Xcc -I/Users/hyunholee/Library/Developer/Xcode/DerivedData/BamiLog-cmowuaiuamzlxlgpvixsmogdajlm/SourcePackages/checkouts/GoogleUtilities/GoogleUtilities/UserDefaults/Public -Xcc -I/Users/hyunholee/Library/Developer/Xcode/DerivedData/BamiLog-cmowuaiuamzlxlgpvixsmogdajlm/SourcePackages/checkouts/GoogleAppMeasurement/GoogleAppMeasurementCoreWrapper/include -Xcc -I/Users/hyunholee/Library/Developer/Xcode/DerivedData/BamiLog-cmowuaiuamzlxlgpvixsmogdajlm/SourcePackages/checkouts/GoogleUtilities/GoogleUtilities/MethodSwizzler/Public -Xcc -I/Users/hyunholee/Library/Developer/Xcode/DerivedData/BamiLog-cmowuaiuamzlxlgpvixsmogdajlm/SourcePackages/checkouts/firebase-ios-sdk/FirebaseAnalyticsCoreWrapper/include -Xcc -I/Users/hyunholee/Library/Developer/Xcode/DerivedData/BamiLog-cmowuaiuamzlxlgpvixsmogdajlm/SourcePackages/checkouts/firebase-ios-sdk/FirebaseInstallations/Source/Library/Public -Xcc -I/Users/hyunholee/Library/Developer/Xcode/DerivedData/BamiLog-cmowuaiuamzlxlgpvixsmogdajlm/SourcePackages/checkouts/firebase-ios-sdk/SwiftPM-PlatformExclude/FirebaseAnalyticsCoreWrap/include -Xcc -I/Users/hyunholee/Library/Developer/Xcode/DerivedData/BamiLog-cmowuaiuamzlxlgpvixsmogdajlm/SourcePackages/checkouts/firebase-ios-sdk/FirebaseMessaging/Interop -Xcc -I/Users/hyunholee/Library/Developer/Xcode/DerivedData/BamiLog-cmowuaiuamzlxlgpvixsmogdajlm/SourcePackages/checkouts/interop-ios-for-google-sdks/RecaptchaEnterprise/RecaptchaInterop/Public -Xcc -I/Users/hyunholee/Library/Developer/Xcode/DerivedData/BamiLog-cmowuaiuamzlxlgpvixsmogdajlm/SourcePackages/checkouts/GoogleUtilities/GoogleUtilities/Network/Public -Xcc -I/Users/hyunholee/Library/Developer/Xcode/DerivedData/BamiLog-cmowuaiuamzlxlgpvixsmogdajlm/SourcePackages/checkouts/GoogleUtilities/GoogleUtilities/Reachability/Public -Xcc -I/Users/hyunholee/Library/Developer/Xcode/DerivedData/BamiLog-cmowuaiuamzlxlgpvixsmogdajlm/SourcePackages/checkouts/GoogleUtilities/GoogleUtilities/AppDelegateSwizzler/Public -Xcc -I/Users/hyunholee/Library/Developer/Xcode/DerivedData/BamiLog-cmowuaiuamzlxlgpvixsmogdajlm/SourcePackages/checkouts/gtm-session-fetcher/Sources/Core/Public -Xcc -I/Users/hyunholee/Library/Developer/Xcode/DerivedData/BamiLog-cmowuaiuamzlxlgpvixsmogdajlm/SourcePackages/checkouts/firebase-ios-sdk/FirebaseAuth/Sources/Public -Xcc -I/Users/hyunholee/Library/Developer/Xcode/DerivedData/BamiLog-cmowuaiuamzlxlgpvixsmogdajlm/SourcePackages/checkouts/firebase-ios-sdk/FirebaseAuth/Interop/Public -Xcc -I/Users/hyunholee/Library/Developer/Xcode/DerivedData/BamiLog-cmowuaiuamzlxlgpvixsmogdajlm/SourcePackages/checkouts/GoogleUtilities/GoogleUtilities/NSData+zlib/Public -Xcc -I/Users/hyunholee/Library/Developer/Xcode/DerivedData/BamiLog-cmowuaiuamzlxlgpvixsmogdajlm/SourcePackages/checkouts/GoogleUtilities/GoogleUtilities/Environment/Public -Xcc -I/Users/hyunholee/Library/Developer/Xcode/DerivedData/BamiLog-cmowuaiuamzlxlgpvixsmogdajlm/SourcePackages/checkouts/GoogleUtilities/third_party/IsAppEncrypted/Public -Xcc -I/Users/hyunholee/Library/Developer/Xcode/DerivedData/BamiLog-cmowuaiuamzlxlgpvixsmogdajlm/SourcePackages/checkouts/GoogleUtilities/GoogleUtilities/Logger/Public -Xcc -I/Users/hyunholee/Library/Developer/Xcode/DerivedData/BamiLog-cmowuaiuamzlxlgpvixsmogdajlm/SourcePackages/checkouts/abseil-cpp-binary/absl-Wrapper/include -Xcc -I/Users/hyunholee/Library/Developer/Xcode/DerivedData/BamiLog-cmowuaiuamzlxlgpvixsmogdajlm/SourcePackages/checkouts/grpc-binary/openssl-grpc-Wrapper/include -Xcc -I/Users/hyunholee/Library/Developer/Xcode/DerivedData/BamiLog-cmowuaiuamzlxlgpvixsmogdajlm/SourcePackages/checkouts/grpc-binary/grpc-Wrapper/include -Xcc -I/Users/hyunholee/Library/Developer/Xcode/DerivedData/BamiLog-cmowuaiuamzlxlgpvixsmogdajlm/SourcePackages/checkouts/grpc-binary/grpcpp-Wrapper/include -Xcc -I/Users/hyunholee/Library/Developer/Xcode/DerivedData/BamiLog-cmowuaiuamzlxlgpvixsmogdajlm/SourcePackages/checkouts/nanopb/spm_headers -Xcc -I/Users/hyunholee/Library/Developer/Xcode/DerivedData/BamiLog-cmowuaiuamzlxlgpvixsmogdajlm/SourcePackages/checkouts/leveldb/include -Xcc -I/Users/hyunholee/Library/Developer/Xcode/DerivedData/BamiLog-cmowuaiuamzlxlgpvixsmogdajlm/SourcePackages/checkouts/firebase-ios-sdk/SwiftPM-PlatformExclude/FirebaseFirestoreWrap/include -Xcc -I/Users/hyunholee/Library/Developer/Xcode/DerivedData/BamiLog-cmowuaiuamzlxlgpvixsmogdajlm/SourcePackages/checkouts/firebase-ios-sdk/FirebaseCore/Extension -Xcc -I/Users/hyunholee/Library/Developer/Xcode/DerivedData/BamiLog-cmowuaiuamzlxlgpvixsmogdajlm/SourcePackages/checkouts/firebase-ios-sdk/FirebaseCore/Sources/Public -Xcc -I/Users/hyunholee/Library/Developer/Xcode/DerivedData/BamiLog-cmowuaiuamzlxlgpvixsmogdajlm/SourcePackages/checkouts/firebase-ios-sdk/CoreOnly/Sources -Xcc -I/Users/hyunholee/Library/Developer/Xcode/DerivedData/BamiLog-cmowuaiuamzlxlgpvixsmogdajlm/SourcePackages/checkouts/firebase-ios-sdk/FirebaseAppCheck/Interop/Public -Xcc -I/Users/hyunholee/Library/Developer/Xcode/DerivedData/BamiLog-cmowuaiuamzlxlgpvixsmogdajlm/SourcePackages/checkouts/firebase-ios-sdk/FirebaseFirestoreInternal -Xcc -I/Users/hyunholee/Library/Developer/Xcode/DerivedData/BamiLog-cmowuaiuamzlxlgpvixsmogdajlm/Build/Products/Debug-iphonesimulator/include -Xcc -I/Users/hyunholee/Library/Developer/Xcode/DerivedData/BamiLog-cmowuaiuamzlxlgpvixsmogdajlm/Build/Intermediates.noindex/BamiLog.build/Debug-iphonesimulator/BamiLog.build/DerivedSources-normal/arm64 -Xcc -I/Users/hyunholee/Library/Developer/Xcode/DerivedData/BamiLog-cmowuaiuamzlxlgpvixsmogdajlm/Build/Intermediates.noindex/BamiLog.build/Debug-iphonesimulator/BamiLog.build/DerivedSources/arm64 -Xcc -I/Users/hyunholee/Library/Developer/Xcode/DerivedData/BamiLog-cmowuaiuamzlxlgpvixsmogdajlm/Build/Intermediates.noindex/BamiLog.build/Debug-iphonesimulator/BamiLog.build/DerivedSources -Xcc -DDEBUG\=1 -emit-objc-header -emit-objc-header-path /Users/hyunholee/Library/Developer/Xcode/DerivedData/BamiLog-cmowuaiuamzlxlgpvixsmogdajlm/Build/Intermediates.noindex/BamiLog.build/Debug-iphonesimulator/BamiLog.build/Objects-normal/arm64/BamiLog-Swift.h -working-directory /Users/hyunholee/Documents/workspace/code/BamiLog -experimental-emit-module-separately -disable-cmo

SwiftDriverJobDiscovery normal arm64 Compiling BabyInfomation.swift, BreastFeedingView.swift, QRGeneratorView.swift, View+.swift, BreathGuideView.swift, MilkRecord.swift, UserProfile.swift, UserProfileManager.swift (in target 'BamiLog' from project 'BamiLog')

SwiftCompile normal arm64 Compiling\ LaborAndBreathingPhaseView.swift,\ GrowthDiaryPhaseView.swift,\ ToothTrackerView.swift,\ DashboardView.swift,\ AddGrowthRecordView.swift,\ GrowthChartView.swift,\ DiaryListView.swift /Users/hyunholee/Documents/workspace/code/BamiLog/BamiLog/View/Phases/LaborAndBreathingPhaseView.swift /Users/hyunholee/Documents/workspace/code/BamiLog/BamiLog/View/Phases/GrowthDiaryPhaseView.swift /Users/hyunholee/Documents/workspace/code/BamiLog/BamiLog/View/GrowthDiary/ToothTrackerView.swift /Users/hyunholee/Documents/workspace/code/BamiLog/BamiLog/View/GrowthDiary/DashboardView.swift /Users/hyunholee/Documents/workspace/code/BamiLog/BamiLog/View/GrowthDiary/AddGrowthRecordView.swift /Users/hyunholee/Documents/workspace/code/BamiLog/BamiLog/View/GrowthDiary/GrowthChartView.swift /Users/hyunholee/Documents/workspace/code/BamiLog/BamiLog/View/GrowthDiary/DiaryListView.swift (in target 'BamiLog' from project 'BamiLog')

SwiftCompile normal arm64 /Users/hyunholee/Documents/workspace/code/BamiLog/BamiLog/View/Phases/LaborAndBreathingPhaseView.swift (in target 'BamiLog' from project 'BamiLog')
    cd /Users/hyunholee/Documents/workspace/code/BamiLog
    

SwiftCompile normal arm64 /Users/hyunholee/Documents/workspace/code/BamiLog/BamiLog/View/Phases/GrowthDiaryPhaseView.swift (in target 'BamiLog' from project 'BamiLog')
    cd /Users/hyunholee/Documents/workspace/code/BamiLog
    

SwiftCompile normal arm64 /Users/hyunholee/Documents/workspace/code/BamiLog/BamiLog/View/GrowthDiary/ToothTrackerView.swift (in target 'BamiLog' from project 'BamiLog')
    cd /Users/hyunholee/Documents/workspace/code/BamiLog
    

SwiftCompile normal arm64 /Users/hyunholee/Documents/workspace/code/BamiLog/BamiLog/View/GrowthDiary/DashboardView.swift (in target 'BamiLog' from project 'BamiLog')
    cd /Users/hyunholee/Documents/workspace/code/BamiLog
    

SwiftCompile normal arm64 /Users/hyunholee/Documents/workspace/code/BamiLog/BamiLog/View/GrowthDiary/AddGrowthRecordView.swift (in target 'BamiLog' from project 'BamiLog')
    cd /Users/hyunholee/Documents/workspace/code/BamiLog
    

SwiftCompile normal arm64 /Users/hyunholee/Documents/workspace/code/BamiLog/BamiLog/View/GrowthDiary/GrowthChartView.swift (in target 'BamiLog' from project 'BamiLog')
    cd /Users/hyunholee/Documents/workspace/code/BamiLog
    

SwiftCompile normal arm64 /Users/hyunholee/Documents/workspace/code/BamiLog/BamiLog/View/GrowthDiary/DiaryListView.swift (in target 'BamiLog' from project 'BamiLog')
    cd /Users/hyunholee/Documents/workspace/code/BamiLog
    

SwiftMergeGeneratedHeaders /Users/hyunholee/Library/Developer/Xcode/DerivedData/BamiLog-cmowuaiuamzlxlgpvixsmogdajlm/Build/Intermediates.noindex/BamiLog.build/Debug-iphonesimulator/BamiLog.build/DerivedSources/BamiLog-Swift.h /Users/hyunholee/Library/Developer/Xcode/DerivedData/BamiLog-cmowuaiuamzlxlgpvixsmogdajlm/Build/Intermediates.noindex/BamiLog.build/Debug-iphonesimulator/BamiLog.build/Objects-normal/arm64/BamiLog-Swift.h (in target 'BamiLog' from project 'BamiLog')
    cd /Users/hyunholee/Documents/workspace/code/BamiLog
    builtin-swiftHeaderTool -arch arm64 /Users/hyunholee/Library/Developer/Xcode/DerivedData/BamiLog-cmowuaiuamzlxlgpvixsmogdajlm/Build/Intermediates.noindex/BamiLog.build/Debug-iphonesimulator/BamiLog.build/Objects-normal/arm64/BamiLog-Swift.h -o /Users/hyunholee/Library/Developer/Xcode/DerivedData/BamiLog-cmowuaiuamzlxlgpvixsmogdajlm/Build/Intermediates.noindex/BamiLog.build/Debug-iphonesimulator/BamiLog.build/DerivedSources/BamiLog-Swift.h

Copy /Users/hyunholee/Library/Developer/Xcode/DerivedData/BamiLog-cmowuaiuamzlxlgpvixsmogdajlm/Build/Products/Debug-iphonesimulator/BamiLog.swiftmodule/arm64-apple-ios-simulator.swiftmodule /Users/hyunholee/Library/Developer/Xcode/DerivedData/BamiLog-cmowuaiuamzlxlgpvixsmogdajlm/Build/Intermediates.noindex/BamiLog.build/Debug-iphonesimulator/BamiLog.build/Objects-normal/arm64/BamiLog.swiftmodule (in target 'BamiLog' from project 'BamiLog')
    cd /Users/hyunholee/Documents/workspace/code/BamiLog
    builtin-copy -exclude .DS_Store -exclude CVS -exclude .svn -exclude .git -exclude .hg -resolve-src-symlinks -rename /Users/hyunholee/Library/Developer/Xcode/DerivedData/BamiLog-cmowuaiuamzlxlgpvixsmogdajlm/Build/Intermediates.noindex/BamiLog.build/Debug-iphonesimulator/BamiLog.build/Objects-normal/arm64/BamiLog.swiftmodule /Users/hyunholee/Library/Developer/Xcode/DerivedData/BamiLog-cmowuaiuamzlxlgpvixsmogdajlm/Build/Products/Debug-iphonesimulator/BamiLog.swiftmodule/arm64-apple-ios-simulator.swiftmodule

Copy /Users/hyunholee/Library/Developer/Xcode/DerivedData/BamiLog-cmowuaiuamzlxlgpvixsmogdajlm/Build/Products/Debug-iphonesimulator/BamiLog.swiftmodule/arm64-apple-ios-simulator.swiftdoc /Users/hyunholee/Library/Developer/Xcode/DerivedData/BamiLog-cmowuaiuamzlxlgpvixsmogdajlm/Build/Intermediates.noindex/BamiLog.build/Debug-iphonesimulator/BamiLog.build/Objects-normal/arm64/BamiLog.swiftdoc (in target 'BamiLog' from project 'BamiLog')
    cd /Users/hyunholee/Documents/workspace/code/BamiLog
    builtin-copy -exclude .DS_Store -exclude CVS -exclude .svn -exclude .git -exclude .hg -resolve-src-symlinks -rename /Users/hyunholee/Library/Developer/Xcode/DerivedData/BamiLog-cmowuaiuamzlxlgpvixsmogdajlm/Build/Intermediates.noindex/BamiLog.build/Debug-iphonesimulator/BamiLog.build/Objects-normal/arm64/BamiLog.swiftdoc /Users/hyunholee/Library/Developer/Xcode/DerivedData/BamiLog-cmowuaiuamzlxlgpvixsmogdajlm/Build/Products/Debug-iphonesimulator/BamiLog.swiftmodule/arm64-apple-ios-simulator.swiftdoc

Copy /Users/hyunholee/Library/Developer/Xcode/DerivedData/BamiLog-cmowuaiuamzlxlgpvixsmogdajlm/Build/Products/Debug-iphonesimulator/BamiLog.swiftmodule/arm64-apple-ios-simulator.abi.json /Users/hyunholee/Library/Developer/Xcode/DerivedData/BamiLog-cmowuaiuamzlxlgpvixsmogdajlm/Build/Intermediates.noindex/BamiLog.build/Debug-iphonesimulator/BamiLog.build/Objects-normal/arm64/BamiLog.abi.json (in target 'BamiLog' from project 'BamiLog')
    cd /Users/hyunholee/Documents/workspace/code/BamiLog
    builtin-copy -exclude .DS_Store -exclude CVS -exclude .svn -exclude .git -exclude .hg -resolve-src-symlinks -rename /Users/hyunholee/Library/Developer/Xcode/DerivedData/BamiLog-cmowuaiuamzlxlgpvixsmogdajlm/Build/Intermediates.noindex/BamiLog.build/Debug-iphonesimulator/BamiLog.build/Objects-normal/arm64/BamiLog.abi.json /Users/hyunholee/Library/Developer/Xcode/DerivedData/BamiLog-cmowuaiuamzlxlgpvixsmogdajlm/Build/Products/Debug-iphonesimulator/BamiLog.swiftmodule/arm64-apple-ios-simulator.abi.json

Copy /Users/hyunholee/Library/Developer/Xcode/DerivedData/BamiLog-cmowuaiuamzlxlgpvixsmogdajlm/Build/Products/Debug-iphonesimulator/BamiLog.swiftmodule/Project/arm64-apple-ios-simulator.swiftsourceinfo /Users/hyunholee/Library/Developer/Xcode/DerivedData/BamiLog-cmowuaiuamzlxlgpvixsmogdajlm/Build/Intermediates.noindex/BamiLog.build/Debug-iphonesimulator/BamiLog.build/Objects-normal/arm64/BamiLog.swiftsourceinfo (in target 'BamiLog' from project 'BamiLog')
    cd /Users/hyunholee/Documents/workspace/code/BamiLog
    builtin-copy -exclude .DS_Store -exclude CVS -exclude .svn -exclude .git -exclude .hg -resolve-src-symlinks -rename /Users/hyunholee/Library/Developer/Xcode/DerivedData/BamiLog-cmowuaiuamzlxlgpvixsmogdajlm/Build/Intermediates.noindex/BamiLog.build/Debug-iphonesimulator/BamiLog.build/Objects-normal/arm64/BamiLog.swiftsourceinfo /Users/hyunholee/Library/Developer/Xcode/DerivedData/BamiLog-cmowuaiuamzlxlgpvixsmogdajlm/Build/Products/Debug-iphonesimulator/BamiLog.swiftmodule/Project/arm64-apple-ios-simulator.swiftsourceinfo

LinkAssetCatalog /Users/hyunholee/Documents/workspace/code/BamiLog/BamiLog/Preview\ Content/Preview\ Assets.xcassets /Users/hyunholee/Documents/workspace/code/BamiLog/BamiLog/Resource/Asset.xcassets (in target 'BamiLog' from project 'BamiLog')
    cd /Users/hyunholee/Documents/workspace/code/BamiLog
    builtin-linkAssetCatalog --thinned /Users/hyunholee/Library/Developer/Xcode/DerivedData/BamiLog-cmowuaiuamzlxlgpvixsmogdajlm/Build/Intermediates.noindex/BamiLog.build/Debug-iphonesimulator/BamiLog.build/assetcatalog_output/thinned --thinned-dependencies /Users/hyunholee/Library/Developer/Xcode/DerivedData/BamiLog-cmowuaiuamzlxlgpvixsmogdajlm/Build/Intermediates.noindex/BamiLog.build/Debug-iphonesimulator/BamiLog.build/assetcatalog_dependencies_thinned --thinned-info-plist-content /Users/hyunholee/Library/Developer/Xcode/DerivedData/BamiLog-cmowuaiuamzlxlgpvixsmogdajlm/Build/Intermediates.noindex/BamiLog.build/Debug-iphonesimulator/BamiLog.build/assetcatalog_generated_info.plist_thinned --unthinned /Users/hyunholee/Library/Developer/Xcode/DerivedData/BamiLog-cmowuaiuamzlxlgpvixsmogdajlm/Build/Intermediates.noindex/BamiLog.build/Debug-iphonesimulator/BamiLog.build/assetcatalog_output/unthinned --unthinned-dependencies /Users/hyunholee/Library/Developer/Xcode/DerivedData/BamiLog-cmowuaiuamzlxlgpvixsmogdajlm/Build/Intermediates.noindex/BamiLog.build/Debug-iphonesimulator/BamiLog.build/assetcatalog_dependencies_unthinned --unthinned-info-plist-content /Users/hyunholee/Library/Developer/Xcode/DerivedData/BamiLog-cmowuaiuamzlxlgpvixsmogdajlm/Build/Intermediates.noindex/BamiLog.build/Debug-iphonesimulator/BamiLog.build/assetcatalog_generated_info.plist_unthinned --output /Users/hyunholee/Library/Developer/Xcode/DerivedData/BamiLog-cmowuaiuamzlxlgpvixsmogdajlm/Build/Products/Debug-iphonesimulator/BamiLog.app --plist-output /Users/hyunholee/Library/Developer/Xcode/DerivedData/BamiLog-cmowuaiuamzlxlgpvixsmogdajlm/Build/Intermediates.noindex/BamiLog.build/Debug-iphonesimulator/BamiLog.build/assetcatalog_generated_info.plist
note: Emplaced /Users/hyunholee/Library/Developer/Xcode/DerivedData/BamiLog-cmowuaiuamzlxlgpvixsmogdajlm/Build/Products/Debug-iphonesimulator/BamiLog.app/AppIcon76x76@2x~ipad.png (in target 'BamiLog' from project 'BamiLog')
note: Emplaced /Users/hyunholee/Library/Developer/Xcode/DerivedData/BamiLog-cmowuaiuamzlxlgpvixsmogdajlm/Build/Products/Debug-iphonesimulator/BamiLog.app/Assets.car (in target 'BamiLog' from project 'BamiLog')
note: Emplaced /Users/hyunholee/Library/Developer/Xcode/DerivedData/BamiLog-cmowuaiuamzlxlgpvixsmogdajlm/Build/Products/Debug-iphonesimulator/BamiLog.app/AppIcon60x60@2x.png (in target 'BamiLog' from project 'BamiLog')

ProcessInfoPlistFile /Users/hyunholee/Library/Developer/Xcode/DerivedData/BamiLog-cmowuaiuamzlxlgpvixsmogdajlm/Build/Products/Debug-iphonesimulator/BamiLog.app/Info.plist /Users/hyunholee/Documents/workspace/code/BamiLog/BamiLog/Info.plist (in target 'BamiLog' from project 'BamiLog')
    cd /Users/hyunholee/Documents/workspace/code/BamiLog
    builtin-infoPlistUtility /Users/hyunholee/Documents/workspace/code/BamiLog/BamiLog/Info.plist -producttype com.apple.product-type.application -genpkginfo /Users/hyunholee/Library/Developer/Xcode/DerivedData/BamiLog-cmowuaiuamzlxlgpvixsmogdajlm/Build/Products/Debug-iphonesimulator/BamiLog.app/PkgInfo -expandbuildsettings -format binary -platform iphonesimulator -additionalcontentfile /Users/hyunholee/Library/Developer/Xcode/DerivedData/BamiLog-cmowuaiuamzlxlgpvixsmogdajlm/Build/Intermediates.noindex/BamiLog.build/Debug-iphonesimulator/BamiLog.build/assetcatalog_generated_info.plist -scanforprivacyfile /Users/hyunholee/Library/Developer/Xcode/DerivedData/BamiLog-cmowuaiuamzlxlgpvixsmogdajlm/Build/Products/Debug-iphonesimulator/BamiLog.app/Firebase_FirebaseABTesting.bundle -scanforprivacyfile /Users/hyunholee/Library/Developer/Xcode/DerivedData/BamiLog-cmowuaiuamzlxlgpvixsmogdajlm/Build/Products/Debug-iphonesimulator/BamiLog.app/Firebase_FirebaseAuth.bundle -scanforprivacyfile /Users/hyunholee/Library/Developer/Xcode/DerivedData/BamiLog-cmowuaiuamzlxlgpvixsmogdajlm/Build/Products/Debug-iphonesimulator/BamiLog.app/Firebase_FirebaseCore.bundle -scanforprivacyfile /Users/hyunholee/Library/Developer/Xcode/DerivedData/BamiLog-cmowuaiuamzlxlgpvixsmogdajlm/Build/Products/Debug-iphonesimulator/BamiLog.app/Firebase_FirebaseCoreExtension.bundle -scanforprivacyfile /Users/hyunholee/Library/Developer/Xcode/DerivedData/BamiLog-cmowuaiuamzlxlgpvixsmogdajlm/Build/Products/Debug-iphonesimulator/BamiLog.app/Firebase_FirebaseCoreInternal.bundle -scanforprivacyfile /Users/hyunholee/Library/Developer/Xcode/DerivedData/BamiLog-cmowuaiuamzlxlgpvixsmogdajlm/Build/Products/Debug-iphonesimulator/BamiLog.app/Firebase_FirebaseCrashlytics.bundle -scanforprivacyfile /Users/hyunholee/Library/Developer/Xcode/DerivedData/BamiLog-cmowuaiuamzlxlgpvixsmogdajlm/Build/Products/Debug-iphonesimulator/BamiLog.app/Firebase_FirebaseCrashlyticsSwift.bundle -scanforprivacyfile /Users/hyunholee/Library/Developer/Xcode/DerivedData/BamiLog-cmowuaiuamzlxlgpvixsmogdajlm/Build/Products/Debug-iphonesimulator/BamiLog.app/Firebase_FirebaseFirestore.bundle -scanforprivacyfile /Users/hyunholee/Library/Developer/Xcode/DerivedData/BamiLog-cmowuaiuamzlxlgpvixsmogdajlm/Build/Products/Debug-iphonesimulator/BamiLog.app/Firebase_FirebaseInAppMessaging_iOS.bundle -scanforprivacyfile /Users/hyunholee/Library/Developer/Xcode/DerivedData/BamiLog-cmowuaiuamzlxlgpvixsmogdajlm/Build/Products/Debug-iphonesimulator/BamiLog.app/Firebase_FirebaseInstallations.bundle -scanforprivacyfile /Users/hyunholee/Library/Developer/Xcode/DerivedData/BamiLog-cmowuaiuamzlxlgpvixsmogdajlm/Build/Products/Debug-iphonesimulator/BamiLog.app/Firebase_FirebaseMessaging.bundle -scanforprivacyfile /Users/hyunholee/Library/Developer/Xcode/DerivedData/BamiLog-cmowuaiuamzlxlgpvixsmogdajlm/Build/Products/Debug-iphonesimulator/BamiLog.app/Firebase_FirebaseRemoteConfig.bundle -scanforprivacyfile /Users/hyunholee/Library/Developer/Xcode/DerivedData/BamiLog-cmowuaiuamzlxlgpvixsmogdajlm/Build/Products/Debug-iphonesimulator/BamiLog.app/Frameworks/FirebaseAnalytics.framework -scanforprivacyfile /Users/hyunholee/Library/Developer/Xcode/DerivedData/BamiLog-cmowuaiuamzlxlgpvixsmogdajlm/Build/Products/Debug-iphonesimulator/BamiLog.app/Frameworks/FirebaseFirestoreInternal.framework -scanforprivacyfile /Users/hyunholee/Library/Developer/Xcode/DerivedData/BamiLog-cmowuaiuamzlxlgpvixsmogdajlm/Build/Products/Debug-iphonesimulator/BamiLog.app/Frameworks/GoogleAdsOnDeviceConversion.framework -scanforprivacyfile /Users/hyunholee/Library/Developer/Xcode/DerivedData/BamiLog-cmowuaiuamzlxlgpvixsmogdajlm/Build/Products/Debug-iphonesimulator/BamiLog.app/Frameworks/GoogleAppMeasurement.framework -scanforprivacyfile /Users/hyunholee/Library/Developer/Xcode/DerivedData/BamiLog-cmowuaiuamzlxlgpvixsmogdajlm/Build/Products/Debug-iphonesimulator/BamiLog.app/Frameworks/GoogleAppMeasurementIdentitySupport.framework -scanforprivacyfile /Users/hyunholee/Library/Developer/Xcode/DerivedData/BamiLog-cmowuaiuamzlxlgpvixsmogdajlm/Build/Products/Debug-iphonesimulator/BamiLog.app/Frameworks/absl.framework -scanforprivacyfile /Users/hyunholee/Library/Developer/Xcode/DerivedData/BamiLog-cmowuaiuamzlxlgpvixsmogdajlm/Build/Products/Debug-iphonesimulator/BamiLog.app/Frameworks/grpc.framework -scanforprivacyfile /Users/hyunholee/Library/Developer/Xcode/DerivedData/BamiLog-cmowuaiuamzlxlgpvixsmogdajlm/Build/Products/Debug-iphonesimulator/BamiLog.app/Frameworks/grpcpp.framework -scanforprivacyfile /Users/hyunholee/Library/Developer/Xcode/DerivedData/BamiLog-cmowuaiuamzlxlgpvixsmogdajlm/Build/Products/Debug-iphonesimulator/BamiLog.app/Frameworks/openssl_grpc.framework -scanforprivacyfile /Users/hyunholee/Library/Developer/Xcode/DerivedData/BamiLog-cmowuaiuamzlxlgpvixsmogdajlm/Build/Products/Debug-iphonesimulator/BamiLog.app/GTMSessionFetcher_GTMSessionFetcherCore.bundle -scanforprivacyfile /Users/hyunholee/Library/Developer/Xcode/DerivedData/BamiLog-cmowuaiuamzlxlgpvixsmogdajlm/Build/Products/Debug-iphonesimulator/BamiLog.app/GoogleDataTransport_GoogleDataTransport.bundle -scanforprivacyfile /Users/hyunholee/Library/Developer/Xcode/DerivedData/BamiLog-cmowuaiuamzlxlgpvixsmogdajlm/Build/Products/Debug-iphonesimulator/BamiLog.app/GoogleUtilities_GoogleUtilities-AppDelegateSwizzler.bundle -scanforprivacyfile /Users/hyunholee/Library/Developer/Xcode/DerivedData/BamiLog-cmowuaiuamzlxlgpvixsmogdajlm/Build/Products/Debug-iphonesimulator/BamiLog.app/GoogleUtilities_GoogleUtilities-Environment.bundle -scanforprivacyfile /Users/hyunholee/Library/Developer/Xcode/DerivedData/BamiLog-cmowuaiuamzlxlgpvixsmogdajlm/Build/Products/Debug-iphonesimulator/BamiLog.app/GoogleUtilities_GoogleUtilities-Logger.bundle -scanforprivacyfile /Users/hyunholee/Library/Developer/Xcode/DerivedData/BamiLog-cmowuaiuamzlxlgpvixsmogdajlm/Build/Products/Debug-iphonesimulator/BamiLog.app/GoogleUtilities_GoogleUtilities-MethodSwizzler.bundle -scanforprivacyfile /Users/hyunholee/Library/Developer/Xcode/DerivedData/BamiLog-cmowuaiuamzlxlgpvixsmogdajlm/Build/Products/Debug-iphonesimulator/BamiLog.app/GoogleUtilities_GoogleUtilities-NSData.bundle -scanforprivacyfile /Users/hyunholee/Library/Developer/Xcode/DerivedData/BamiLog-cmowuaiuamzlxlgpvixsmogdajlm/Build/Products/Debug-iphonesimulator/BamiLog.app/GoogleUtilities_GoogleUtilities-Network.bundle -scanforprivacyfile /Users/hyunholee/Library/Developer/Xcode/DerivedData/BamiLog-cmowuaiuamzlxlgpvixsmogdajlm/Build/Products/Debug-iphonesimulator/BamiLog.app/GoogleUtilities_GoogleUtilities-Reachability.bundle -scanforprivacyfile /Users/hyunholee/Library/Developer/Xcode/DerivedData/BamiLog-cmowuaiuamzlxlgpvixsmogdajlm/Build/Products/Debug-iphonesimulator/BamiLog.app/GoogleUtilities_GoogleUtilities-UserDefaults.bundle -scanforprivacyfile /Users/hyunholee/Library/Developer/Xcode/DerivedData/BamiLog-cmowuaiuamzlxlgpvixsmogdajlm/Build/Products/Debug-iphonesimulator/BamiLog.app/Promises_FBLPromises.bundle -scanforprivacyfile /Users/hyunholee/Library/Developer/Xcode/DerivedData/BamiLog-cmowuaiuamzlxlgpvixsmogdajlm/Build/Products/Debug-iphonesimulator/BamiLog.app/Promises_Promises.bundle -scanforprivacyfile /Users/hyunholee/Library/Developer/Xcode/DerivedData/BamiLog-cmowuaiuamzlxlgpvixsmogdajlm/Build/Products/Debug-iphonesimulator/BamiLog.app/SwiftProtobuf_SwiftProtobuf.bundle -scanforprivacyfile /Users/hyunholee/Library/Developer/Xcode/DerivedData/BamiLog-cmowuaiuamzlxlgpvixsmogdajlm/Build/Products/Debug-iphonesimulator/BamiLog.app/abseil_abslWrapper.bundle -scanforprivacyfile /Users/hyunholee/Library/Developer/Xcode/DerivedData/BamiLog-cmowuaiuamzlxlgpvixsmogdajlm/Build/Products/Debug-iphonesimulator/BamiLog.app/gRPC_grpcWrapper.bundle -scanforprivacyfile /Users/hyunholee/Library/Developer/Xcode/DerivedData/BamiLog-cmowuaiuamzlxlgpvixsmogdajlm/Build/Products/Debug-iphonesimulator/BamiLog.app/gRPC_grpcppWrapper.bundle -scanforprivacyfile /Users/hyunholee/Library/Developer/Xcode/DerivedData/BamiLog-cmowuaiuamzlxlgpvixsmogdajlm/Build/Products/Debug-iphonesimulator/BamiLog.app/gRPC_opensslWrapper.bundle -scanforprivacyfile /Users/hyunholee/Library/Developer/Xcode/DerivedData/BamiLog-cmowuaiuamzlxlgpvixsmogdajlm/Build/Products/Debug-iphonesimulator/BamiLog.app/leveldb_leveldb.bundle -scanforprivacyfile /Users/hyunholee/Library/Developer/Xcode/DerivedData/BamiLog-cmowuaiuamzlxlgpvixsmogdajlm/Build/Products/Debug-iphonesimulator/BamiLog.app/nanopb_nanopb.bundle -o /Users/hyunholee/Library/Developer/Xcode/DerivedData/BamiLog-cmowuaiuamzlxlgpvixsmogdajlm/Build/Products/Debug-iphonesimulator/BamiLog.app/Info.plist

SwiftDriverJobDiscovery normal arm64 Compiling AudioManager.swift, BamiLogApp.swift, LoginView.swift, SoundView.swift, Date+.swift, DiaperView.swift, ScannerViewController.swift, CoworkView.swift (in target 'BamiLog' from project 'BamiLog')

SwiftDriverJobDiscovery normal arm64 Compiling AddDiaryView.swift, AddToothRecordView.swift, PhotoGalleryView.swift, GrowthModels.swift, MilestoneView.swift, AddMilestoneView.swift, GeneratedAssetSymbols.swift (in target 'BamiLog' from project 'BamiLog')

SwiftDriverJobDiscovery normal arm64 Compiling ContractionTrackerView.swift, MainTabView.swift, AppIconManager.swift, AppState.swift, DesignSystem.swift, MainView.swift, UIScreen+.swift, BreathingGuidePhaseView.swift (in target 'BamiLog' from project 'BamiLog')

SwiftDriverJobDiscovery normal arm64 Compiling LaborAndBreathingPhaseView.swift, GrowthDiaryPhaseView.swift, ToothTrackerView.swift, DashboardView.swift, AddGrowthRecordView.swift, GrowthChartView.swift, DiaryListView.swift (in target 'BamiLog' from project 'BamiLog')

SwiftDriverJobDiscovery normal arm64 Compiling OnboardingView.swift, ProfileEditView.swift, MenstrualModels.swift, PregnancyModels.swift, MenstrualCycleManager.swift, PregnancyManager.swift, MenstrualTrackingPhaseView.swift, PregnancyPhaseView.swift (in target 'BamiLog' from project 'BamiLog')

SwiftDriverJobDiscovery normal arm64 Compiling MenuView.swift, EnterProfileView.swift, SleepingRecordView.swift, ContractionHistoryView.swift, RecordView.swift, QRCodeScanView.swift, StaticsView.swift, LogView.swift (in target 'BamiLog' from project 'BamiLog')

SwiftDriverJobDiscovery normal arm64 Compiling AlertItem.swift, BathTimerView.swift, ContractionManager.swift, ContractionTrackingPhaseView.swift, SettingsView.swift, ScannerView.swift, BottleFeedingView.swift, PersitenceManager.swift (in target 'BamiLog' from project 'BamiLog')

SwiftDriver\ Compilation BamiLog normal arm64 com.apple.xcode.tools.swift.compiler (in target 'BamiLog' from project 'BamiLog')
    cd /Users/hyunholee/Documents/workspace/code/BamiLog
    builtin-Swift-Compilation -- /Applications/Xcode.app/Contents/Developer/Toolchains/XcodeDefault.xctoolchain/usr/bin/swiftc -module-name BamiLog -Onone -enforce-exclusivity\=checked @/Users/hyunholee/Library/Developer/Xcode/DerivedData/BamiLog-cmowuaiuamzlxlgpvixsmogdajlm/Build/Intermediates.noindex/BamiLog.build/Debug-iphonesimulator/BamiLog.build/Objects-normal/arm64/BamiLog.SwiftFileList -DDEBUG -Xcc -fmodule-map-file\=/Users/hyunholee/Library/Developer/Xcode/DerivedData/BamiLog-cmowuaiuamzlxlgpvixsmogdajlm/Build/Intermediates.noindex/GeneratedModuleMaps-iphonesimulator/FirebaseAppDistribution.modulemap -Xcc -fmodule-map-file\=/Users/hyunholee/Library/Developer/Xcode/DerivedData/BamiLog-cmowuaiuamzlxlgpvixsmogdajlm/Build/Intermediates.noindex/GeneratedModuleMaps-iphonesimulator/FirebaseAppDistributionTarget.modulemap -Xcc -fmodule-map-file\=/Users/hyunholee/Library/Developer/Xcode/DerivedData/BamiLog-cmowuaiuamzlxlgpvixsmogdajlm/Build/Intermediates.noindex/GeneratedModuleMaps-iphonesimulator/GoogleAppMeasurementIdentitySupportTarget.modulemap -Xcc -fmodule-map-file\=/Users/hyunholee/Library/Developer/Xcode/DerivedData/BamiLog-cmowuaiuamzlxlgpvixsmogdajlm/Build/Intermediates.noindex/GeneratedModuleMaps-iphonesimulator/FirebaseAnalyticsIdentitySupportTarget.modulemap -Xcc -fmodule-map-file\=/Users/hyunholee/Library/Developer/Xcode/DerivedData/BamiLog-cmowuaiuamzlxlgpvixsmogdajlm/Build/Intermediates.noindex/GeneratedModuleMaps-iphonesimulator/FirebaseInAppMessagingInternal.modulemap -Xcc -fmodule-map-file\=/Users/hyunholee/Library/Developer/Xcode/DerivedData/BamiLog-cmowuaiuamzlxlgpvixsmogdajlm/Build/Intermediates.noindex/GeneratedModuleMaps-iphonesimulator/FirebaseInAppMessaging_iOS.modulemap -Xcc -fmodule-map-file\=/Users/hyunholee/Library/Developer/Xcode/DerivedData/BamiLog-cmowuaiuamzlxlgpvixsmogdajlm/Build/Intermediates.noindex/GeneratedModuleMaps-iphonesimulator/FirebaseInAppMessagingTarget.modulemap -Xcc -fmodule-map-file\=/Users/hyunholee/Library/Developer/Xcode/DerivedData/BamiLog-cmowuaiuamzlxlgpvixsmogdajlm/Build/Intermediates.noindex/GeneratedModuleMaps-iphonesimulator/FirebaseCrashlytics.modulemap -Xcc -fmodule-map-file\=/Users/hyunholee/Library/Developer/Xcode/DerivedData/BamiLog-cmowuaiuamzlxlgpvixsmogdajlm/Build/Intermediates.noindex/GeneratedModuleMaps-iphonesimulator/FirebaseDatabaseInternal.modulemap -Xcc -fmodule-map-file\=/Users/hyunholee/Library/Developer/Xcode/DerivedData/BamiLog-cmowuaiuamzlxlgpvixsmogdajlm/Build/Intermediates.noindex/GeneratedModuleMaps-iphonesimulator/GoogleAdsOnDeviceConversionTarget.modulemap -Xcc -fmodule-map-file\=/Users/hyunholee/Library/Developer/Xcode/DerivedData/BamiLog-cmowuaiuamzlxlgpvixsmogdajlm/Build/Intermediates.noindex/GeneratedModuleMaps-iphonesimulator/GoogleAppMeasurementTarget.modulemap -Xcc -fmodule-map-file\=/Users/hyunholee/Library/Developer/Xcode/DerivedData/BamiLog-cmowuaiuamzlxlgpvixsmogdajlm/Build/Intermediates.noindex/GeneratedModuleMaps-iphonesimulator/FirebaseAnalyticsWrapper.modulemap -Xcc -fmodule-map-file\=/Users/hyunholee/Library/Developer/Xcode/DerivedData/BamiLog-cmowuaiuamzlxlgpvixsmogdajlm/Build/Intermediates.noindex/GeneratedModuleMaps-iphonesimulator/FirebaseAnalyticsTarget.modulemap -Xcc -fmodule-map-file\=/Users/hyunholee/Library/Developer/Xcode/DerivedData/BamiLog-cmowuaiuamzlxlgpvixsmogdajlm/Build/Intermediates.noindex/GeneratedModuleMaps-iphonesimulator/FirebaseMessaging.modulemap -Xcc -fmodule-map-file\=/Users/hyunholee/Library/Developer/Xcode/DerivedData/BamiLog-cmowuaiuamzlxlgpvixsmogdajlm/Build/Intermediates.noindex/GeneratedModuleMaps-iphonesimulator/GoogleDataTransport.modulemap -Xcc -fmodule-map-file\=/Users/hyunholee/Library/Developer/Xcode/DerivedData/BamiLog-cmowuaiuamzlxlgpvixsmogdajlm/Build/Intermediates.noindex/GeneratedModuleMaps-iphonesimulator/FirebasePerformance.modulemap -Xcc -fmodule-map-file\=/Users/hyunholee/Library/Developer/Xcode/DerivedData/BamiLog-cmowuaiuamzlxlgpvixsmogdajlm/Build/Intermediates.noindex/GeneratedModuleMaps-iphonesimulator/FirebaseSessionsObjC.modulemap -Xcc -fmodule-map-file\=/Users/hyunholee/Library/Developer/Xcode/DerivedData/BamiLog-cmowuaiuamzlxlgpvixsmogdajlm/Build/Intermediates.noindex/GeneratedModuleMaps-iphonesimulator/FirebaseRemoteConfigInternal.modulemap -Xcc -fmodule-map-file\=/Users/hyunholee/Library/Developer/Xcode/DerivedData/BamiLog-cmowuaiuamzlxlgpvixsmogdajlm/Build/Intermediates.noindex/GeneratedModuleMaps-iphonesimulator/FirebaseABTesting.modulemap -Xcc -fmodule-map-file\=/Users/hyunholee/Library/Developer/Xcode/DerivedData/BamiLog-cmowuaiuamzlxlgpvixsmogdajlm/Build/Intermediates.noindex/GeneratedModuleMaps-iphonesimulator/FirebasePerformanceTarget.modulemap -Xcc -fmodule-map-file\=/Users/hyunholee/Library/Developer/Xcode/DerivedData/BamiLog-cmowuaiuamzlxlgpvixsmogdajlm/Build/Intermediates.noindex/GeneratedModuleMaps-iphonesimulator/AppCheckCore.modulemap -Xcc -fmodule-map-file\=/Users/hyunholee/Library/Developer/Xcode/DerivedData/BamiLog-cmowuaiuamzlxlgpvixsmogdajlm/Build/Intermediates.noindex/GeneratedModuleMaps-iphonesimulator/FirebaseAppCheck.modulemap -Xcc -fmodule-map-file\=/Users/hyunholee/Library/Developer/Xcode/DerivedData/BamiLog-cmowuaiuamzlxlgpvixsmogdajlm/Build/Intermediates.noindex/GeneratedModuleMaps-iphonesimulator/GoogleUtilities-UserDefaults.modulemap -Xcc -fmodule-map-file\=/Users/hyunholee/Library/Developer/Xcode/DerivedData/BamiLog-cmowuaiuamzlxlgpvixsmogdajlm/Build/Intermediates.noindex/GeneratedModuleMaps-iphonesimulator/GoogleAppMeasurementCoreTarget.modulemap -Xcc -fmodule-map-file\=/Users/hyunholee/Library/Developer/Xcode/DerivedData/BamiLog-cmowuaiuamzlxlgpvixsmogdajlm/Build/Intermediates.noindex/GeneratedModuleMaps-iphonesimulator/GoogleUtilities-MethodSwizzler.modulemap -Xcc -fmodule-map-file\=/Users/hyunholee/Library/Developer/Xcode/DerivedData/BamiLog-cmowuaiuamzlxlgpvixsmogdajlm/Build/Intermediates.noindex/GeneratedModuleMaps-iphonesimulator/FirebaseAnalyticsCoreWrapper.modulemap -Xcc -fmodule-map-file\=/Users/hyunholee/Library/Developer/Xcode/DerivedData/BamiLog-cmowuaiuamzlxlgpvixsmogdajlm/Build/Intermediates.noindex/GeneratedModuleMaps-iphonesimulator/FirebaseInstallations.modulemap -Xcc -fmodule-map-file\=/Users/hyunholee/Library/Developer/Xcode/DerivedData/BamiLog-cmowuaiuamzlxlgpvixsmogdajlm/Build/Intermediates.noindex/GeneratedModuleMaps-iphonesimulator/FirebaseAnalyticsCoreTarget.modulemap -Xcc -fmodule-map-file\=/Users/hyunholee/Library/Developer/Xcode/DerivedData/BamiLog-cmowuaiuamzlxlgpvixsmogdajlm/Build/Intermediates.noindex/GeneratedModuleMaps-iphonesimulator/FirebaseMessagingInterop.modulemap -Xcc -fmodule-map-file\=/Users/hyunholee/Library/Developer/Xcode/DerivedData/BamiLog-cmowuaiuamzlxlgpvixsmogdajlm/Build/Intermediates.noindex/GeneratedModuleMaps-iphonesimulator/RecaptchaInterop.modulemap -Xcc -fmodule-map-file\=/Users/hyunholee/Library/Developer/Xcode/DerivedData/BamiLog-cmowuaiuamzlxlgpvixsmogdajlm/Build/Intermediates.noindex/GeneratedModuleMaps-iphonesimulator/GoogleUtilities-Network.modulemap -Xcc -fmodule-map-file\=/Users/hyunholee/Library/Developer/Xcode/DerivedData/BamiLog-cmowuaiuamzlxlgpvixsmogdajlm/Build/Intermediates.noindex/GeneratedModuleMaps-iphonesimulator/GoogleUtilities-Reachability.modulemap -Xcc -fmodule-map-file\=/Users/hyunholee/Library/Developer/Xcode/DerivedData/BamiLog-cmowuaiuamzlxlgpvixsmogdajlm/Build/Intermediates.noindex/GeneratedModuleMaps-iphonesimulator/GoogleUtilities-AppDelegateSwizzler.modulemap -Xcc -fmodule-map-file\=/Users/hyunholee/Library/Developer/Xcode/DerivedData/BamiLog-cmowuaiuamzlxlgpvixsmogdajlm/Build/Intermediates.noindex/GeneratedModuleMaps-iphonesimulator/GTMSessionFetcherCore.modulemap -Xcc -fmodule-map-file\=/Users/hyunholee/Library/Developer/Xcode/DerivedData/BamiLog-cmowuaiuamzlxlgpvixsmogdajlm/Build/Intermediates.noindex/GeneratedModuleMaps-iphonesimulator/FirebaseAuthInternal.modulemap -Xcc -fmodule-map-file\=/Users/hyunholee/Library/Developer/Xcode/DerivedData/BamiLog-cmowuaiuamzlxlgpvixsmogdajlm/Build/Intermediates.noindex/GeneratedModuleMaps-iphonesimulator/FirebaseAuthInterop.modulemap -Xcc -fmodule-map-file\=/Users/hyunholee/Library/Developer/Xcode/DerivedData/BamiLog-cmowuaiuamzlxlgpvixsmogdajlm/Build/Intermediates.noindex/GeneratedModuleMaps-iphonesimulator/GoogleUtilities-NSData.modulemap -Xcc -fmodule-map-file\=/Users/hyunholee/Library/Developer/Xcode/DerivedData/BamiLog-cmowuaiuamzlxlgpvixsmogdajlm/Build/Intermediates.noindex/GeneratedModuleMaps-iphonesimulator/GoogleUtilities-Environment.modulemap -Xcc -fmodule-map-file\=/Users/hyunholee/Library/Developer/Xcode/DerivedData/BamiLog-cmowuaiuamzlxlgpvixsmogdajlm/Build/Intermediates.noindex/GeneratedModuleMaps-iphonesimulator/third-party-IsAppEncrypted.modulemap -Xcc -fmodule-map-file\=/Users/hyunholee/Library/Developer/Xcode/DerivedData/BamiLog-cmowuaiuamzlxlgpvixsmogdajlm/Build/Intermediates.noindex/GeneratedModuleMaps-iphonesimulator/GoogleUtilities-Logger.modulemap -Xcc -fmodule-map-file\=/Users/hyunholee/Library/Developer/Xcode/DerivedData/BamiLog-cmowuaiuamzlxlgpvixsmogdajlm/Build/Intermediates.noindex/GeneratedModuleMaps-iphonesimulator/abslWrapper.modulemap -Xcc -fmodule-map-file\=/Users/hyunholee/Library/Developer/Xcode/DerivedData/BamiLog-cmowuaiuamzlxlgpvixsmogdajlm/Build/Intermediates.noindex/GeneratedModuleMaps-iphonesimulator/opensslWrapper.modulemap -Xcc -fmodule-map-file\=/Users/hyunholee/Library/Developer/Xcode/DerivedData/BamiLog-cmowuaiuamzlxlgpvixsmogdajlm/Build/Intermediates.noindex/GeneratedModuleMaps-iphonesimulator/grpcWrapper.modulemap -Xcc -fmodule-map-file\=/Users/hyunholee/Library/Developer/Xcode/DerivedData/BamiLog-cmowuaiuamzlxlgpvixsmogdajlm/Build/Intermediates.noindex/GeneratedModuleMaps-iphonesimulator/grpcppWrapper.modulemap -Xcc -fmodule-map-file\=/Users/hyunholee/Library/Developer/Xcode/DerivedData/BamiLog-cmowuaiuamzlxlgpvixsmogdajlm/Build/Intermediates.noindex/GeneratedModuleMaps-iphonesimulator/nanopb.modulemap -Xcc -fmodule-map-file\=/Users/hyunholee/Library/Developer/Xcode/DerivedData/BamiLog-cmowuaiuamzlxlgpvixsmogdajlm/Build/Intermediates.noindex/GeneratedModuleMaps-iphonesimulator/leveldb.modulemap -Xcc -fmodule-map-file\=/Users/hyunholee/Library/Developer/Xcode/DerivedData/BamiLog-cmowuaiuamzlxlgpvixsmogdajlm/Build/Intermediates.noindex/GeneratedModuleMaps-iphonesimulator/FirebaseFirestoreTarget.modulemap -Xcc -fmodule-map-file\=/Users/hyunholee/Library/Developer/Xcode/DerivedData/BamiLog-cmowuaiuamzlxlgpvixsmogdajlm/Build/Intermediates.noindex/GeneratedModuleMaps-iphonesimulator/FirebaseCoreExtension.modulemap -Xcc -fmodule-map-file\=/Users/hyunholee/Library/Developer/Xcode/DerivedData/BamiLog-cmowuaiuamzlxlgpvixsmogdajlm/Build/Intermediates.noindex/GeneratedModuleMaps-iphonesimulator/FirebaseCore.modulemap -Xcc -fmodule-map-file\=/Users/hyunholee/Library/Developer/Xcode/DerivedData/BamiLog-cmowuaiuamzlxlgpvixsmogdajlm/Build/Intermediates.noindex/GeneratedModuleMaps-iphonesimulator/FirebaseAppCheckInterop.modulemap -Xcc -fmodule-map-file\=/Users/hyunholee/Library/Developer/Xcode/DerivedData/BamiLog-cmowuaiuamzlxlgpvixsmogdajlm/Build/Intermediates.noindex/GeneratedModuleMaps-iphonesimulator/FirebaseFirestoreInternalWrapper.modulemap -enable-bare-slash-regex -enable-experimental-feature DebugDescriptionMacro -sdk /Applications/Xcode.app/Contents/Developer/Platforms/iPhoneSimulator.platform/Developer/SDKs/iPhoneSimulator26.0.sdk -target arm64-apple-ios16.1-simulator -g -module-cache-path /Users/hyunholee/Library/Developer/Xcode/DerivedData/ModuleCache.noindex -Xfrontend -serialize-debugging-options -enable-testing -index-store-path /Users/hyunholee/Library/Developer/Xcode/DerivedData/BamiLog-cmowuaiuamzlxlgpvixsmogdajlm/Index.noindex/DataStore -Xcc -D_LIBCPP_HARDENING_MODE\=_LIBCPP_HARDENING_MODE_DEBUG -swift-version 5 -I /Users/hyunholee/Library/Developer/Xcode/DerivedData/BamiLog-cmowuaiuamzlxlgpvixsmogdajlm/Build/Products/Debug-iphonesimulator -F /Users/hyunholee/Library/Developer/Xcode/DerivedData/BamiLog-cmowuaiuamzlxlgpvixsmogdajlm/Build/Products/Debug-iphonesimulator/PackageFrameworks -F /Users/hyunholee/Library/Developer/Xcode/DerivedData/BamiLog-cmowuaiuamzlxlgpvixsmogdajlm/Build/Products/Debug-iphonesimulator/PackageFrameworks -F /Users/hyunholee/Library/Developer/Xcode/DerivedData/BamiLog-cmowuaiuamzlxlgpvixsmogdajlm/Build/Products/Debug-iphonesimulator/PackageFrameworks -F /Users/hyunholee/Library/Developer/Xcode/DerivedData/BamiLog-cmowuaiuamzlxlgpvixsmogdajlm/Build/Products/Debug-iphonesimulator/PackageFrameworks -F /Users/hyunholee/Library/Developer/Xcode/DerivedData/BamiLog-cmowuaiuamzlxlgpvixsmogdajlm/Build/Products/Debug-iphonesimulator/PackageFrameworks -F /Users/hyunholee/Library/Developer/Xcode/DerivedData/BamiLog-cmowuaiuamzlxlgpvixsmogdajlm/Build/Products/Debug-iphonesimulator/PackageFrameworks -F /Users/hyunholee/Library/Developer/Xcode/DerivedData/BamiLog-cmowuaiuamzlxlgpvixsmogdajlm/Build/Products/Debug-iphonesimulator/PackageFrameworks -F /Users/hyunholee/Library/Developer/Xcode/DerivedData/BamiLog-cmowuaiuamzlxlgpvixsmogdajlm/Build/Products/Debug-iphonesimulator/PackageFrameworks -F /Users/hyunholee/Library/Developer/Xcode/DerivedData/BamiLog-cmowuaiuamzlxlgpvixsmogdajlm/Build/Products/Debug-iphonesimulator/PackageFrameworks -F /Users/hyunholee/Library/Developer/Xcode/DerivedData/BamiLog-cmowuaiuamzlxlgpvixsmogdajlm/Build/Products/Debug-iphonesimulator/PackageFrameworks -F /Users/hyunholee/Library/Developer/Xcode/DerivedData/BamiLog-cmowuaiuamzlxlgpvixsmogdajlm/Build/Products/Debug-iphonesimulator/PackageFrameworks -F /Users/hyunholee/Library/Developer/Xcode/DerivedData/BamiLog-cmowuaiuamzlxlgpvixsmogdajlm/Build/Products/Debug-iphonesimulator/PackageFrameworks -F /Users/hyunholee/Library/Developer/Xcode/DerivedData/BamiLog-cmowuaiuamzlxlgpvixsmogdajlm/Build/Products/Debug-iphonesimulator/PackageFrameworks -F /Users/hyunholee/Library/Developer/Xcode/DerivedData/BamiLog-cmowuaiuamzlxlgpvixsmogdajlm/Build/Products/Debug-iphonesimulator/PackageFrameworks -F /Users/hyunholee/Library/Developer/Xcode/DerivedData/BamiLog-cmowuaiuamzlxlgpvixsmogdajlm/Build/Products/Debug-iphonesimulator/PackageFrameworks -F /Users/hyunholee/Library/Developer/Xcode/DerivedData/BamiLog-cmowuaiuamzlxlgpvixsmogdajlm/Build/Products/Debug-iphonesimulator/PackageFrameworks -F /Users/hyunholee/Library/Developer/Xcode/DerivedData/BamiLog-cmowuaiuamzlxlgpvixsmogdajlm/Build/Products/Debug-iphonesimulator/PackageFrameworks -F /Users/hyunholee/Library/Developer/Xcode/DerivedData/BamiLog-cmowuaiuamzlxlgpvixsmogdajlm/Build/Products/Debug-iphonesimulator/PackageFrameworks -F /Users/hyunholee/Library/Developer/Xcode/DerivedData/BamiLog-cmowuaiuamzlxlgpvixsmogdajlm/Build/Products/Debug-iphonesimulator/PackageFrameworks -F /Users/hyunholee/Library/Developer/Xcode/DerivedData/BamiLog-cmowuaiuamzlxlgpvixsmogdajlm/Build/Products/Debug-iphonesimulator/PackageFrameworks -F /Users/hyunholee/Library/Developer/Xcode/DerivedData/BamiLog-cmowuaiuamzlxlgpvixsmogdajlm/Build/Products/Debug-iphonesimulator/PackageFrameworks -F /Users/hyunholee/Library/Developer/Xcode/DerivedData/BamiLog-cmowuaiuamzlxlgpvixsmogdajlm/Build/Products/Debug-iphonesimulator/PackageFrameworks -F /Users/hyunholee/Library/Developer/Xcode/DerivedData/BamiLog-cmowuaiuamzlxlgpvixsmogdajlm/Build/Products/Debug-iphonesimulator/PackageFrameworks -F /Users/hyunholee/Library/Developer/Xcode/DerivedData/BamiLog-cmowuaiuamzlxlgpvixsmogdajlm/Build/Products/Debug-iphonesimulator/PackageFrameworks -F /Users/hyunholee/Library/Developer/Xcode/DerivedData/BamiLog-cmowuaiuamzlxlgpvixsmogdajlm/Build/Products/Debug-iphonesimulator/PackageFrameworks -F /Users/hyunholee/Library/Developer/Xcode/DerivedData/BamiLog-cmowuaiuamzlxlgpvixsmogdajlm/Build/Products/Debug-iphonesimulator/PackageFrameworks -F /Users/hyunholee/Library/Developer/Xcode/DerivedData/BamiLog-cmowuaiuamzlxlgpvixsmogdajlm/Build/Products/Debug-iphonesimulator/PackageFrameworks -F /Users/hyunholee/Library/Developer/Xcode/DerivedData/BamiLog-cmowuaiuamzlxlgpvixsmogdajlm/Build/Products/Debug-iphonesimulator/PackageFrameworks -F /Users/hyunholee/Library/Developer/Xcode/DerivedData/BamiLog-cmowuaiuamzlxlgpvixsmogdajlm/Build/Products/Debug-iphonesimulator/PackageFrameworks -F /Users/hyunholee/Library/Developer/Xcode/DerivedData/BamiLog-cmowuaiuamzlxlgpvixsmogdajlm/Build/Products/Debug-iphonesimulator/PackageFrameworks -F /Users/hyunholee/Library/Developer/Xcode/DerivedData/BamiLog-cmowuaiuamzlxlgpvixsmogdajlm/Build/Products/Debug-iphonesimulator/PackageFrameworks -F /Users/hyunholee/Library/Developer/Xcode/DerivedData/BamiLog-cmowuaiuamzlxlgpvixsmogdajlm/Build/Products/Debug-iphonesimulator/PackageFrameworks -F /Users/hyunholee/Library/Developer/Xcode/DerivedData/BamiLog-cmowuaiuamzlxlgpvixsmogdajlm/Build/Products/Debug-iphonesimulator/PackageFrameworks -F /Users/hyunholee/Library/Developer/Xcode/DerivedData/BamiLog-cmowuaiuamzlxlgpvixsmogdajlm/Build/Products/Debug-iphonesimulator/PackageFrameworks -F /Users/hyunholee/Library/Developer/Xcode/DerivedData/BamiLog-cmowuaiuamzlxlgpvixsmogdajlm/Build/Products/Debug-iphonesimulator/PackageFrameworks -F /Users/hyunholee/Library/Developer/Xcode/DerivedData/BamiLog-cmowuaiuamzlxlgpvixsmogdajlm/Build/Products/Debug-iphonesimulator/PackageFrameworks -F /Users/hyunholee/Library/Developer/Xcode/DerivedData/BamiLog-cmowuaiuamzlxlgpvixsmogdajlm/Build/Products/Debug-iphonesimulator/PackageFrameworks -F /Users/hyunholee/Library/Developer/Xcode/DerivedData/BamiLog-cmowuaiuamzlxlgpvixsmogdajlm/Build/Products/Debug-iphonesimulator/PackageFrameworks -F /Users/hyunholee/Library/Developer/Xcode/DerivedData/BamiLog-cmowuaiuamzlxlgpvixsmogdajlm/Build/Products/Debug-iphonesimulator/PackageFrameworks -F /Users/hyunholee/Library/Developer/Xcode/DerivedData/BamiLog-cmowuaiuamzlxlgpvixsmogdajlm/Build/Products/Debug-iphonesimulator/PackageFrameworks -F /Users/hyunholee/Library/Developer/Xcode/DerivedData/BamiLog-cmowuaiuamzlxlgpvixsmogdajlm/Build/Products/Debug-iphonesimulator/PackageFrameworks -F /Users/hyunholee/Library/Developer/Xcode/DerivedData/BamiLog-cmowuaiuamzlxlgpvixsmogdajlm/Build/Products/Debug-iphonesimulator/PackageFrameworks -F /Users/hyunholee/Library/Developer/Xcode/DerivedData/BamiLog-cmowuaiuamzlxlgpvixsmogdajlm/Build/Products/Debug-iphonesimulator/PackageFrameworks -F /Users/hyunholee/Library/Developer/Xcode/DerivedData/BamiLog-cmowuaiuamzlxlgpvixsmogdajlm/Build/Products/Debug-iphonesimulator/PackageFrameworks -F /Users/hyunholee/Library/Developer/Xcode/DerivedData/BamiLog-cmowuaiuamzlxlgpvixsmogdajlm/Build/Products/Debug-iphonesimulator/PackageFrameworks -F /Users/hyunholee/Library/Developer/Xcode/DerivedData/BamiLog-cmowuaiuamzlxlgpvixsmogdajlm/Build/Products/Debug-iphonesimulator/PackageFrameworks -F /Users/hyunholee/Library/Developer/Xcode/DerivedData/BamiLog-cmowuaiuamzlxlgpvixsmogdajlm/Build/Products/Debug-iphonesimulator/PackageFrameworks -F /Users/hyunholee/Library/Developer/Xcode/DerivedData/BamiLog-cmowuaiuamzlxlgpvixsmogdajlm/Build/Products/Debug-iphonesimulator/PackageFrameworks -F /Users/hyunholee/Library/Developer/Xcode/DerivedData/BamiLog-cmowuaiuamzlxlgpvixsmogdajlm/Build/Products/Debug-iphonesimulator/PackageFrameworks -F /Users/hyunholee/Library/Developer/Xcode/DerivedData/BamiLog-cmowuaiuamzlxlgpvixsmogdajlm/Build/Products/Debug-iphonesimulator/PackageFrameworks -F /Users/hyunholee/Library/Developer/Xcode/DerivedData/BamiLog-cmowuaiuamzlxlgpvixsmogdajlm/Build/Products/Debug-iphonesimulator/PackageFrameworks -F /Users/hyunholee/Library/Developer/Xcode/DerivedData/BamiLog-cmowuaiuamzlxlgpvixsmogdajlm/Build/Products/Debug-iphonesimulator/PackageFrameworks -F /Users/hyunholee/Library/Developer/Xcode/DerivedData/BamiLog-cmowuaiuamzlxlgpvixsmogdajlm/Build/Products/Debug-iphonesimulator/PackageFrameworks -F /Users/hyunholee/Library/Developer/Xcode/DerivedData/BamiLog-cmowuaiuamzlxlgpvixsmogdajlm/Build/Products/Debug-iphonesimulator/PackageFrameworks -F /Users/hyunholee/Library/Developer/Xcode/DerivedData/BamiLog-cmowuaiuamzlxlgpvixsmogdajlm/Build/Products/Debug-iphonesimulator/PackageFrameworks -F /Users/hyunholee/Library/Developer/Xcode/DerivedData/BamiLog-cmowuaiuamzlxlgpvixsmogdajlm/Build/Products/Debug-iphonesimulator/PackageFrameworks -F /Users/hyunholee/Library/Developer/Xcode/DerivedData/BamiLog-cmowuaiuamzlxlgpvixsmogdajlm/Build/Products/Debug-iphonesimulator/PackageFrameworks -F /Users/hyunholee/Library/Developer/Xcode/DerivedData/BamiLog-cmowuaiuamzlxlgpvixsmogdajlm/Build/Products/Debug-iphonesimulator/PackageFrameworks -F /Users/hyunholee/Library/Developer/Xcode/DerivedData/BamiLog-cmowuaiuamzlxlgpvixsmogdajlm/Build/Products/Debug-iphonesimulator/PackageFrameworks -F /Users/hyunholee/Library/Developer/Xcode/DerivedData/BamiLog-cmowuaiuamzlxlgpvixsmogdajlm/Build/Products/Debug-iphonesimulator/PackageFrameworks -F /Users/hyunholee/Library/Developer/Xcode/DerivedData/BamiLog-cmowuaiuamzlxlgpvixsmogdajlm/Build/Products/Debug-iphonesimulator/PackageFrameworks -F /Users/hyunholee/Library/Developer/Xcode/DerivedData/BamiLog-cmowuaiuamzlxlgpvixsmogdajlm/Build/Products/Debug-iphonesimulator/PackageFrameworks -F /Users/hyunholee/Library/Developer/Xcode/DerivedData/BamiLog-cmowuaiuamzlxlgpvixsmogdajlm/Build/Products/Debug-iphonesimulator/PackageFrameworks -F /Users/hyunholee/Library/Developer/Xcode/DerivedData/BamiLog-cmowuaiuamzlxlgpvixsmogdajlm/Build/Products/Debug-iphonesimulator/PackageFrameworks -F /Users/hyunholee/Library/Developer/Xcode/DerivedData/BamiLog-cmowuaiuamzlxlgpvixsmogdajlm/Build/Products/Debug-iphonesimulator/PackageFrameworks -F /Users/hyunholee/Library/Developer/Xcode/DerivedData/BamiLog-cmowuaiuamzlxlgpvixsmogdajlm/Build/Products/Debug-iphonesimulator/PackageFrameworks -F /Users/hyunholee/Library/Developer/Xcode/DerivedData/BamiLog-cmowuaiuamzlxlgpvixsmogdajlm/Build/Products/Debug-iphonesimulator/PackageFrameworks -F /Users/hyunholee/Library/Developer/Xcode/DerivedData/BamiLog-cmowuaiuamzlxlgpvixsmogdajlm/Build/Products/Debug-iphonesimulator/PackageFrameworks -F /Users/hyunholee/Library/Developer/Xcode/DerivedData/BamiLog-cmowuaiuamzlxlgpvixsmogdajlm/Build/Products/Debug-iphonesimulator/PackageFrameworks -F /Users/hyunholee/Library/Developer/Xcode/DerivedData/BamiLog-cmowuaiuamzlxlgpvixsmogdajlm/Build/Products/Debug-iphonesimulator/PackageFrameworks -F /Users/hyunholee/Library/Developer/Xcode/DerivedData/BamiLog-cmowuaiuamzlxlgpvixsmogdajlm/Build/Products/Debug-iphonesimulator/PackageFrameworks -F /Users/hyunholee/Library/Developer/Xcode/DerivedData/BamiLog-cmowuaiuamzlxlgpvixsmogdajlm/Build/Products/Debug-iphonesimulator/PackageFrameworks -F /Users/hyunholee/Library/Developer/Xcode/DerivedData/BamiLog-cmowuaiuamzlxlgpvixsmogdajlm/Build/Products/Debug-iphonesimulator/PackageFrameworks -F /Users/hyunholee/Library/Developer/Xcode/DerivedData/BamiLog-cmowuaiuamzlxlgpvixsmogdajlm/Build/Products/Debug-iphonesimulator/PackageFrameworks -F /Users/hyunholee/Library/Developer/Xcode/DerivedData/BamiLog-cmowuaiuamzlxlgpvixsmogdajlm/Build/Products/Debug-iphonesimulator -emit-localized-strings -emit-localized-strings-path /Users/hyunholee/Library/Developer/Xcode/DerivedData/BamiLog-cmowuaiuamzlxlgpvixsmogdajlm/Build/Intermediates.noindex/BamiLog.build/Debug-iphonesimulator/BamiLog.build/Objects-normal/arm64 -c -j8 -enable-batch-mode -incremental -Xcc -ivfsstatcache -Xcc /Users/hyunholee/Library/Developer/Xcode/DerivedData/SDKStatCaches.noindex/iphonesimulator26.0-23A339-26257891a6c027eb51374368541b8346.sdkstatcache -output-file-map /Users/hyunholee/Library/Developer/Xcode/DerivedData/BamiLog-cmowuaiuamzlxlgpvixsmogdajlm/Build/Intermediates.noindex/BamiLog.build/Debug-iphonesimulator/BamiLog.build/Objects-normal/arm64/BamiLog-OutputFileMap.json -use-frontend-parseable-output -save-temps -no-color-diagnostics -explicit-module-build -module-cache-path /Users/hyunholee/Library/Developer/Xcode/DerivedData/BamiLog-cmowuaiuamzlxlgpvixsmogdajlm/Build/Intermediates.noindex/SwiftExplicitPrecompiledModules -clang-scanner-module-cache-path /Users/hyunholee/Library/Developer/Xcode/DerivedData/ModuleCache.noindex -sdk-module-cache-path /Users/hyunholee/Library/Developer/Xcode/DerivedData/ModuleCache.noindex -serialize-diagnostics -emit-dependencies -emit-module -emit-module-path /Users/hyunholee/Library/Developer/Xcode/DerivedData/BamiLog-cmowuaiuamzlxlgpvixsmogdajlm/Build/Intermediates.noindex/BamiLog.build/Debug-iphonesimulator/BamiLog.build/Objects-normal/arm64/BamiLog.swiftmodule -validate-clang-modules-once -clang-build-session-file /Users/hyunholee/Library/Developer/Xcode/DerivedData/ModuleCache.noindex/Session.modulevalidation -Xcc -I/Users/hyunholee/Library/Developer/Xcode/DerivedData/BamiLog-cmowuaiuamzlxlgpvixsmogdajlm/Build/Intermediates.noindex/BamiLog.build/Debug-iphonesimulator/BamiLog.build/swift-overrides.hmap -emit-const-values -Xfrontend -const-gather-protocols-file -Xfrontend /Users/hyunholee/Library/Developer/Xcode/DerivedData/BamiLog-cmowuaiuamzlxlgpvixsmogdajlm/Build/Intermediates.noindex/BamiLog.build/Debug-iphonesimulator/BamiLog.build/Objects-normal/arm64/BamiLog_const_extract_protocols.json -Xcc -iquote -Xcc /Users/hyunholee/Library/Developer/Xcode/DerivedData/BamiLog-cmowuaiuamzlxlgpvixsmogdajlm/Build/Intermediates.noindex/BamiLog.build/Debug-iphonesimulator/BamiLog.build/BamiLog-generated-files.hmap -Xcc -I/Users/hyunholee/Library/Developer/Xcode/DerivedData/BamiLog-cmowuaiuamzlxlgpvixsmogdajlm/Build/Intermediates.noindex/BamiLog.build/Debug-iphonesimulator/BamiLog.build/BamiLog-own-target-headers.hmap -Xcc -I/Users/hyunholee/Library/Developer/Xcode/DerivedData/BamiLog-cmowuaiuamzlxlgpvixsmogdajlm/Build/Intermediates.noindex/BamiLog.build/Debug-iphonesimulator/BamiLog.build/BamiLog-all-non-framework-target-headers.hmap -Xcc -ivfsoverlay -Xcc /Users/hyunholee/Library/Developer/Xcode/DerivedData/BamiLog-cmowuaiuamzlxlgpvixsmogdajlm/Build/Intermediates.noindex/BamiLog.build/Debug-iphonesimulator/BamiLog-62de39598bf3bdc4ad8855ddb0f0875e-VFS-iphonesimulator/all-product-headers.yaml -Xcc -iquote -Xcc /Users/hyunholee/Library/Developer/Xcode/DerivedData/BamiLog-cmowuaiuamzlxlgpvixsmogdajlm/Build/Intermediates.noindex/BamiLog.build/Debug-iphonesimulator/BamiLog.build/BamiLog-project-headers.hmap -Xcc -I/Users/hyunholee/Library/Developer/Xcode/DerivedData/BamiLog-cmowuaiuamzlxlgpvixsmogdajlm/SourcePackages/checkouts/firebase-ios-sdk/FirebaseAppDistribution/Sources/Public -Xcc -I/Users/hyunholee/Library/Developer/Xcode/DerivedData/BamiLog-cmowuaiuamzlxlgpvixsmogdajlm/SourcePackages/checkouts/firebase-ios-sdk/SwiftPM-PlatformExclude/FirebaseAppDistributionWrap/include -Xcc -I/Users/hyunholee/Library/Developer/Xcode/DerivedData/BamiLog-cmowuaiuamzlxlgpvixsmogdajlm/SourcePackages/checkouts/GoogleAppMeasurement/GoogleAppMeasurementIdentitySupportWrapper/include -Xcc -I/Users/hyunholee/Library/Developer/Xcode/DerivedData/BamiLog-cmowuaiuamzlxlgpvixsmogdajlm/SourcePackages/checkouts/firebase-ios-sdk/FirebaseAnalyticsIdentitySupportWrapper/include -Xcc -I/Users/hyunholee/Library/Developer/Xcode/DerivedData/BamiLog-cmowuaiuamzlxlgpvixsmogdajlm/SourcePackages/checkouts/firebase-ios-sdk/FirebaseInAppMessaging/Sources/Public -Xcc -I/Users/hyunholee/Library/Developer/Xcode/DerivedData/BamiLog-cmowuaiuamzlxlgpvixsmogdajlm/SourcePackages/checkouts/firebase-ios-sdk/FirebaseInAppMessaging/iOS/include -Xcc -I/Users/hyunholee/Library/Developer/Xcode/DerivedData/BamiLog-cmowuaiuamzlxlgpvixsmogdajlm/SourcePackages/checkouts/firebase-ios-sdk/SwiftPM-PlatformExclude/FirebaseInAppMessagingWrap/include -Xcc -I/Users/hyunholee/Library/Developer/Xcode/DerivedData/BamiLog-cmowuaiuamzlxlgpvixsmogdajlm/SourcePackages/checkouts/firebase-ios-sdk/Crashlytics/Crashlytics/Public -Xcc -I/Users/hyunholee/Library/Developer/Xcode/DerivedData/BamiLog-cmowuaiuamzlxlgpvixsmogdajlm/SourcePackages/checkouts/firebase-ios-sdk/FirebaseDatabase/Sources/Public -Xcc -I/Users/hyunholee/Library/Developer/Xcode/DerivedData/BamiLog-cmowuaiuamzlxlgpvixsmogdajlm/SourcePackages/checkouts/google-ads-on-device-conversion-ios-sdk/GoogleAdsOnDeviceConversionWrapper/include -Xcc -I/Users/hyunholee/Library/Developer/Xcode/DerivedData/BamiLog-cmowuaiuamzlxlgpvixsmogdajlm/SourcePackages/checkouts/GoogleAppMeasurement/GoogleAppMeasurementWrapper/include -Xcc -I/Users/hyunholee/Library/Developer/Xcode/DerivedData/BamiLog-cmowuaiuamzlxlgpvixsmogdajlm/SourcePackages/checkouts/firebase-ios-sdk/FirebaseAnalyticsWrapper/include -Xcc -I/Users/hyunholee/Library/Developer/Xcode/DerivedData/BamiLog-cmowuaiuamzlxlgpvixsmogdajlm/SourcePackages/checkouts/firebase-ios-sdk/SwiftPM-PlatformExclude/FirebaseAnalyticsWrap/include -Xcc -I/Users/hyunholee/Library/Developer/Xcode/DerivedData/BamiLog-cmowuaiuamzlxlgpvixsmogdajlm/SourcePackages/checkouts/firebase-ios-sdk/FirebaseMessaging/Sources/Public -Xcc -I/Users/hyunholee/Library/Developer/Xcode/DerivedData/BamiLog-cmowuaiuamzlxlgpvixsmogdajlm/SourcePackages/checkouts/GoogleDataTransport/GoogleDataTransport/GDTCORLibrary/Public -Xcc -I/Users/hyunholee/Library/Developer/Xcode/DerivedData/BamiLog-cmowuaiuamzlxlgpvixsmogdajlm/SourcePackages/checkouts/firebase-ios-sdk/FirebasePerformance/Sources/Public -Xcc -I/Users/hyunholee/Library/Developer/Xcode/DerivedData/BamiLog-cmowuaiuamzlxlgpvixsmogdajlm/SourcePackages/checkouts/firebase-ios-sdk/FirebaseSessions/SourcesObjC -Xcc -I/Users/hyunholee/Library/Developer/Xcode/DerivedData/BamiLog-cmowuaiuamzlxlgpvixsmogdajlm/SourcePackages/checkouts/firebase-ios-sdk/FirebaseRemoteConfig/Sources/Public -Xcc -I/Users/hyunholee/Library/Developer/Xcode/DerivedData/BamiLog-cmowuaiuamzlxlgpvixsmogdajlm/SourcePackages/checkouts/firebase-ios-sdk/FirebaseABTesting/Sources/Public -Xcc -I/Users/hyunholee/Library/Developer/Xcode/DerivedData/BamiLog-cmowuaiuamzlxlgpvixsmogdajlm/SourcePackages/checkouts/firebase-ios-sdk/SwiftPM-PlatformExclude/FirebasePerformanceWrap/include -Xcc -I/Users/hyunholee/Library/Developer/Xcode/DerivedData/BamiLog-cmowuaiuamzlxlgpvixsmogdajlm/SourcePackages/checkouts/app-check/AppCheckCore/Sources/Public -Xcc -I/Users/hyunholee/Library/Developer/Xcode/DerivedData/BamiLog-cmowuaiuamzlxlgpvixsmogdajlm/SourcePackages/checkouts/firebase-ios-sdk/FirebaseAppCheck/Sources/Public -Xcc -I/Users/hyunholee/Library/Developer/Xcode/DerivedData/BamiLog-cmowuaiuamzlxlgpvixsmogdajlm/SourcePackages/checkouts/promises/Sources/FBLPromises/include -Xcc -I/Users/hyunholee/Library/Developer/Xcode/DerivedData/BamiLog-cmowuaiuamzlxlgpvixsmogdajlm/SourcePackages/checkouts/GoogleUtilities/GoogleUtilities/UserDefaults/Public -Xcc -I/Users/hyunholee/Library/Developer/Xcode/DerivedData/BamiLog-cmowuaiuamzlxlgpvixsmogdajlm/SourcePackages/checkouts/GoogleAppMeasurement/GoogleAppMeasurementCoreWrapper/include -Xcc -I/Users/hyunholee/Library/Developer/Xcode/DerivedData/BamiLog-cmowuaiuamzlxlgpvixsmogdajlm/SourcePackages/checkouts/GoogleUtilities/GoogleUtilities/MethodSwizzler/Public -Xcc -I/Users/hyunholee/Library/Developer/Xcode/DerivedData/BamiLog-cmowuaiuamzlxlgpvixsmogdajlm/SourcePackages/checkouts/firebase-ios-sdk/FirebaseAnalyticsCoreWrapper/include -Xcc -I/Users/hyunholee/Library/Developer/Xcode/DerivedData/BamiLog-cmowuaiuamzlxlgpvixsmogdajlm/SourcePackages/checkouts/firebase-ios-sdk/FirebaseInstallations/Source/Library/Public -Xcc -I/Users/hyunholee/Library/Developer/Xcode/DerivedData/BamiLog-cmowuaiuamzlxlgpvixsmogdajlm/SourcePackages/checkouts/firebase-ios-sdk/SwiftPM-PlatformExclude/FirebaseAnalyticsCoreWrap/include -Xcc -I/Users/hyunholee/Library/Developer/Xcode/DerivedData/BamiLog-cmowuaiuamzlxlgpvixsmogdajlm/SourcePackages/checkouts/firebase-ios-sdk/FirebaseMessaging/Interop -Xcc -I/Users/hyunholee/Library/Developer/Xcode/DerivedData/BamiLog-cmowuaiuamzlxlgpvixsmogdajlm/SourcePackages/checkouts/interop-ios-for-google-sdks/RecaptchaEnterprise/RecaptchaInterop/Public -Xcc -I/Users/hyunholee/Library/Developer/Xcode/DerivedData/BamiLog-cmowuaiuamzlxlgpvixsmogdajlm/SourcePackages/checkouts/GoogleUtilities/GoogleUtilities/Network/Public -Xcc -I/Users/hyunholee/Library/Developer/Xcode/DerivedData/BamiLog-cmowuaiuamzlxlgpvixsmogdajlm/SourcePackages/checkouts/GoogleUtilities/GoogleUtilities/Reachability/Public -Xcc -I/Users/hyunholee/Library/Developer/Xcode/DerivedData/BamiLog-cmowuaiuamzlxlgpvixsmogdajlm/SourcePackages/checkouts/GoogleUtilities/GoogleUtilities/AppDelegateSwizzler/Public -Xcc -I/Users/hyunholee/Library/Developer/Xcode/DerivedData/BamiLog-cmowuaiuamzlxlgpvixsmogdajlm/SourcePackages/checkouts/gtm-session-fetcher/Sources/Core/Public -Xcc -I/Users/hyunholee/Library/Developer/Xcode/DerivedData/BamiLog-cmowuaiuamzlxlgpvixsmogdajlm/SourcePackages/checkouts/firebase-ios-sdk/FirebaseAuth/Sources/Public -Xcc -I/Users/hyunholee/Library/Developer/Xcode/DerivedData/BamiLog-cmowuaiuamzlxlgpvixsmogdajlm/SourcePackages/checkouts/firebase-ios-sdk/FirebaseAuth/Interop/Public -Xcc -I/Users/hyunholee/Library/Developer/Xcode/DerivedData/BamiLog-cmowuaiuamzlxlgpvixsmogdajlm/SourcePackages/checkouts/GoogleUtilities/GoogleUtilities/NSData+zlib/Public -Xcc -I/Users/hyunholee/Library/Developer/Xcode/DerivedData/BamiLog-cmowuaiuamzlxlgpvixsmogdajlm/SourcePackages/checkouts/GoogleUtilities/GoogleUtilities/Environment/Public -Xcc -I/Users/hyunholee/Library/Developer/Xcode/DerivedData/BamiLog-cmowuaiuamzlxlgpvixsmogdajlm/SourcePackages/checkouts/GoogleUtilities/third_party/IsAppEncrypted/Public -Xcc -I/Users/hyunholee/Library/Developer/Xcode/DerivedData/BamiLog-cmowuaiuamzlxlgpvixsmogdajlm/SourcePackages/checkouts/GoogleUtilities/GoogleUtilities/Logger/Public -Xcc -I/Users/hyunholee/Library/Developer/Xcode/DerivedData/BamiLog-cmowuaiuamzlxlgpvixsmogdajlm/SourcePackages/checkouts/abseil-cpp-binary/absl-Wrapper/include -Xcc -I/Users/hyunholee/Library/Developer/Xcode/DerivedData/BamiLog-cmowuaiuamzlxlgpvixsmogdajlm/SourcePackages/checkouts/grpc-binary/openssl-grpc-Wrapper/include -Xcc -I/Users/hyunholee/Library/Developer/Xcode/DerivedData/BamiLog-cmowuaiuamzlxlgpvixsmogdajlm/SourcePackages/checkouts/grpc-binary/grpc-Wrapper/include -Xcc -I/Users/hyunholee/Library/Developer/Xcode/DerivedData/BamiLog-cmowuaiuamzlxlgpvixsmogdajlm/SourcePackages/checkouts/grpc-binary/grpcpp-Wrapper/include -Xcc -I/Users/hyunholee/Library/Developer/Xcode/DerivedData/BamiLog-cmowuaiuamzlxlgpvixsmogdajlm/SourcePackages/checkouts/nanopb/spm_headers -Xcc -I/Users/hyunholee/Library/Developer/Xcode/DerivedData/BamiLog-cmowuaiuamzlxlgpvixsmogdajlm/SourcePackages/checkouts/leveldb/include -Xcc -I/Users/hyunholee/Library/Developer/Xcode/DerivedData/BamiLog-cmowuaiuamzlxlgpvixsmogdajlm/SourcePackages/checkouts/firebase-ios-sdk/SwiftPM-PlatformExclude/FirebaseFirestoreWrap/include -Xcc -I/Users/hyunholee/Library/Developer/Xcode/DerivedData/BamiLog-cmowuaiuamzlxlgpvixsmogdajlm/SourcePackages/checkouts/firebase-ios-sdk/FirebaseCore/Extension -Xcc -I/Users/hyunholee/Library/Developer/Xcode/DerivedData/BamiLog-cmowuaiuamzlxlgpvixsmogdajlm/SourcePackages/checkouts/firebase-ios-sdk/FirebaseCore/Sources/Public -Xcc -I/Users/hyunholee/Library/Developer/Xcode/DerivedData/BamiLog-cmowuaiuamzlxlgpvixsmogdajlm/SourcePackages/checkouts/firebase-ios-sdk/CoreOnly/Sources -Xcc -I/Users/hyunholee/Library/Developer/Xcode/DerivedData/BamiLog-cmowuaiuamzlxlgpvixsmogdajlm/SourcePackages/checkouts/firebase-ios-sdk/FirebaseAppCheck/Interop/Public -Xcc -I/Users/hyunholee/Library/Developer/Xcode/DerivedData/BamiLog-cmowuaiuamzlxlgpvixsmogdajlm/SourcePackages/checkouts/firebase-ios-sdk/FirebaseFirestoreInternal -Xcc -I/Users/hyunholee/Library/Developer/Xcode/DerivedData/BamiLog-cmowuaiuamzlxlgpvixsmogdajlm/Build/Products/Debug-iphonesimulator/include -Xcc -I/Users/hyunholee/Library/Developer/Xcode/DerivedData/BamiLog-cmowuaiuamzlxlgpvixsmogdajlm/Build/Intermediates.noindex/BamiLog.build/Debug-iphonesimulator/BamiLog.build/DerivedSources-normal/arm64 -Xcc -I/Users/hyunholee/Library/Developer/Xcode/DerivedData/BamiLog-cmowuaiuamzlxlgpvixsmogdajlm/Build/Intermediates.noindex/BamiLog.build/Debug-iphonesimulator/BamiLog.build/DerivedSources/arm64 -Xcc -I/Users/hyunholee/Library/Developer/Xcode/DerivedData/BamiLog-cmowuaiuamzlxlgpvixsmogdajlm/Build/Intermediates.noindex/BamiLog.build/Debug-iphonesimulator/BamiLog.build/DerivedSources -Xcc -DDEBUG\=1 -emit-objc-header -emit-objc-header-path /Users/hyunholee/Library/Developer/Xcode/DerivedData/BamiLog-cmowuaiuamzlxlgpvixsmogdajlm/Build/Intermediates.noindex/BamiLog.build/Debug-iphonesimulator/BamiLog.build/Objects-normal/arm64/BamiLog-Swift.h -working-directory /Users/hyunholee/Documents/workspace/code/BamiLog -experimental-emit-module-separately -disable-cmo

Ld /Users/hyunholee/Library/Developer/Xcode/DerivedData/BamiLog-cmowuaiuamzlxlgpvixsmogdajlm/Build/Products/Debug-iphonesimulator/BamiLog.app/BamiLog.debug.dylib normal (in target 'BamiLog' from project 'BamiLog')
    cd /Users/hyunholee/Documents/workspace/code/BamiLog
    /Applications/Xcode.app/Contents/Developer/Toolchains/XcodeDefault.xctoolchain/usr/bin/clang -Xlinker -reproducible -target arm64-apple-ios16.1-simulator -dynamiclib -isysroot /Applications/Xcode.app/Contents/Developer/Platforms/iPhoneSimulator.platform/Developer/SDKs/iPhoneSimulator26.0.sdk -O0 -L/Users/hyunholee/Library/Developer/Xcode/DerivedData/BamiLog-cmowuaiuamzlxlgpvixsmogdajlm/Build/Intermediates.noindex/EagerLinkingTBDs/Debug-iphonesimulator -L/Users/hyunholee/Library/Developer/Xcode/DerivedData/BamiLog-cmowuaiuamzlxlgpvixsmogdajlm/Build/Products/Debug-iphonesimulator -F/Users/hyunholee/Library/Developer/Xcode/DerivedData/BamiLog-cmowuaiuamzlxlgpvixsmogdajlm/Build/Intermediates.noindex/EagerLinkingTBDs/Debug-iphonesimulator -F/Users/hyunholee/Library/Developer/Xcode/DerivedData/BamiLog-cmowuaiuamzlxlgpvixsmogdajlm/Build/Products/Debug-iphonesimulator/PackageFrameworks -F/Users/hyunholee/Library/Developer/Xcode/DerivedData/BamiLog-cmowuaiuamzlxlgpvixsmogdajlm/Build/Products/Debug-iphonesimulator/PackageFrameworks -F/Users/hyunholee/Library/Developer/Xcode/DerivedData/BamiLog-cmowuaiuamzlxlgpvixsmogdajlm/Build/Products/Debug-iphonesimulator/PackageFrameworks -F/Users/hyunholee/Library/Developer/Xcode/DerivedData/BamiLog-cmowuaiuamzlxlgpvixsmogdajlm/Build/Products/Debug-iphonesimulator/PackageFrameworks -F/Users/hyunholee/Library/Developer/Xcode/DerivedData/BamiLog-cmowuaiuamzlxlgpvixsmogdajlm/Build/Products/Debug-iphonesimulator/PackageFrameworks -F/Users/hyunholee/Library/Developer/Xcode/DerivedData/BamiLog-cmowuaiuamzlxlgpvixsmogdajlm/Build/Products/Debug-iphonesimulator/PackageFrameworks -F/Users/hyunholee/Library/Developer/Xcode/DerivedData/BamiLog-cmowuaiuamzlxlgpvixsmogdajlm/Build/Products/Debug-iphonesimulator/PackageFrameworks -F/Users/hyunholee/Library/Developer/Xcode/DerivedData/BamiLog-cmowuaiuamzlxlgpvixsmogdajlm/Build/Products/Debug-iphonesimulator/PackageFrameworks -F/Users/hyunholee/Library/Developer/Xcode/DerivedData/BamiLog-cmowuaiuamzlxlgpvixsmogdajlm/Build/Products/Debug-iphonesimulator/PackageFrameworks -F/Users/hyunholee/Library/Developer/Xcode/DerivedData/BamiLog-cmowuaiuamzlxlgpvixsmogdajlm/Build/Products/Debug-iphonesimulator/PackageFrameworks -F/Users/hyunholee/Library/Developer/Xcode/DerivedData/BamiLog-cmowuaiuamzlxlgpvixsmogdajlm/Build/Products/Debug-iphonesimulator/PackageFrameworks -F/Users/hyunholee/Library/Developer/Xcode/DerivedData/BamiLog-cmowuaiuamzlxlgpvixsmogdajlm/Build/Products/Debug-iphonesimulator/PackageFrameworks -F/Users/hyunholee/Library/Developer/Xcode/DerivedData/BamiLog-cmowuaiuamzlxlgpvixsmogdajlm/Build/Products/Debug-iphonesimulator/PackageFrameworks -F/Users/hyunholee/Library/Developer/Xcode/DerivedData/BamiLog-cmowuaiuamzlxlgpvixsmogdajlm/Build/Products/Debug-iphonesimulator/PackageFrameworks -F/Users/hyunholee/Library/Developer/Xcode/DerivedData/BamiLog-cmowuaiuamzlxlgpvixsmogdajlm/Build/Products/Debug-iphonesimulator/PackageFrameworks -F/Users/hyunholee/Library/Developer/Xcode/DerivedData/BamiLog-cmowuaiuamzlxlgpvixsmogdajlm/Build/Products/Debug-iphonesimulator/PackageFrameworks -F/Users/hyunholee/Library/Developer/Xcode/DerivedData/BamiLog-cmowuaiuamzlxlgpvixsmogdajlm/Build/Products/Debug-iphonesimulator/PackageFrameworks -F/Users/hyunholee/Library/Developer/Xcode/DerivedData/BamiLog-cmowuaiuamzlxlgpvixsmogdajlm/Build/Products/Debug-iphonesimulator/PackageFrameworks -F/Users/hyunholee/Library/Developer/Xcode/DerivedData/BamiLog-cmowuaiuamzlxlgpvixsmogdajlm/Build/Products/Debug-iphonesimulator/PackageFrameworks -F/Users/hyunholee/Library/Developer/Xcode/DerivedData/BamiLog-cmowuaiuamzlxlgpvixsmogdajlm/Build/Products/Debug-iphonesimulator/PackageFrameworks -F/Users/hyunholee/Library/Developer/Xcode/DerivedData/BamiLog-cmowuaiuamzlxlgpvixsmogdajlm/Build/Products/Debug-iphonesimulator/PackageFrameworks -F/Users/hyunholee/Library/Developer/Xcode/DerivedData/BamiLog-cmowuaiuamzlxlgpvixsmogdajlm/Build/Products/Debug-iphonesimulator/PackageFrameworks -F/Users/hyunholee/Library/Developer/Xcode/DerivedData/BamiLog-cmowuaiuamzlxlgpvixsmogdajlm/Build/Products/Debug-iphonesimulator/PackageFrameworks -F/Users/hyunholee/Library/Developer/Xcode/DerivedData/BamiLog-cmowuaiuamzlxlgpvixsmogdajlm/Build/Products/Debug-iphonesimulator/PackageFrameworks -F/Users/hyunholee/Library/Developer/Xcode/DerivedData/BamiLog-cmowuaiuamzlxlgpvixsmogdajlm/Build/Products/Debug-iphonesimulator/PackageFrameworks -F/Users/hyunholee/Library/Developer/Xcode/DerivedData/BamiLog-cmowuaiuamzlxlgpvixsmogdajlm/Build/Products/Debug-iphonesimulator/PackageFrameworks -F/Users/hyunholee/Library/Developer/Xcode/DerivedData/BamiLog-cmowuaiuamzlxlgpvixsmogdajlm/Build/Products/Debug-iphonesimulator/PackageFrameworks -F/Users/hyunholee/Library/Developer/Xcode/DerivedData/BamiLog-cmowuaiuamzlxlgpvixsmogdajlm/Build/Products/Debug-iphonesimulator/PackageFrameworks -F/Users/hyunholee/Library/Developer/Xcode/DerivedData/BamiLog-cmowuaiuamzlxlgpvixsmogdajlm/Build/Products/Debug-iphonesimulator/PackageFrameworks -F/Users/hyunholee/Library/Developer/Xcode/DerivedData/BamiLog-cmowuaiuamzlxlgpvixsmogdajlm/Build/Products/Debug-iphonesimulator/PackageFrameworks -F/Users/hyunholee/Library/Developer/Xcode/DerivedData/BamiLog-cmowuaiuamzlxlgpvixsmogdajlm/Build/Products/Debug-iphonesimulator/PackageFrameworks -F/Users/hyunholee/Library/Developer/Xcode/DerivedData/BamiLog-cmowuaiuamzlxlgpvixsmogdajlm/Build/Products/Debug-iphonesimulator/PackageFrameworks -F/Users/hyunholee/Library/Developer/Xcode/DerivedData/BamiLog-cmowuaiuamzlxlgpvixsmogdajlm/Build/Products/Debug-iphonesimulator/PackageFrameworks -F/Users/hyunholee/Library/Developer/Xcode/DerivedData/BamiLog-cmowuaiuamzlxlgpvixsmogdajlm/Build/Products/Debug-iphonesimulator/PackageFrameworks -F/Users/hyunholee/Library/Developer/Xcode/DerivedData/BamiLog-cmowuaiuamzlxlgpvixsmogdajlm/Build/Products/Debug-iphonesimulator/PackageFrameworks -F/Users/hyunholee/Library/Developer/Xcode/DerivedData/BamiLog-cmowuaiuamzlxlgpvixsmogdajlm/Build/Products/Debug-iphonesimulator/PackageFrameworks -F/Users/hyunholee/Library/Developer/Xcode/DerivedData/BamiLog-cmowuaiuamzlxlgpvixsmogdajlm/Build/Products/Debug-iphonesimulator/PackageFrameworks -F/Users/hyunholee/Library/Developer/Xcode/DerivedData/BamiLog-cmowuaiuamzlxlgpvixsmogdajlm/Build/Products/Debug-iphonesimulator/PackageFrameworks -F/Users/hyunholee/Library/Developer/Xcode/DerivedData/BamiLog-cmowuaiuamzlxlgpvixsmogdajlm/Build/Products/Debug-iphonesimulator/PackageFrameworks -F/Users/hyunholee/Library/Developer/Xcode/DerivedData/BamiLog-cmowuaiuamzlxlgpvixsmogdajlm/Build/Products/Debug-iphonesimulator/PackageFrameworks -F/Users/hyunholee/Library/Developer/Xcode/DerivedData/BamiLog-cmowuaiuamzlxlgpvixsmogdajlm/Build/Products/Debug-iphonesimulator/PackageFrameworks -F/Users/hyunholee/Library/Developer/Xcode/DerivedData/BamiLog-cmowuaiuamzlxlgpvixsmogdajlm/Build/Products/Debug-iphonesimulator/PackageFrameworks -F/Users/hyunholee/Library/Developer/Xcode/DerivedData/BamiLog-cmowuaiuamzlxlgpvixsmogdajlm/Build/Products/Debug-iphonesimulator/PackageFrameworks -F/Users/hyunholee/Library/Developer/Xcode/DerivedData/BamiLog-cmowuaiuamzlxlgpvixsmogdajlm/Build/Products/Debug-iphonesimulator/PackageFrameworks -F/Users/hyunholee/Library/Developer/Xcode/DerivedData/BamiLog-cmowuaiuamzlxlgpvixsmogdajlm/Build/Products/Debug-iphonesimulator/PackageFrameworks -F/Users/hyunholee/Library/Developer/Xcode/DerivedData/BamiLog-cmowuaiuamzlxlgpvixsmogdajlm/Build/Products/Debug-iphonesimulator/PackageFrameworks -F/Users/hyunholee/Library/Developer/Xcode/DerivedData/BamiLog-cmowuaiuamzlxlgpvixsmogdajlm/Build/Products/Debug-iphonesimulator/PackageFrameworks -F/Users/hyunholee/Library/Developer/Xcode/DerivedData/BamiLog-cmowuaiuamzlxlgpvixsmogdajlm/Build/Products/Debug-iphonesimulator/PackageFrameworks -F/Users/hyunholee/Library/Developer/Xcode/DerivedData/BamiLog-cmowuaiuamzlxlgpvixsmogdajlm/Build/Products/Debug-iphonesimulator/PackageFrameworks -F/Users/hyunholee/Library/Developer/Xcode/DerivedData/BamiLog-cmowuaiuamzlxlgpvixsmogdajlm/Build/Products/Debug-iphonesimulator/PackageFrameworks -F/Users/hyunholee/Library/Developer/Xcode/DerivedData/BamiLog-cmowuaiuamzlxlgpvixsmogdajlm/Build/Products/Debug-iphonesimulator/PackageFrameworks -F/Users/hyunholee/Library/Developer/Xcode/DerivedData/BamiLog-cmowuaiuamzlxlgpvixsmogdajlm/Build/Products/Debug-iphonesimulator/PackageFrameworks -F/Users/hyunholee/Library/Developer/Xcode/DerivedData/BamiLog-cmowuaiuamzlxlgpvixsmogdajlm/Build/Products/Debug-iphonesimulator/PackageFrameworks -F/Users/hyunholee/Library/Developer/Xcode/DerivedData/BamiLog-cmowuaiuamzlxlgpvixsmogdajlm/Build/Products/Debug-iphonesimulator/PackageFrameworks -F/Users/hyunholee/Library/Developer/Xcode/DerivedData/BamiLog-cmowuaiuamzlxlgpvixsmogdajlm/Build/Products/Debug-iphonesimulator/PackageFrameworks -F/Users/hyunholee/Library/Developer/Xcode/DerivedData/BamiLog-cmowuaiuamzlxlgpvixsmogdajlm/Build/Products/Debug-iphonesimulator/PackageFrameworks -F/Users/hyunholee/Library/Developer/Xcode/DerivedData/BamiLog-cmowuaiuamzlxlgpvixsmogdajlm/Build/Products/Debug-iphonesimulator/PackageFrameworks -F/Users/hyunholee/Library/Developer/Xcode/DerivedData/BamiLog-cmowuaiuamzlxlgpvixsmogdajlm/Build/Products/Debug-iphonesimulator/PackageFrameworks -F/Users/hyunholee/Library/Developer/Xcode/DerivedData/BamiLog-cmowuaiuamzlxlgpvixsmogdajlm/Build/Products/Debug-iphonesimulator/PackageFrameworks -F/Users/hyunholee/Library/Developer/Xcode/DerivedData/BamiLog-cmowuaiuamzlxlgpvixsmogdajlm/Build/Products/Debug-iphonesimulator/PackageFrameworks -F/Users/hyunholee/Library/Developer/Xcode/DerivedData/BamiLog-cmowuaiuamzlxlgpvixsmogdajlm/Build/Products/Debug-iphonesimulator/PackageFrameworks -F/Users/hyunholee/Library/Developer/Xcode/DerivedData/BamiLog-cmowuaiuamzlxlgpvixsmogdajlm/Build/Products/Debug-iphonesimulator/PackageFrameworks -F/Users/hyunholee/Library/Developer/Xcode/DerivedData/BamiLog-cmowuaiuamzlxlgpvixsmogdajlm/Build/Products/Debug-iphonesimulator/PackageFrameworks -F/Users/hyunholee/Library/Developer/Xcode/DerivedData/BamiLog-cmowuaiuamzlxlgpvixsmogdajlm/Build/Products/Debug-iphonesimulator/PackageFrameworks -F/Users/hyunholee/Library/Developer/Xcode/DerivedData/BamiLog-cmowuaiuamzlxlgpvixsmogdajlm/Build/Products/Debug-iphonesimulator/PackageFrameworks -F/Users/hyunholee/Library/Developer/Xcode/DerivedData/BamiLog-cmowuaiuamzlxlgpvixsmogdajlm/Build/Products/Debug-iphonesimulator/PackageFrameworks -F/Users/hyunholee/Library/Developer/Xcode/DerivedData/BamiLog-cmowuaiuamzlxlgpvixsmogdajlm/Build/Products/Debug-iphonesimulator/PackageFrameworks -F/Users/hyunholee/Library/Developer/Xcode/DerivedData/BamiLog-cmowuaiuamzlxlgpvixsmogdajlm/Build/Products/Debug-iphonesimulator/PackageFrameworks -F/Users/hyunholee/Library/Developer/Xcode/DerivedData/BamiLog-cmowuaiuamzlxlgpvixsmogdajlm/Build/Products/Debug-iphonesimulator/PackageFrameworks -F/Users/hyunholee/Library/Developer/Xcode/DerivedData/BamiLog-cmowuaiuamzlxlgpvixsmogdajlm/Build/Products/Debug-iphonesimulator/PackageFrameworks -F/Users/hyunholee/Library/Developer/Xcode/DerivedData/BamiLog-cmowuaiuamzlxlgpvixsmogdajlm/Build/Products/Debug-iphonesimulator/PackageFrameworks -F/Users/hyunholee/Library/Developer/Xcode/DerivedData/BamiLog-cmowuaiuamzlxlgpvixsmogdajlm/Build/Products/Debug-iphonesimulator/PackageFrameworks -F/Users/hyunholee/Library/Developer/Xcode/DerivedData/BamiLog-cmowuaiuamzlxlgpvixsmogdajlm/Build/Products/Debug-iphonesimulator/PackageFrameworks -F/Users/hyunholee/Library/Developer/Xcode/DerivedData/BamiLog-cmowuaiuamzlxlgpvixsmogdajlm/Build/Products/Debug-iphonesimulator/PackageFrameworks -F/Users/hyunholee/Library/Developer/Xcode/DerivedData/BamiLog-cmowuaiuamzlxlgpvixsmogdajlm/Build/Products/Debug-iphonesimulator -filelist /Users/hyunholee/Library/Developer/Xcode/DerivedData/BamiLog-cmowuaiuamzlxlgpvixsmogdajlm/Build/Intermediates.noindex/BamiLog.build/Debug-iphonesimulator/BamiLog.build/Objects-normal/arm64/BamiLog.LinkFileList -install_name @rpath/BamiLog.debug.dylib -Xlinker -rpath -Xlinker /usr/lib/swift -Xlinker -rpath -Xlinker /Users/hyunholee/Library/Developer/Xcode/DerivedData/BamiLog-cmowuaiuamzlxlgpvixsmogdajlm/Build/Products/Debug-iphonesimulator/PackageFrameworks -Xlinker -rpath -Xlinker @executable_path/Frameworks -dead_strip -Xlinker -object_path_lto -Xlinker /Users/hyunholee/Library/Developer/Xcode/DerivedData/BamiLog-cmowuaiuamzlxlgpvixsmogdajlm/Build/Intermediates.noindex/BamiLog.build/Debug-iphonesimulator/BamiLog.build/Objects-normal/arm64/BamiLog_lto.o -rdynamic -Xlinker -no_deduplicate -Xlinker -objc_abi_version -Xlinker 2 -Xlinker -dependency_info -Xlinker /Users/hyunholee/Library/Developer/Xcode/DerivedData/BamiLog-cmowuaiuamzlxlgpvixsmogdajlm/Build/Intermediates.noindex/BamiLog.build/Debug-iphonesimulator/BamiLog.build/Objects-normal/arm64/BamiLog_dependency_info.dat -fobjc-link-runtime -L/Applications/Xcode.app/Contents/Developer/Toolchains/XcodeDefault.xctoolchain/usr/lib/swift/iphonesimulator -L/usr/lib/swift -Xlinker -add_ast_path -Xlinker /Users/hyunholee/Library/Developer/Xcode/DerivedData/BamiLog-cmowuaiuamzlxlgpvixsmogdajlm/Build/Intermediates.noindex/BamiLog.build/Debug-iphonesimulator/BamiLog.build/Objects-normal/arm64/BamiLog.swiftmodule @/Users/hyunholee/Library/Developer/Xcode/DerivedData/BamiLog-cmowuaiuamzlxlgpvixsmogdajlm/Build/Intermediates.noindex/BamiLog.build/Debug-iphonesimulator/BamiLog.build/Objects-normal/arm64/BamiLog-linker-args.resp -Wl,-no_warn_duplicate_libraries -Wl,-no_warn_duplicate_libraries -Wl,-no_warn_duplicate_libraries -Wl,-no_warn_duplicate_libraries -Wl,-no_warn_duplicate_libraries -Wl,-no_warn_duplicate_libraries -Wl,-no_warn_duplicate_libraries -Wl,-no_warn_duplicate_libraries -Wl,-no_warn_duplicate_libraries -Wl,-no_warn_duplicate_libraries -Wl,-no_warn_duplicate_libraries -Wl,-no_warn_duplicate_libraries -lc++ -Wl,-no_warn_duplicate_libraries -Wl,-no_warn_duplicate_libraries -Wl,-no_warn_duplicate_libraries -lc++ -Wl,-no_warn_duplicate_libraries -Wl,-no_warn_duplicate_libraries -Wl,-no_warn_duplicate_libraries -Wl,-no_warn_duplicate_libraries -Wl,-no_warn_duplicate_libraries -Wl,-no_warn_duplicate_libraries -Wl,-no_warn_duplicate_libraries -Wl,-no_warn_duplicate_libraries -Wl,-no_warn_duplicate_libraries -Wl,-no_warn_duplicate_libraries -Wl,-no_warn_duplicate_libraries -Wl,-no_warn_duplicate_libraries -Wl,-no_warn_duplicate_libraries -Wl,-no_warn_duplicate_libraries -Wl,-no_warn_duplicate_libraries -Wl,-no_warn_duplicate_libraries -Wl,-no_warn_duplicate_libraries -Wl,-no_warn_duplicate_libraries -Wl,-no_warn_duplicate_libraries -Wl,-no_warn_duplicate_libraries -Wl,-no_warn_duplicate_libraries -Wl,-no_warn_duplicate_libraries -Wl,-no_warn_duplicate_libraries -Wl,-no_warn_duplicate_libraries -Wl,-no_warn_duplicate_libraries -Wl,-no_warn_duplicate_libraries -Wl,-no_warn_duplicate_libraries -Wl,-no_warn_duplicate_libraries -Wl,-no_warn_duplicate_libraries -Wl,-no_warn_duplicate_libraries -Wl,-no_warn_duplicate_libraries -Wl,-no_warn_duplicate_libraries -Wl,-no_warn_duplicate_libraries -Wl,-no_warn_duplicate_libraries -Wl,-no_warn_duplicate_libraries -Wl,-no_warn_duplicate_libraries -Wl,-no_warn_duplicate_libraries -Wl,-no_warn_duplicate_libraries -Wl,-no_warn_duplicate_libraries -Wl,-no_warn_duplicate_libraries -Wl,-no_warn_duplicate_libraries -Wl,-no_warn_duplicate_libraries -Wl,-no_warn_duplicate_libraries -Wl,-no_warn_duplicate_libraries -Wl,-no_warn_duplicate_libraries -Wl,-no_warn_duplicate_libraries -Wl,-no_warn_duplicate_libraries -Wl,-no_warn_duplicate_libraries -lc++ -Wl,-no_warn_duplicate_libraries -Wl,-no_warn_duplicate_libraries -Wl,-no_warn_duplicate_libraries -Wl,-no_warn_duplicate_libraries -Wl,-no_warn_duplicate_libraries -Wl,-no_warn_duplicate_libraries -Wl,-no_warn_duplicate_libraries -Wl,-no_warn_duplicate_libraries -Wl,-no_warn_duplicate_libraries -Wl,-no_warn_duplicate_libraries -Wl,-no_warn_duplicate_libraries -framework UIKit -lc++ -framework SystemConfiguration -framework UIKit -lz -framework Security -framework SafariServices -framework Security -framework StoreKit -lsqlite3 -lc++ -lz -lsqlite3 -lc++ -lz -framework StoreKit -framework DeviceCheck -framework DeviceCheck -framework Security -framework SystemConfiguration -framework Security -framework SystemConfiguration -framework MobileCoreServices -framework QuartzCore -framework SystemConfiguration -framework CoreTelephony -framework SystemConfiguration -lsqlite3 -lc++ -lz -framework StoreKit -lsqlite3 -lc++ -lz -framework StoreKit -lc++ -framework CFNetwork -framework Security -framework SystemConfiguration -framework Security -framework SystemConfiguration -lsqlite3 -lc++ -lz -framework StoreKit -lsqlite3 -lc++ -lz -framework StoreKit -Xlinker -alias -Xlinker _main -Xlinker ___debug_main_executable_dylib_entry_point -framework FirebaseFirestoreInternal -framework absl -framework grpcpp -framework grpc -framework openssl_grpc -framework FirebaseAnalytics -framework GoogleAppMeasurementIdentitySupport -framework GoogleAppMeasurement -framework FirebaseAnalytics -framework GoogleAppMeasurementIdentitySupport -framework GoogleAppMeasurement -framework GoogleAdsOnDeviceConversion -framework FirebaseAnalytics -framework GoogleAppMeasurement -framework FirebaseFirestoreInternal -Xlinker -no_adhoc_codesign -o /Users/hyunholee/Library/Developer/Xcode/DerivedData/BamiLog-cmowuaiuamzlxlgpvixsmogdajlm/Build/Products/Debug-iphonesimulator/BamiLog.app/BamiLog.debug.dylib -Xlinker -add_ast_path -Xlinker /Users/hyunholee/Library/Developer/Xcode/DerivedData/BamiLog-cmowuaiuamzlxlgpvixsmogdajlm/Build/Intermediates.noindex/Firebase.build/Debug-iphonesimulator/FirebaseCoreInternal.build/Objects-normal/arm64/FirebaseCoreInternal.swiftmodule @/Users/hyunholee/Library/Developer/Xcode/DerivedData/BamiLog-cmowuaiuamzlxlgpvixsmogdajlm/Build/Intermediates.noindex/Firebase.build/Debug-iphonesimulator/FirebaseCoreInternal.build/Objects-normal/arm64/FirebaseCoreInternal-linker-args.resp -Xlinker -add_ast_path -Xlinker /Users/hyunholee/Library/Developer/Xcode/DerivedData/BamiLog-cmowuaiuamzlxlgpvixsmogdajlm/Build/Intermediates.noindex/Firebase.build/Debug-iphonesimulator/FirebaseSharedSwift.build/Objects-normal/arm64/FirebaseSharedSwift.swiftmodule @/Users/hyunholee/Library/Developer/Xcode/DerivedData/BamiLog-cmowuaiuamzlxlgpvixsmogdajlm/Build/Intermediates.noindex/Firebase.build/Debug-iphonesimulator/FirebaseSharedSwift.build/Objects-normal/arm64/FirebaseSharedSwift-linker-args.resp -Xlinker -add_ast_path -Xlinker /Users/hyunholee/Library/Developer/Xcode/DerivedData/BamiLog-cmowuaiuamzlxlgpvixsmogdajlm/Build/Intermediates.noindex/Firebase.build/Debug-iphonesimulator/FirebaseFirestore.build/Objects-normal/arm64/FirebaseFirestore.swiftmodule @/Users/hyunholee/Library/Developer/Xcode/DerivedData/BamiLog-cmowuaiuamzlxlgpvixsmogdajlm/Build/Intermediates.noindex/Firebase.build/Debug-iphonesimulator/FirebaseFirestore.build/Objects-normal/arm64/FirebaseFirestore-linker-args.resp -Xlinker -add_ast_path -Xlinker /Users/hyunholee/Library/Developer/Xcode/DerivedData/BamiLog-cmowuaiuamzlxlgpvixsmogdajlm/Build/Intermediates.noindex/Firebase.build/Debug-iphonesimulator/FirebaseAuthCombineSwift.build/Objects-normal/arm64/FirebaseAuthCombineSwift.swiftmodule @/Users/hyunholee/Library/Developer/Xcode/DerivedData/BamiLog-cmowuaiuamzlxlgpvixsmogdajlm/Build/Intermediates.noindex/Firebase.build/Debug-iphonesimulator/FirebaseAuthCombineSwift.build/Objects-normal/arm64/FirebaseAuthCombineSwift-linker-args.resp -Xlinker -add_ast_path -Xlinker /Users/hyunholee/Library/Developer/Xcode/DerivedData/BamiLog-cmowuaiuamzlxlgpvixsmogdajlm/Build/Intermediates.noindex/Firebase.build/Debug-iphonesimulator/FirebaseAuth.build/Objects-normal/arm64/FirebaseAuth.swiftmodule @/Users/hyunholee/Library/Developer/Xcode/DerivedData/BamiLog-cmowuaiuamzlxlgpvixsmogdajlm/Build/Intermediates.noindex/Firebase.build/Debug-iphonesimulator/FirebaseAuth.build/Objects-normal/arm64/FirebaseAuth-linker-args.resp -Xlinker -add_ast_path -Xlinker /Users/hyunholee/Library/Developer/Xcode/DerivedData/BamiLog-cmowuaiuamzlxlgpvixsmogdajlm/Build/Intermediates.noindex/Firebase.build/Debug-iphonesimulator/FirebaseAILogic.build/Objects-normal/arm64/FirebaseAILogic.swiftmodule @/Users/hyunholee/Library/Developer/Xcode/DerivedData/BamiLog-cmowuaiuamzlxlgpvixsmogdajlm/Build/Intermediates.noindex/Firebase.build/Debug-iphonesimulator/FirebaseAILogic.build/Objects-normal/arm64/FirebaseAILogic-linker-args.resp -Xlinker -add_ast_path -Xlinker /Users/hyunholee/Library/Developer/Xcode/DerivedData/BamiLog-cmowuaiuamzlxlgpvixsmogdajlm/Build/Intermediates.noindex/Firebase.build/Debug-iphonesimulator/FirebaseInAppMessaging.build/Objects-normal/arm64/FirebaseInAppMessaging.swiftmodule @/Users/hyunholee/Library/Developer/Xcode/DerivedData/BamiLog-cmowuaiuamzlxlgpvixsmogdajlm/Build/Intermediates.noindex/Firebase.build/Debug-iphonesimulator/FirebaseInAppMessaging.build/Objects-normal/arm64/FirebaseInAppMessaging-linker-args.resp -Xlinker -add_ast_path -Xlinker /Users/hyunholee/Library/Developer/Xcode/DerivedData/BamiLog-cmowuaiuamzlxlgpvixsmogdajlm/Build/Intermediates.noindex/Firebase.build/Debug-iphonesimulator/FirebaseAI.build/Objects-normal/arm64/FirebaseAI.swiftmodule @/Users/hyunholee/Library/Developer/Xcode/DerivedData/BamiLog-cmowuaiuamzlxlgpvixsmogdajlm/Build/Intermediates.noindex/Firebase.build/Debug-iphonesimulator/FirebaseAI.build/Objects-normal/arm64/FirebaseAI-linker-args.resp -Xlinker -add_ast_path -Xlinker /Users/hyunholee/Library/Developer/Xcode/DerivedData/BamiLog-cmowuaiuamzlxlgpvixsmogdajlm/Build/Intermediates.noindex/Promises.build/Debug-iphonesimulator/Promises.build/Objects-normal/arm64/Promises.swiftmodule @/Users/hyunholee/Library/Developer/Xcode/DerivedData/BamiLog-cmowuaiuamzlxlgpvixsmogdajlm/Build/Intermediates.noindex/Promises.build/Debug-iphonesimulator/Promises.build/Objects-normal/arm64/Promises-linker-args.resp -Xlinker -add_ast_path -Xlinker /Users/hyunholee/Library/Developer/Xcode/DerivedData/BamiLog-cmowuaiuamzlxlgpvixsmogdajlm/Build/Intermediates.noindex/Firebase.build/Debug-iphonesimulator/FirebaseSessions.build/Objects-normal/arm64/FirebaseSessions.swiftmodule @/Users/hyunholee/Library/Developer/Xcode/DerivedData/BamiLog-cmowuaiuamzlxlgpvixsmogdajlm/Build/Intermediates.noindex/Firebase.build/Debug-iphonesimulator/FirebaseSessions.build/Objects-normal/arm64/FirebaseSessions-linker-args.resp -Xlinker -add_ast_path -Xlinker /Users/hyunholee/Library/Developer/Xcode/DerivedData/BamiLog-cmowuaiuamzlxlgpvixsmogdajlm/Build/Intermediates.noindex/Firebase.build/Debug-iphonesimulator/FirebaseRemoteConfigInterop.build/Objects-normal/arm64/FirebaseRemoteConfigInterop.swiftmodule @/Users/hyunholee/Library/Developer/Xcode/DerivedData/BamiLog-cmowuaiuamzlxlgpvixsmogdajlm/Build/Intermediates.noindex/Firebase.build/Debug-iphonesimulator/FirebaseRemoteConfigInterop.build/Objects-normal/arm64/FirebaseRemoteConfigInterop-linker-args.resp -Xlinker -add_ast_path -Xlinker /Users/hyunholee/Library/Developer/Xcode/DerivedData/BamiLog-cmowuaiuamzlxlgpvixsmogdajlm/Build/Intermediates.noindex/Firebase.build/Debug-iphonesimulator/FirebaseCrashlyticsSwift.build/Objects-normal/arm64/FirebaseCrashlyticsSwift.swiftmodule @/Users/hyunholee/Library/Developer/Xcode/DerivedData/BamiLog-cmowuaiuamzlxlgpvixsmogdajlm/Build/Intermediates.noindex/Firebase.build/Debug-iphonesimulator/FirebaseCrashlyticsSwift.build/Objects-normal/arm64/FirebaseCrashlyticsSwift-linker-args.resp -Xlinker -add_ast_path -Xlinker /Users/hyunholee/Library/Developer/Xcode/DerivedData/BamiLog-cmowuaiuamzlxlgpvixsmogdajlm/Build/Intermediates.noindex/Firebase.build/Debug-iphonesimulator/FirebaseFunctionsCombineSwift.build/Objects-normal/arm64/FirebaseFunctionsCombineSwift.swiftmodule @/Users/hyunholee/Library/Developer/Xcode/DerivedData/BamiLog-cmowuaiuamzlxlgpvixsmogdajlm/Build/Intermediates.noindex/Firebase.build/Debug-iphonesimulator/FirebaseFunctionsCombineSwift.build/Objects-normal/arm64/FirebaseFunctionsCombineSwift-linker-args.resp -Xlinker -add_ast_path -Xlinker /Users/hyunholee/Library/Developer/Xcode/DerivedData/BamiLog-cmowuaiuamzlxlgpvixsmogdajlm/Build/Intermediates.noindex/Firebase.build/Debug-iphonesimulator/FirebaseFunctions.build/Objects-normal/arm64/FirebaseFunctions.swiftmodule @/Users/hyunholee/Library/Developer/Xcode/DerivedData/BamiLog-cmowuaiuamzlxlgpvixsmogdajlm/Build/Intermediates.noindex/Firebase.build/Debug-iphonesimulator/FirebaseFunctions.build/Objects-normal/arm64/FirebaseFunctions-linker-args.resp -Xlinker -add_ast_path -Xlinker /Users/hyunholee/Library/Developer/Xcode/DerivedData/BamiLog-cmowuaiuamzlxlgpvixsmogdajlm/Build/Intermediates.noindex/Firebase.build/Debug-iphonesimulator/FirebaseStorageCombineSwift.build/Objects-normal/arm64/FirebaseStorageCombineSwift.swiftmodule @/Users/hyunholee/Library/Developer/Xcode/DerivedData/BamiLog-cmowuaiuamzlxlgpvixsmogdajlm/Build/Intermediates.noindex/Firebase.build/Debug-iphonesimulator/FirebaseStorageCombineSwift.build/Objects-normal/arm64/FirebaseStorageCombineSwift-linker-args.resp -Xlinker -add_ast_path -Xlinker /Users/hyunholee/Library/Developer/Xcode/DerivedData/BamiLog-cmowuaiuamzlxlgpvixsmogdajlm/Build/Intermediates.noindex/Firebase.build/Debug-iphonesimulator/FirebaseStorage.build/Objects-normal/arm64/FirebaseStorage.swiftmodule @/Users/hyunholee/Library/Developer/Xcode/DerivedData/BamiLog-cmowuaiuamzlxlgpvixsmogdajlm/Build/Intermediates.noindex/Firebase.build/Debug-iphonesimulator/FirebaseStorage.build/Objects-normal/arm64/FirebaseStorage-linker-args.resp -Xlinker -add_ast_path -Xlinker /Users/hyunholee/Library/Developer/Xcode/DerivedData/BamiLog-cmowuaiuamzlxlgpvixsmogdajlm/Build/Intermediates.noindex/Firebase.build/Debug-iphonesimulator/FirebaseDatabase.build/Objects-normal/arm64/FirebaseDatabase.swiftmodule @/Users/hyunholee/Library/Developer/Xcode/DerivedData/BamiLog-cmowuaiuamzlxlgpvixsmogdajlm/Build/Intermediates.noindex/Firebase.build/Debug-iphonesimulator/FirebaseDatabase.build/Objects-normal/arm64/FirebaseDatabase-linker-args.resp -Xlinker -add_ast_path -Xlinker /Users/hyunholee/Library/Developer/Xcode/DerivedData/BamiLog-cmowuaiuamzlxlgpvixsmogdajlm/Build/Intermediates.noindex/Firebase.build/Debug-iphonesimulator/FirebaseRemoteConfig.build/Objects-normal/arm64/FirebaseRemoteConfig.swiftmodule @/Users/hyunholee/Library/Developer/Xcode/DerivedData/BamiLog-cmowuaiuamzlxlgpvixsmogdajlm/Build/Intermediates.noindex/Firebase.build/Debug-iphonesimulator/FirebaseRemoteConfig.build/Objects-normal/arm64/FirebaseRemoteConfig-linker-args.resp -Xlinker -add_ast_path -Xlinker /Users/hyunholee/Library/Developer/Xcode/DerivedData/BamiLog-cmowuaiuamzlxlgpvixsmogdajlm/Build/Intermediates.noindex/Firebase.build/Debug-iphonesimulator/FirebaseMLModelDownloader.build/Objects-normal/arm64/FirebaseMLModelDownloader.swiftmodule @/Users/hyunholee/Library/Developer/Xcode/DerivedData/BamiLog-cmowuaiuamzlxlgpvixsmogdajlm/Build/Intermediates.noindex/Firebase.build/Debug-iphonesimulator/FirebaseMLModelDownloader.build/Objects-normal/arm64/FirebaseMLModelDownloader-linker-args.resp -Xlinker -add_ast_path -Xlinker /Users/hyunholee/Library/Developer/Xcode/DerivedData/BamiLog-cmowuaiuamzlxlgpvixsmogdajlm/Build/Intermediates.noindex/SwiftProtobuf.build/Debug-iphonesimulator/SwiftProtobuf.build/Objects-normal/arm64/SwiftProtobuf.swiftmodule @/Users/hyunholee/Library/Developer/Xcode/DerivedData/BamiLog-cmowuaiuamzlxlgpvixsmogdajlm/Build/Intermediates.noindex/SwiftProtobuf.build/Debug-iphonesimulator/SwiftProtobuf.build/Objects-normal/arm64/SwiftProtobuf-linker-args.resp -Xlinker -add_ast_path -Xlinker /Users/hyunholee/Library/Developer/Xcode/DerivedData/BamiLog-cmowuaiuamzlxlgpvixsmogdajlm/Build/Intermediates.noindex/Firebase.build/Debug-iphonesimulator/FirebaseFirestoreCombineSwift.build/Objects-normal/arm64/FirebaseFirestoreCombineSwift.swiftmodule @/Users/hyunholee/Library/Developer/Xcode/DerivedData/BamiLog-cmowuaiuamzlxlgpvixsmogdajlm/Build/Intermediates.noindex/Firebase.build/Debug-iphonesimulator/FirebaseFirestoreCombineSwift.build/Objects-normal/arm64/FirebaseFirestoreCombineSwift-linker-args.resp

ConstructStubExecutorLinkFileList /Users/hyunholee/Library/Developer/Xcode/DerivedData/BamiLog-cmowuaiuamzlxlgpvixsmogdajlm/Build/Intermediates.noindex/BamiLog.build/Debug-iphonesimulator/BamiLog.build/BamiLog-ExecutorLinkFileList-normal-arm64.txt (in target 'BamiLog' from project 'BamiLog')
    cd /Users/hyunholee/Documents/workspace/code/BamiLog
    construct-stub-executor-link-file-list /Users/hyunholee/Library/Developer/Xcode/DerivedData/BamiLog-cmowuaiuamzlxlgpvixsmogdajlm/Build/Products/Debug-iphonesimulator/BamiLog.app/BamiLog.debug.dylib /Applications/Xcode.app/Contents/Developer/Platforms/iPhoneSimulator.platform/Developer/usr/lib/libPreviewsJITStubExecutor_no_swift_entry_point.a /Applications/Xcode.app/Contents/Developer/Platforms/iPhoneSimulator.platform/Developer/usr/lib/libPreviewsJITStubExecutor.a --output /Users/hyunholee/Library/Developer/Xcode/DerivedData/BamiLog-cmowuaiuamzlxlgpvixsmogdajlm/Build/Intermediates.noindex/BamiLog.build/Debug-iphonesimulator/BamiLog.build/BamiLog-ExecutorLinkFileList-normal-arm64.txt
note: Using stub executor library with Swift entry point. (in target 'BamiLog' from project 'BamiLog')

Ld /Users/hyunholee/Library/Developer/Xcode/DerivedData/BamiLog-cmowuaiuamzlxlgpvixsmogdajlm/Build/Products/Debug-iphonesimulator/BamiLog.app/BamiLog normal (in target 'BamiLog' from project 'BamiLog')
    cd /Users/hyunholee/Documents/workspace/code/BamiLog
    /Applications/Xcode.app/Contents/Developer/Toolchains/XcodeDefault.xctoolchain/usr/bin/clang -Xlinker -reproducible -target arm64-apple-ios16.1-simulator -isysroot /Applications/Xcode.app/Contents/Developer/Platforms/iPhoneSimulator.platform/Developer/SDKs/iPhoneSimulator26.0.sdk -O0 -L/Users/hyunholee/Library/Developer/Xcode/DerivedData/BamiLog-cmowuaiuamzlxlgpvixsmogdajlm/Build/Products/Debug-iphonesimulator -F/Users/hyunholee/Library/Developer/Xcode/DerivedData/BamiLog-cmowuaiuamzlxlgpvixsmogdajlm/Build/Products/Debug-iphonesimulator/PackageFrameworks -F/Users/hyunholee/Library/Developer/Xcode/DerivedData/BamiLog-cmowuaiuamzlxlgpvixsmogdajlm/Build/Products/Debug-iphonesimulator/PackageFrameworks -F/Users/hyunholee/Library/Developer/Xcode/DerivedData/BamiLog-cmowuaiuamzlxlgpvixsmogdajlm/Build/Products/Debug-iphonesimulator/PackageFrameworks -F/Users/hyunholee/Library/Developer/Xcode/DerivedData/BamiLog-cmowuaiuamzlxlgpvixsmogdajlm/Build/Products/Debug-iphonesimulator/PackageFrameworks -F/Users/hyunholee/Library/Developer/Xcode/DerivedData/BamiLog-cmowuaiuamzlxlgpvixsmogdajlm/Build/Products/Debug-iphonesimulator/PackageFrameworks -F/Users/hyunholee/Library/Developer/Xcode/DerivedData/BamiLog-cmowuaiuamzlxlgpvixsmogdajlm/Build/Products/Debug-iphonesimulator/PackageFrameworks -F/Users/hyunholee/Library/Developer/Xcode/DerivedData/BamiLog-cmowuaiuamzlxlgpvixsmogdajlm/Build/Products/Debug-iphonesimulator/PackageFrameworks -F/Users/hyunholee/Library/Developer/Xcode/DerivedData/BamiLog-cmowuaiuamzlxlgpvixsmogdajlm/Build/Products/Debug-iphonesimulator/PackageFrameworks -F/Users/hyunholee/Library/Developer/Xcode/DerivedData/BamiLog-cmowuaiuamzlxlgpvixsmogdajlm/Build/Products/Debug-iphonesimulator/PackageFrameworks -F/Users/hyunholee/Library/Developer/Xcode/DerivedData/BamiLog-cmowuaiuamzlxlgpvixsmogdajlm/Build/Products/Debug-iphonesimulator/PackageFrameworks -F/Users/hyunholee/Library/Developer/Xcode/DerivedData/BamiLog-cmowuaiuamzlxlgpvixsmogdajlm/Build/Products/Debug-iphonesimulator/PackageFrameworks -F/Users/hyunholee/Library/Developer/Xcode/DerivedData/BamiLog-cmowuaiuamzlxlgpvixsmogdajlm/Build/Products/Debug-iphonesimulator/PackageFrameworks -F/Users/hyunholee/Library/Developer/Xcode/DerivedData/BamiLog-cmowuaiuamzlxlgpvixsmogdajlm/Build/Products/Debug-iphonesimulator/PackageFrameworks -F/Users/hyunholee/Library/Developer/Xcode/DerivedData/BamiLog-cmowuaiuamzlxlgpvixsmogdajlm/Build/Products/Debug-iphonesimulator/PackageFrameworks -F/Users/hyunholee/Library/Developer/Xcode/DerivedData/BamiLog-cmowuaiuamzlxlgpvixsmogdajlm/Build/Products/Debug-iphonesimulator/PackageFrameworks -F/Users/hyunholee/Library/Developer/Xcode/DerivedData/BamiLog-cmowuaiuamzlxlgpvixsmogdajlm/Build/Products/Debug-iphonesimulator/PackageFrameworks -F/Users/hyunholee/Library/Developer/Xcode/DerivedData/BamiLog-cmowuaiuamzlxlgpvixsmogdajlm/Build/Products/Debug-iphonesimulator/PackageFrameworks -F/Users/hyunholee/Library/Developer/Xcode/DerivedData/BamiLog-cmowuaiuamzlxlgpvixsmogdajlm/Build/Products/Debug-iphonesimulator/PackageFrameworks -F/Users/hyunholee/Library/Developer/Xcode/DerivedData/BamiLog-cmowuaiuamzlxlgpvixsmogdajlm/Build/Products/Debug-iphonesimulator/PackageFrameworks -F/Users/hyunholee/Library/Developer/Xcode/DerivedData/BamiLog-cmowuaiuamzlxlgpvixsmogdajlm/Build/Products/Debug-iphonesimulator/PackageFrameworks -F/Users/hyunholee/Library/Developer/Xcode/DerivedData/BamiLog-cmowuaiuamzlxlgpvixsmogdajlm/Build/Products/Debug-iphonesimulator/PackageFrameworks -F/Users/hyunholee/Library/Developer/Xcode/DerivedData/BamiLog-cmowuaiuamzlxlgpvixsmogdajlm/Build/Products/Debug-iphonesimulator/PackageFrameworks -F/Users/hyunholee/Library/Developer/Xcode/DerivedData/BamiLog-cmowuaiuamzlxlgpvixsmogdajlm/Build/Products/Debug-iphonesimulator/PackageFrameworks -F/Users/hyunholee/Library/Developer/Xcode/DerivedData/BamiLog-cmowuaiuamzlxlgpvixsmogdajlm/Build/Products/Debug-iphonesimulator/PackageFrameworks -F/Users/hyunholee/Library/Developer/Xcode/DerivedData/BamiLog-cmowuaiuamzlxlgpvixsmogdajlm/Build/Products/Debug-iphonesimulator/PackageFrameworks -F/Users/hyunholee/Library/Developer/Xcode/DerivedData/BamiLog-cmowuaiuamzlxlgpvixsmogdajlm/Build/Products/Debug-iphonesimulator/PackageFrameworks -F/Users/hyunholee/Library/Developer/Xcode/DerivedData/BamiLog-cmowuaiuamzlxlgpvixsmogdajlm/Build/Products/Debug-iphonesimulator/PackageFrameworks -F/Users/hyunholee/Library/Developer/Xcode/DerivedData/BamiLog-cmowuaiuamzlxlgpvixsmogdajlm/Build/Products/Debug-iphonesimulator/PackageFrameworks -F/Users/hyunholee/Library/Developer/Xcode/DerivedData/BamiLog-cmowuaiuamzlxlgpvixsmogdajlm/Build/Products/Debug-iphonesimulator/PackageFrameworks -F/Users/hyunholee/Library/Developer/Xcode/DerivedData/BamiLog-cmowuaiuamzlxlgpvixsmogdajlm/Build/Products/Debug-iphonesimulator/PackageFrameworks -F/Users/hyunholee/Library/Developer/Xcode/DerivedData/BamiLog-cmowuaiuamzlxlgpvixsmogdajlm/Build/Products/Debug-iphonesimulator/PackageFrameworks -F/Users/hyunholee/Library/Developer/Xcode/DerivedData/BamiLog-cmowuaiuamzlxlgpvixsmogdajlm/Build/Products/Debug-iphonesimulator/PackageFrameworks -F/Users/hyunholee/Library/Developer/Xcode/DerivedData/BamiLog-cmowuaiuamzlxlgpvixsmogdajlm/Build/Products/Debug-iphonesimulator/PackageFrameworks -F/Users/hyunholee/Library/Developer/Xcode/DerivedData/BamiLog-cmowuaiuamzlxlgpvixsmogdajlm/Build/Products/Debug-iphonesimulator/PackageFrameworks -F/Users/hyunholee/Library/Developer/Xcode/DerivedData/BamiLog-cmowuaiuamzlxlgpvixsmogdajlm/Build/Products/Debug-iphonesimulator/PackageFrameworks -F/Users/hyunholee/Library/Developer/Xcode/DerivedData/BamiLog-cmowuaiuamzlxlgpvixsmogdajlm/Build/Products/Debug-iphonesimulator/PackageFrameworks -F/Users/hyunholee/Library/Developer/Xcode/DerivedData/BamiLog-cmowuaiuamzlxlgpvixsmogdajlm/Build/Products/Debug-iphonesimulator/PackageFrameworks -F/Users/hyunholee/Library/Developer/Xcode/DerivedData/BamiLog-cmowuaiuamzlxlgpvixsmogdajlm/Build/Products/Debug-iphonesimulator/PackageFrameworks -F/Users/hyunholee/Library/Developer/Xcode/DerivedData/BamiLog-cmowuaiuamzlxlgpvixsmogdajlm/Build/Products/Debug-iphonesimulator/PackageFrameworks -F/Users/hyunholee/Library/Developer/Xcode/DerivedData/BamiLog-cmowuaiuamzlxlgpvixsmogdajlm/Build/Products/Debug-iphonesimulator/PackageFrameworks -F/Users/hyunholee/Library/Developer/Xcode/DerivedData/BamiLog-cmowuaiuamzlxlgpvixsmogdajlm/Build/Products/Debug-iphonesimulator/PackageFrameworks -F/Users/hyunholee/Library/Developer/Xcode/DerivedData/BamiLog-cmowuaiuamzlxlgpvixsmogdajlm/Build/Products/Debug-iphonesimulator/PackageFrameworks -F/Users/hyunholee/Library/Developer/Xcode/DerivedData/BamiLog-cmowuaiuamzlxlgpvixsmogdajlm/Build/Products/Debug-iphonesimulator/PackageFrameworks -F/Users/hyunholee/Library/Developer/Xcode/DerivedData/BamiLog-cmowuaiuamzlxlgpvixsmogdajlm/Build/Products/Debug-iphonesimulator/PackageFrameworks -F/Users/hyunholee/Library/Developer/Xcode/DerivedData/BamiLog-cmowuaiuamzlxlgpvixsmogdajlm/Build/Products/Debug-iphonesimulator/PackageFrameworks -F/Users/hyunholee/Library/Developer/Xcode/DerivedData/BamiLog-cmowuaiuamzlxlgpvixsmogdajlm/Build/Products/Debug-iphonesimulator/PackageFrameworks -F/Users/hyunholee/Library/Developer/Xcode/DerivedData/BamiLog-cmowuaiuamzlxlgpvixsmogdajlm/Build/Products/Debug-iphonesimulator/PackageFrameworks -F/Users/hyunholee/Library/Developer/Xcode/DerivedData/BamiLog-cmowuaiuamzlxlgpvixsmogdajlm/Build/Products/Debug-iphonesimulator/PackageFrameworks -F/Users/hyunholee/Library/Developer/Xcode/DerivedData/BamiLog-cmowuaiuamzlxlgpvixsmogdajlm/Build/Products/Debug-iphonesimulator/PackageFrameworks -F/Users/hyunholee/Library/Developer/Xcode/DerivedData/BamiLog-cmowuaiuamzlxlgpvixsmogdajlm/Build/Products/Debug-iphonesimulator/PackageFrameworks -F/Users/hyunholee/Library/Developer/Xcode/DerivedData/BamiLog-cmowuaiuamzlxlgpvixsmogdajlm/Build/Products/Debug-iphonesimulator/PackageFrameworks -F/Users/hyunholee/Library/Developer/Xcode/DerivedData/BamiLog-cmowuaiuamzlxlgpvixsmogdajlm/Build/Products/Debug-iphonesimulator/PackageFrameworks -F/Users/hyunholee/Library/Developer/Xcode/DerivedData/BamiLog-cmowuaiuamzlxlgpvixsmogdajlm/Build/Products/Debug-iphonesimulator/PackageFrameworks -F/Users/hyunholee/Library/Developer/Xcode/DerivedData/BamiLog-cmowuaiuamzlxlgpvixsmogdajlm/Build/Products/Debug-iphonesimulator/PackageFrameworks -F/Users/hyunholee/Library/Developer/Xcode/DerivedData/BamiLog-cmowuaiuamzlxlgpvixsmogdajlm/Build/Products/Debug-iphonesimulator/PackageFrameworks -F/Users/hyunholee/Library/Developer/Xcode/DerivedData/BamiLog-cmowuaiuamzlxlgpvixsmogdajlm/Build/Products/Debug-iphonesimulator/PackageFrameworks -F/Users/hyunholee/Library/Developer/Xcode/DerivedData/BamiLog-cmowuaiuamzlxlgpvixsmogdajlm/Build/Products/Debug-iphonesimulator/PackageFrameworks -F/Users/hyunholee/Library/Developer/Xcode/DerivedData/BamiLog-cmowuaiuamzlxlgpvixsmogdajlm/Build/Products/Debug-iphonesimulator/PackageFrameworks -F/Users/hyunholee/Library/Developer/Xcode/DerivedData/BamiLog-cmowuaiuamzlxlgpvixsmogdajlm/Build/Products/Debug-iphonesimulator/PackageFrameworks -F/Users/hyunholee/Library/Developer/Xcode/DerivedData/BamiLog-cmowuaiuamzlxlgpvixsmogdajlm/Build/Products/Debug-iphonesimulator/PackageFrameworks -F/Users/hyunholee/Library/Developer/Xcode/DerivedData/BamiLog-cmowuaiuamzlxlgpvixsmogdajlm/Build/Products/Debug-iphonesimulator/PackageFrameworks -F/Users/hyunholee/Library/Developer/Xcode/DerivedData/BamiLog-cmowuaiuamzlxlgpvixsmogdajlm/Build/Products/Debug-iphonesimulator/PackageFrameworks -F/Users/hyunholee/Library/Developer/Xcode/DerivedData/BamiLog-cmowuaiuamzlxlgpvixsmogdajlm/Build/Products/Debug-iphonesimulator/PackageFrameworks -F/Users/hyunholee/Library/Developer/Xcode/DerivedData/BamiLog-cmowuaiuamzlxlgpvixsmogdajlm/Build/Products/Debug-iphonesimulator/PackageFrameworks -F/Users/hyunholee/Library/Developer/Xcode/DerivedData/BamiLog-cmowuaiuamzlxlgpvixsmogdajlm/Build/Products/Debug-iphonesimulator/PackageFrameworks -F/Users/hyunholee/Library/Developer/Xcode/DerivedData/BamiLog-cmowuaiuamzlxlgpvixsmogdajlm/Build/Products/Debug-iphonesimulator/PackageFrameworks -F/Users/hyunholee/Library/Developer/Xcode/DerivedData/BamiLog-cmowuaiuamzlxlgpvixsmogdajlm/Build/Products/Debug-iphonesimulator/PackageFrameworks -F/Users/hyunholee/Library/Developer/Xcode/DerivedData/BamiLog-cmowuaiuamzlxlgpvixsmogdajlm/Build/Products/Debug-iphonesimulator/PackageFrameworks -F/Users/hyunholee/Library/Developer/Xcode/DerivedData/BamiLog-cmowuaiuamzlxlgpvixsmogdajlm/Build/Products/Debug-iphonesimulator/PackageFrameworks -F/Users/hyunholee/Library/Developer/Xcode/DerivedData/BamiLog-cmowuaiuamzlxlgpvixsmogdajlm/Build/Products/Debug-iphonesimulator/PackageFrameworks -F/Users/hyunholee/Library/Developer/Xcode/DerivedData/BamiLog-cmowuaiuamzlxlgpvixsmogdajlm/Build/Products/Debug-iphonesimulator/PackageFrameworks -F/Users/hyunholee/Library/Developer/Xcode/DerivedData/BamiLog-cmowuaiuamzlxlgpvixsmogdajlm/Build/Products/Debug-iphonesimulator/PackageFrameworks -F/Users/hyunholee/Library/Developer/Xcode/DerivedData/BamiLog-cmowuaiuamzlxlgpvixsmogdajlm/Build/Products/Debug-iphonesimulator/PackageFrameworks -F/Users/hyunholee/Library/Developer/Xcode/DerivedData/BamiLog-cmowuaiuamzlxlgpvixsmogdajlm/Build/Products/Debug-iphonesimulator/PackageFrameworks -F/Users/hyunholee/Library/Developer/Xcode/DerivedData/BamiLog-cmowuaiuamzlxlgpvixsmogdajlm/Build/Products/Debug-iphonesimulator -Xlinker -rpath -Xlinker @executable_path -Xlinker -rpath -Xlinker /Users/hyunholee/Library/Developer/Xcode/DerivedData/BamiLog-cmowuaiuamzlxlgpvixsmogdajlm/Build/Products/Debug-iphonesimulator/PackageFrameworks -Xlinker -rpath -Xlinker @executable_path/Frameworks -rdynamic -Xlinker -no_deduplicate -Xlinker -objc_abi_version -Xlinker 2 -e ___debug_blank_executor_main -Xlinker -sectcreate -Xlinker __TEXT -Xlinker __debug_dylib -Xlinker /Users/hyunholee/Library/Developer/Xcode/DerivedData/BamiLog-cmowuaiuamzlxlgpvixsmogdajlm/Build/Intermediates.noindex/BamiLog.build/Debug-iphonesimulator/BamiLog.build/BamiLog-DebugDylibPath-normal-arm64.txt -Xlinker -sectcreate -Xlinker __TEXT -Xlinker __debug_instlnm -Xlinker /Users/hyunholee/Library/Developer/Xcode/DerivedData/BamiLog-cmowuaiuamzlxlgpvixsmogdajlm/Build/Intermediates.noindex/BamiLog.build/Debug-iphonesimulator/BamiLog.build/BamiLog-DebugDylibInstallName-normal-arm64.txt -Xlinker -filelist -Xlinker /Users/hyunholee/Library/Developer/Xcode/DerivedData/BamiLog-cmowuaiuamzlxlgpvixsmogdajlm/Build/Intermediates.noindex/BamiLog.build/Debug-iphonesimulator/BamiLog.build/BamiLog-ExecutorLinkFileList-normal-arm64.txt -Xlinker -sectcreate -Xlinker __TEXT -Xlinker __entitlements -Xlinker /Users/hyunholee/Library/Developer/Xcode/DerivedData/BamiLog-cmowuaiuamzlxlgpvixsmogdajlm/Build/Intermediates.noindex/BamiLog.build/Debug-iphonesimulator/BamiLog.build/BamiLog.app-Simulated.xcent -Xlinker -sectcreate -Xlinker __TEXT -Xlinker __ents_der -Xlinker /Users/hyunholee/Library/Developer/Xcode/DerivedData/BamiLog-cmowuaiuamzlxlgpvixsmogdajlm/Build/Intermediates.noindex/BamiLog.build/Debug-iphonesimulator/BamiLog.build/BamiLog.app-Simulated.xcent.der /Users/hyunholee/Library/Developer/Xcode/DerivedData/BamiLog-cmowuaiuamzlxlgpvixsmogdajlm/Build/Products/Debug-iphonesimulator/BamiLog.app/BamiLog.debug.dylib -Xlinker -no_adhoc_codesign -o /Users/hyunholee/Library/Developer/Xcode/DerivedData/BamiLog-cmowuaiuamzlxlgpvixsmogdajlm/Build/Products/Debug-iphonesimulator/BamiLog.app/BamiLog

CopySwiftLibs /Users/hyunholee/Library/Developer/Xcode/DerivedData/BamiLog-cmowuaiuamzlxlgpvixsmogdajlm/Build/Products/Debug-iphonesimulator/BamiLog.app (in target 'BamiLog' from project 'BamiLog')
    cd /Users/hyunholee/Documents/workspace/code/BamiLog
    builtin-swiftStdLibTool --copy --verbose --sign - --scan-executable /Users/hyunholee/Library/Developer/Xcode/DerivedData/BamiLog-cmowuaiuamzlxlgpvixsmogdajlm/Build/Products/Debug-iphonesimulator/BamiLog.app/BamiLog.debug.dylib --scan-folder /Users/hyunholee/Library/Developer/Xcode/DerivedData/BamiLog-cmowuaiuamzlxlgpvixsmogdajlm/Build/Products/Debug-iphonesimulator/BamiLog.app/Frameworks --scan-folder /Users/hyunholee/Library/Developer/Xcode/DerivedData/BamiLog-cmowuaiuamzlxlgpvixsmogdajlm/Build/Products/Debug-iphonesimulator/BamiLog.app/PlugIns --scan-folder /Users/hyunholee/Library/Developer/Xcode/DerivedData/BamiLog-cmowuaiuamzlxlgpvixsmogdajlm/Build/Products/Debug-iphonesimulator/BamiLog.app/SystemExtensions --scan-folder /Users/hyunholee/Library/Developer/Xcode/DerivedData/BamiLog-cmowuaiuamzlxlgpvixsmogdajlm/Build/Products/Debug-iphonesimulator/BamiLog.app/Extensions --platform iphonesimulator --toolchain /Applications/Xcode.app/Contents/Developer/Toolchains/XcodeDefault.xctoolchain --destination /Users/hyunholee/Library/Developer/Xcode/DerivedData/BamiLog-cmowuaiuamzlxlgpvixsmogdajlm/Build/Products/Debug-iphonesimulator/BamiLog.app/Frameworks --strip-bitcode --strip-bitcode-tool /Applications/Xcode.app/Contents/Developer/Toolchains/XcodeDefault.xctoolchain/usr/bin/bitcode_strip --emit-dependency-info /Users/hyunholee/Library/Developer/Xcode/DerivedData/BamiLog-cmowuaiuamzlxlgpvixsmogdajlm/Build/Intermediates.noindex/BamiLog.build/Debug-iphonesimulator/BamiLog.build/SwiftStdLibToolInputDependencies.dep --filter-for-swift-os --back-deploy-swift-span

ExtractAppIntentsMetadata (in target 'BamiLog' from project 'BamiLog')
    cd /Users/hyunholee/Documents/workspace/code/BamiLog
    /Applications/Xcode.app/Contents/Developer/Toolchains/XcodeDefault.xctoolchain/usr/bin/appintentsmetadataprocessor --toolchain-dir /Applications/Xcode.app/Contents/Developer/Toolchains/XcodeDefault.xctoolchain --module-name BamiLog --sdk-root /Applications/Xcode.app/Contents/Developer/Platforms/iPhoneSimulator.platform/Developer/SDKs/iPhoneSimulator26.0.sdk --xcode-version 17A324 --platform-family iOS --deployment-target 16.1 --bundle-identifier com.leeo.BamiLog --output /Users/hyunholee/Library/Developer/Xcode/DerivedData/BamiLog-cmowuaiuamzlxlgpvixsmogdajlm/Build/Products/Debug-iphonesimulator/BamiLog.app --target-triple arm64-apple-ios16.1-simulator --binary-file /Users/hyunholee/Library/Developer/Xcode/DerivedData/BamiLog-cmowuaiuamzlxlgpvixsmogdajlm/Build/Products/Debug-iphonesimulator/BamiLog.app/BamiLog --dependency-file /Users/hyunholee/Library/Developer/Xcode/DerivedData/BamiLog-cmowuaiuamzlxlgpvixsmogdajlm/Build/Intermediates.noindex/BamiLog.build/Debug-iphonesimulator/BamiLog.build/Objects-normal/arm64/BamiLog_dependency_info.dat --stringsdata-file /Users/hyunholee/Library/Developer/Xcode/DerivedData/BamiLog-cmowuaiuamzlxlgpvixsmogdajlm/Build/Intermediates.noindex/BamiLog.build/Debug-iphonesimulator/BamiLog.build/Objects-normal/arm64/ExtractedAppShortcutsMetadata.stringsdata --source-file-list /Users/hyunholee/Library/Developer/Xcode/DerivedData/BamiLog-cmowuaiuamzlxlgpvixsmogdajlm/Build/Intermediates.noindex/BamiLog.build/Debug-iphonesimulator/BamiLog.build/Objects-normal/arm64/BamiLog.SwiftFileList --metadata-file-list /Users/hyunholee/Library/Developer/Xcode/DerivedData/BamiLog-cmowuaiuamzlxlgpvixsmogdajlm/Build/Intermediates.noindex/BamiLog.build/Debug-iphonesimulator/BamiLog.build/BamiLog.DependencyMetadataFileList --static-metadata-file-list /Users/hyunholee/Library/Developer/Xcode/DerivedData/BamiLog-cmowuaiuamzlxlgpvixsmogdajlm/Build/Intermediates.noindex/BamiLog.build/Debug-iphonesimulator/BamiLog.build/BamiLog.DependencyStaticMetadataFileList --swift-const-vals-list /Users/hyunholee/Library/Developer/Xcode/DerivedData/BamiLog-cmowuaiuamzlxlgpvixsmogdajlm/Build/Intermediates.noindex/BamiLog.build/Debug-iphonesimulator/BamiLog.build/Objects-normal/arm64/BamiLog.SwiftConstValuesFileList --compile-time-extraction --deployment-aware-processing --validate-assistant-intents --no-app-shortcuts-localization
2025-12-16 22:53:44.595 appintentsmetadataprocessor[67352:5121861] Starting appintentsmetadataprocessor export
2025-12-16 22:53:44.596 appintentsmetadataprocessor[67352:5121861] warning: Metadata extraction skipped. No AppIntents.framework dependency found.

AppIntentsSSUTraining (in target 'BamiLog' from project 'BamiLog')
    cd /Users/hyunholee/Documents/workspace/code/BamiLog
    /Applications/Xcode.app/Contents/Developer/Toolchains/XcodeDefault.xctoolchain/usr/bin/appintentsnltrainingprocessor --infoplist-path /Users/hyunholee/Library/Developer/Xcode/DerivedData/BamiLog-cmowuaiuamzlxlgpvixsmogdajlm/Build/Products/Debug-iphonesimulator/BamiLog.app/Info.plist --temp-dir-path /Users/hyunholee/Library/Developer/Xcode/DerivedData/BamiLog-cmowuaiuamzlxlgpvixsmogdajlm/Build/Intermediates.noindex/BamiLog.build/Debug-iphonesimulator/BamiLog.build/ssu --bundle-id com.leeo.BamiLog --product-path /Users/hyunholee/Library/Developer/Xcode/DerivedData/BamiLog-cmowuaiuamzlxlgpvixsmogdajlm/Build/Products/Debug-iphonesimulator/BamiLog.app --extracted-metadata-path /Users/hyunholee/Library/Developer/Xcode/DerivedData/BamiLog-cmowuaiuamzlxlgpvixsmogdajlm/Build/Products/Debug-iphonesimulator/BamiLog.app/Metadata.appintents --metadata-file-list /Users/hyunholee/Library/Developer/Xcode/DerivedData/BamiLog-cmowuaiuamzlxlgpvixsmogdajlm/Build/Intermediates.noindex/BamiLog.build/Debug-iphonesimulator/BamiLog.build/BamiLog.DependencyMetadataFileList --archive-ssu-assets
2025-12-16 22:53:44.624 appintentsnltrainingprocessor[67354:5121863] Parsing options for appintentsnltrainingprocessor
2025-12-16 22:53:44.625 appintentsnltrainingprocessor[67354:5121863] No AppShortcuts found - Skipping.

CodeSign /Users/hyunholee/Library/Developer/Xcode/DerivedData/BamiLog-cmowuaiuamzlxlgpvixsmogdajlm/Build/Products/Debug-iphonesimulator/BamiLog.app/BamiLog.debug.dylib (in target 'BamiLog' from project 'BamiLog')
    cd /Users/hyunholee/Documents/workspace/code/BamiLog
    
    Signing Identity:     "Sign to Run Locally"
    
    /usr/bin/codesign --force --sign - --timestamp\=none --generate-entitlement-der /Users/hyunholee/Library/Developer/Xcode/DerivedData/BamiLog-cmowuaiuamzlxlgpvixsmogdajlm/Build/Products/Debug-iphonesimulator/BamiLog.app/BamiLog.debug.dylib

CodeSign /Users/hyunholee/Library/Developer/Xcode/DerivedData/BamiLog-cmowuaiuamzlxlgpvixsmogdajlm/Build/Products/Debug-iphonesimulator/BamiLog.app/__preview.dylib (in target 'BamiLog' from project 'BamiLog')
    cd /Users/hyunholee/Documents/workspace/code/BamiLog
    
    Signing Identity:     "Sign to Run Locally"
    
    /usr/bin/codesign --force --sign - --timestamp\=none --generate-entitlement-der /Users/hyunholee/Library/Developer/Xcode/DerivedData/BamiLog-cmowuaiuamzlxlgpvixsmogdajlm/Build/Products/Debug-iphonesimulator/BamiLog.app/__preview.dylib

CodeSign /Users/hyunholee/Library/Developer/Xcode/DerivedData/BamiLog-cmowuaiuamzlxlgpvixsmogdajlm/Build/Products/Debug-iphonesimulator/BamiLog.app (in target 'BamiLog' from project 'BamiLog')
    cd /Users/hyunholee/Documents/workspace/code/BamiLog
    
    Signing Identity:     "Sign to Run Locally"
    
    /usr/bin/codesign --force --sign - --entitlements /Users/hyunholee/Library/Developer/Xcode/DerivedData/BamiLog-cmowuaiuamzlxlgpvixsmogdajlm/Build/Intermediates.noindex/BamiLog.build/Debug-iphonesimulator/BamiLog.build/BamiLog.app.xcent --timestamp\=none --generate-entitlement-der /Users/hyunholee/Library/Developer/Xcode/DerivedData/BamiLog-cmowuaiuamzlxlgpvixsmogdajlm/Build/Products/Debug-iphonesimulator/BamiLog.app

RegisterExecutionPolicyException /Users/hyunholee/Library/Developer/Xcode/DerivedData/BamiLog-cmowuaiuamzlxlgpvixsmogdajlm/Build/Products/Debug-iphonesimulator/BamiLog.app (in target 'BamiLog' from project 'BamiLog')
    cd /Users/hyunholee/Documents/workspace/code/BamiLog
    builtin-RegisterExecutionPolicyException /Users/hyunholee/Library/Developer/Xcode/DerivedData/BamiLog-cmowuaiuamzlxlgpvixsmogdajlm/Build/Products/Debug-iphonesimulator/BamiLog.app

Validate /Users/hyunholee/Library/Developer/Xcode/DerivedData/BamiLog-cmowuaiuamzlxlgpvixsmogdajlm/Build/Products/Debug-iphonesimulator/BamiLog.app (in target 'BamiLog' from project 'BamiLog')
    cd /Users/hyunholee/Documents/workspace/code/BamiLog
    builtin-validationUtility /Users/hyunholee/Library/Developer/Xcode/DerivedData/BamiLog-cmowuaiuamzlxlgpvixsmogdajlm/Build/Products/Debug-iphonesimulator/BamiLog.app -shallow-bundle -infoplist-subpath Info.plist

Touch /Users/hyunholee/Library/Developer/Xcode/DerivedData/BamiLog-cmowuaiuamzlxlgpvixsmogdajlm/Build/Products/Debug-iphonesimulator/BamiLog.app (in target 'BamiLog' from project 'BamiLog')
    cd /Users/hyunholee/Documents/workspace/code/BamiLog
    /usr/bin/touch -c /Users/hyunholee/Library/Developer/Xcode/DerivedData/BamiLog-cmowuaiuamzlxlgpvixsmogdajlm/Build/Products/Debug-iphonesimulator/BamiLog.app

** BUILD SUCCEEDED **

