Command line invocation:
    /Applications/Xcode.app/Contents/Developer/usr/bin/xcodebuild -project BamiLog.xcodeproj -scheme BamiLog -sdk iphonesimulator -destination "platform=iOS Simulator,name=iPhone 16 Pro,OS=18.0" build

Build settings from command line:
    SDKROOT = iphonesimulator26.0

Resolve Package Graph


Resolved source packages:
  GoogleAdsOnDeviceConversion: https://github.com/googleads/google-ads-on-device-conversion-ios-sdk @ 3.2.0
  GoogleUtilities: https://github.com/google/GoogleUtilities.git @ 8.1.0
  GTMSessionFetcher: https://github.com/google/gtm-session-fetcher.git @ 5.0.0
  Firebase: https://github.com/firebase/firebase-ios-sdk.git @ 12.6.0
  InteropForGoogle: https://github.com/google/interop-ios-for-google-sdks.git @ 101.0.0
  Promises: https://github.com/google/promises.git @ 2.4.0
  SwiftProtobuf: https://github.com/apple/swift-protobuf.git @ 1.33.3
  GoogleAppMeasurement: https://github.com/google/GoogleAppMeasurement.git @ 12.5.0
  AppCheck: https://github.com/google/app-check.git @ 11.2.0
  abseil: https://github.com/google/abseil-cpp-binary.git @ 1.2024072200.0
  GoogleDataTransport: https://github.com/google/GoogleDataTransport.git @ 10.1.0
  gRPC: https://github.com/google/grpc-binary.git @ 1.69.1
  leveldb: https://github.com/firebase/leveldb.git @ 1.22.5
  nanopb: https://github.com/firebase/nanopb.git @ 2.30910.0

2025-12-16 22:39:26.358 xcodebuild[61504:5085967] [MT] IDERunDestination: Supported platforms for the buildables in the current scheme is empty.
--- xcodebuild: WARNING: Using the first of multiple matching destinations:
{ platform:iOS Simulator, arch:arm64, id:2AA03C4F-78E0-49B2-AF0D-3A8AEE7CF07C, OS:18.0, name:iPhone 16 Pro }
{ platform:iOS Simulator, arch:x86_64, id:2AA03C4F-78E0-49B2-AF0D-3A8AEE7CF07C, OS:18.0, name:iPhone 16 Pro }
ComputePackagePrebuildTargetDependencyGraph

Prepare packages

CreateBuildRequest

SendProjectDescription

CreateBuildOperation

ComputeTargetDependencyGraph
note: Building targets in dependency order
note: Target dependency graph (153 targets)
    Target 'BamiLog' in project 'BamiLog'
        ➜ Explicit dependency on target 'FirebaseAppDistribution-Beta' in project 'Firebase'
        ➜ Explicit dependency on target 'FirebaseFirestore' in project 'Firebase'
        ➜ Explicit dependency on target 'FirebaseAuthCombine-Community' in project 'Firebase'
        ➜ Explicit dependency on target 'FirebaseInstallations' in project 'Firebase'
        ➜ Explicit dependency on target 'FirebaseAILogic' in project 'Firebase'
        ➜ Explicit dependency on target 'FirebaseAnalyticsIdentitySupport' in project 'Firebase'
        ➜ Explicit dependency on target 'FirebaseInAppMessaging-Beta' in project 'Firebase'
        ➜ Explicit dependency on target 'FirebaseAI' in project 'Firebase'
        ➜ Explicit dependency on target 'FirebaseCrashlytics' in project 'Firebase'
        ➜ Explicit dependency on target 'FirebaseFunctionsCombine-Community' in project 'Firebase'
        ➜ Explicit dependency on target 'FirebaseStorageCombine-Community' in project 'Firebase'
        ➜ Explicit dependency on target 'FirebaseDatabase' in project 'Firebase'
        ➜ Explicit dependency on target 'FirebaseStorage' in project 'Firebase'
        ➜ Explicit dependency on target 'FirebaseRemoteConfig' in project 'Firebase'
        ➜ Explicit dependency on target 'FirebaseAnalytics' in project 'Firebase'
        ➜ Explicit dependency on target 'FirebaseMessaging' in project 'Firebase'
        ➜ Explicit dependency on target 'FirebaseMLModelDownloader' in project 'Firebase'
        ➜ Explicit dependency on target 'FirebasePerformance' in project 'Firebase'
        ➜ Explicit dependency on target 'FirebaseCore' in project 'Firebase'
        ➜ Explicit dependency on target 'FirebaseAppCheck' in project 'Firebase'
        ➜ Explicit dependency on target 'FirebaseAnalyticsCore' in project 'Firebase'
        ➜ Explicit dependency on target 'FirebaseFunctions' in project 'Firebase'
        ➜ Explicit dependency on target 'FirebaseAuth' in project 'Firebase'
        ➜ Explicit dependency on target 'FirebaseFirestoreCombine-Community' in project 'Firebase'
    Target 'FirebaseFirestoreCombine-Community' in project 'Firebase'
        ➜ Explicit dependency on target 'FirebaseFirestoreCombineSwift' in project 'Firebase'
        ➜ Explicit dependency on target 'FirebaseFirestoreInternalWrapper' in project 'Firebase'
        ➜ Explicit dependency on target 'FirebaseAppCheckInterop' in project 'Firebase'
        ➜ Explicit dependency on target 'Firebase' in project 'Firebase'
        ➜ Explicit dependency on target 'FirebaseCoreInternal' in project 'Firebase'
        ➜ Explicit dependency on target 'FirebaseCore' in project 'Firebase'
        ➜ Explicit dependency on target 'FirebaseCoreExtension' in project 'Firebase'
        ➜ Explicit dependency on target 'FirebaseSharedSwift' in project 'Firebase'
        ➜ Explicit dependency on target 'FirebaseFirestore' in project 'Firebase'
        ➜ Explicit dependency on target 'FirebaseFirestoreTarget' in project 'Firebase'
        ➜ Explicit dependency on target 'GULNSData' in project 'GoogleUtilities'
        ➜ Explicit dependency on target 'GULEnvironment' in project 'GoogleUtilities'
        ➜ Explicit dependency on target 'GULLogger' in project 'GoogleUtilities'
        ➜ Explicit dependency on target 'abseil' in project 'abseil'
        ➜ Explicit dependency on target 'gRPC-C++' in project 'gRPC'
        ➜ Explicit dependency on target 'nanopb' in project 'nanopb'
        ➜ Explicit dependency on target 'leveldb' in project 'leveldb'
    Target 'FirebaseFirestoreCombineSwift' in project 'Firebase'
        ➜ Explicit dependency on target 'FirebaseFirestoreInternalWrapper' in project 'Firebase'
        ➜ Explicit dependency on target 'FirebaseAppCheckInterop' in project 'Firebase'
        ➜ Explicit dependency on target 'Firebase' in project 'Firebase'
        ➜ Explicit dependency on target 'FirebaseCoreInternal' in project 'Firebase'
        ➜ Explicit dependency on target 'FirebaseCore' in project 'Firebase'
        ➜ Explicit dependency on target 'FirebaseCoreExtension' in project 'Firebase'
        ➜ Explicit dependency on target 'FirebaseSharedSwift' in project 'Firebase'
        ➜ Explicit dependency on target 'FirebaseFirestore' in project 'Firebase'
        ➜ Explicit dependency on target 'FirebaseFirestoreTarget' in project 'Firebase'
        ➜ Explicit dependency on target 'GULNSData' in project 'GoogleUtilities'
        ➜ Explicit dependency on target 'GULEnvironment' in project 'GoogleUtilities'
        ➜ Explicit dependency on target 'GULLogger' in project 'GoogleUtilities'
        ➜ Explicit dependency on target 'abseil' in project 'abseil'
        ➜ Explicit dependency on target 'gRPC-C++' in project 'gRPC'
        ➜ Explicit dependency on target 'nanopb' in project 'nanopb'
        ➜ Explicit dependency on target 'leveldb' in project 'leveldb'
    Target 'FirebaseAuth' in project 'Firebase'
        ➜ Explicit dependency on target 'FirebaseAuth' in project 'Firebase'
        ➜ Explicit dependency on target 'Firebase_FirebaseAuth' in project 'Firebase'
        ➜ Explicit dependency on target 'FirebaseAppCheckInterop' in project 'Firebase'
        ➜ Explicit dependency on target 'FirebaseAuthInterop' in project 'Firebase'
        ➜ Explicit dependency on target 'FirebaseAuthInternal' in project 'Firebase'
        ➜ Explicit dependency on target 'Firebase' in project 'Firebase'
        ➜ Explicit dependency on target 'FirebaseCoreInternal' in project 'Firebase'
        ➜ Explicit dependency on target 'FirebaseCore' in project 'Firebase'
        ➜ Explicit dependency on target 'FirebaseCoreExtension' in project 'Firebase'
        ➜ Explicit dependency on target 'RecaptchaInterop' in project 'InteropForGoogle'
        ➜ Explicit dependency on target 'GULNSData' in project 'GoogleUtilities'
        ➜ Explicit dependency on target 'GULEnvironment' in project 'GoogleUtilities'
        ➜ Explicit dependency on target 'GULLogger' in project 'GoogleUtilities'
        ➜ Explicit dependency on target 'GULAppDelegateSwizzler' in project 'GoogleUtilities'
        ➜ Explicit dependency on target 'GTMSessionFetcherCore' in project 'GTMSessionFetcher'
    Target 'FirebaseFunctions' in project 'Firebase'
        ➜ Explicit dependency on target 'FirebaseFunctions' in project 'Firebase'
        ➜ Explicit dependency on target 'FirebaseAppCheckInterop' in project 'Firebase'
        ➜ Explicit dependency on target 'FirebaseAuthInterop' in project 'Firebase'
        ➜ Explicit dependency on target 'Firebase' in project 'Firebase'
        ➜ Explicit dependency on target 'FirebaseCoreInternal' in project 'Firebase'
        ➜ Explicit dependency on target 'FirebaseCore' in project 'Firebase'
        ➜ Explicit dependency on target 'FirebaseCoreExtension' in project 'Firebase'
        ➜ Explicit dependency on target 'FirebaseMessagingInterop' in project 'Firebase'
        ➜ Explicit dependency on target 'FirebaseSharedSwift' in project 'Firebase'
        ➜ Explicit dependency on target 'GULNSData' in project 'GoogleUtilities'
        ➜ Explicit dependency on target 'GULEnvironment' in project 'GoogleUtilities'
        ➜ Explicit dependency on target 'GULLogger' in project 'GoogleUtilities'
        ➜ Explicit dependency on target 'GTMSessionFetcherCore' in project 'GTMSessionFetcher'
    Target 'FirebaseAnalyticsCore' in project 'Firebase'
        ➜ Explicit dependency on target 'FirebaseAnalyticsCoreTarget' in project 'Firebase'
        ➜ Explicit dependency on target 'Firebase' in project 'Firebase'
        ➜ Explicit dependency on target 'FirebaseCoreInternal' in project 'Firebase'
        ➜ Explicit dependency on target 'FirebaseCore' in project 'Firebase'
        ➜ Explicit dependency on target 'FirebaseInstallations' in project 'Firebase'
        ➜ Explicit dependency on target 'FirebaseAnalyticsCoreWrapper' in project 'Firebase'
        ➜ Explicit dependency on target 'GULNSData' in project 'GoogleUtilities'
        ➜ Explicit dependency on target 'GULEnvironment' in project 'GoogleUtilities'
        ➜ Explicit dependency on target 'GULLogger' in project 'GoogleUtilities'
        ➜ Explicit dependency on target 'FBLPromises' in project 'Promises'
        ➜ Explicit dependency on target 'GULUserDefaults' in project 'GoogleUtilities'
        ➜ Explicit dependency on target 'GoogleAppMeasurementCore' in project 'GoogleAppMeasurement'
        ➜ Explicit dependency on target 'GULAppDelegateSwizzler' in project 'GoogleUtilities'
        ➜ Explicit dependency on target 'GULMethodSwizzler' in project 'GoogleUtilities'
        ➜ Explicit dependency on target 'GULNetwork' in project 'GoogleUtilities'
        ➜ Explicit dependency on target 'nanopb' in project 'nanopb'
    Target 'FirebaseAnalyticsCoreTarget' in project 'Firebase'
        ➜ Explicit dependency on target 'Firebase' in project 'Firebase'
        ➜ Explicit dependency on target 'FirebaseCoreInternal' in project 'Firebase'
        ➜ Explicit dependency on target 'FirebaseCore' in project 'Firebase'
        ➜ Explicit dependency on target 'FirebaseInstallations' in project 'Firebase'
        ➜ Explicit dependency on target 'FirebaseAnalyticsCoreWrapper' in project 'Firebase'
        ➜ Explicit dependency on target 'GULNSData' in project 'GoogleUtilities'
        ➜ Explicit dependency on target 'GULEnvironment' in project 'GoogleUtilities'
        ➜ Explicit dependency on target 'GULLogger' in project 'GoogleUtilities'
        ➜ Explicit dependency on target 'FBLPromises' in project 'Promises'
        ➜ Explicit dependency on target 'GULUserDefaults' in project 'GoogleUtilities'
        ➜ Explicit dependency on target 'GoogleAppMeasurementCore' in project 'GoogleAppMeasurement'
        ➜ Explicit dependency on target 'GULAppDelegateSwizzler' in project 'GoogleUtilities'
        ➜ Explicit dependency on target 'GULMethodSwizzler' in project 'GoogleUtilities'
        ➜ Explicit dependency on target 'GULNetwork' in project 'GoogleUtilities'
        ➜ Explicit dependency on target 'nanopb' in project 'nanopb'
    Target 'FirebaseAnalyticsCoreWrapper' in project 'Firebase'
        ➜ Explicit dependency on target 'Firebase' in project 'Firebase'
        ➜ Explicit dependency on target 'FirebaseCoreInternal' in project 'Firebase'
        ➜ Explicit dependency on target 'FirebaseCore' in project 'Firebase'
        ➜ Explicit dependency on target 'FirebaseInstallations' in project 'Firebase'
        ➜ Explicit dependency on target 'GULNSData' in project 'GoogleUtilities'
        ➜ Explicit dependency on target 'GULEnvironment' in project 'GoogleUtilities'
        ➜ Explicit dependency on target 'GULLogger' in project 'GoogleUtilities'
        ➜ Explicit dependency on target 'FBLPromises' in project 'Promises'
        ➜ Explicit dependency on target 'GULUserDefaults' in project 'GoogleUtilities'
        ➜ Explicit dependency on target 'GoogleAppMeasurementCore' in project 'GoogleAppMeasurement'
        ➜ Explicit dependency on target 'GULAppDelegateSwizzler' in project 'GoogleUtilities'
        ➜ Explicit dependency on target 'GULMethodSwizzler' in project 'GoogleUtilities'
        ➜ Explicit dependency on target 'GULNetwork' in project 'GoogleUtilities'
        ➜ Explicit dependency on target 'nanopb' in project 'nanopb'
    Target 'GoogleAppMeasurementCore' in project 'GoogleAppMeasurement'
        ➜ Explicit dependency on target 'GoogleAppMeasurementCoreTarget' in project 'GoogleAppMeasurement'
        ➜ Explicit dependency on target 'GULAppDelegateSwizzler' in project 'GoogleUtilities'
        ➜ Explicit dependency on target 'GULMethodSwizzler' in project 'GoogleUtilities'
        ➜ Explicit dependency on target 'GULNSData' in project 'GoogleUtilities'
        ➜ Explicit dependency on target 'GULNetwork' in project 'GoogleUtilities'
        ➜ Explicit dependency on target 'GULLogger' in project 'GoogleUtilities'
        ➜ Explicit dependency on target 'GULEnvironment' in project 'GoogleUtilities'
        ➜ Explicit dependency on target 'nanopb' in project 'nanopb'
    Target 'GoogleAppMeasurementCoreTarget' in project 'GoogleAppMeasurement'
        ➜ Explicit dependency on target 'GULAppDelegateSwizzler' in project 'GoogleUtilities'
        ➜ Explicit dependency on target 'GULMethodSwizzler' in project 'GoogleUtilities'
        ➜ Explicit dependency on target 'GULNSData' in project 'GoogleUtilities'
        ➜ Explicit dependency on target 'GULNetwork' in project 'GoogleUtilities'
        ➜ Explicit dependency on target 'GULLogger' in project 'GoogleUtilities'
        ➜ Explicit dependency on target 'GULEnvironment' in project 'GoogleUtilities'
        ➜ Explicit dependency on target 'nanopb' in project 'nanopb'
    Target 'FirebaseAppCheck' in project 'Firebase'
        ➜ Explicit dependency on target 'FirebaseAppCheck' in project 'Firebase'
        ➜ Explicit dependency on target 'FirebaseAppCheckInterop' in project 'Firebase'
        ➜ Explicit dependency on target 'Firebase' in project 'Firebase'
        ➜ Explicit dependency on target 'FirebaseCoreInternal' in project 'Firebase'
        ➜ Explicit dependency on target 'FirebaseCore' in project 'Firebase'
        ➜ Explicit dependency on target 'GULNSData' in project 'GoogleUtilities'
        ➜ Explicit dependency on target 'GULEnvironment' in project 'GoogleUtilities'
        ➜ Explicit dependency on target 'GULLogger' in project 'GoogleUtilities'
        ➜ Explicit dependency on target 'AppCheckCore' in project 'AppCheck'
        ➜ Explicit dependency on target 'GULUserDefaults' in project 'GoogleUtilities'
    Target 'FirebaseAppCheck' in project 'Firebase'
        ➜ Explicit dependency on target 'FirebaseAppCheckInterop' in project 'Firebase'
        ➜ Explicit dependency on target 'Firebase' in project 'Firebase'
        ➜ Explicit dependency on target 'FirebaseCoreInternal' in project 'Firebase'
        ➜ Explicit dependency on target 'FirebaseCore' in project 'Firebase'
        ➜ Explicit dependency on target 'GULNSData' in project 'GoogleUtilities'
        ➜ Explicit dependency on target 'GULEnvironment' in project 'GoogleUtilities'
        ➜ Explicit dependency on target 'GULLogger' in project 'GoogleUtilities'
        ➜ Explicit dependency on target 'AppCheckCore' in project 'AppCheck'
        ➜ Explicit dependency on target 'GULUserDefaults' in project 'GoogleUtilities'
    Target 'AppCheckCore' in project 'AppCheck'
        ➜ Explicit dependency on target 'AppCheckCore' in project 'AppCheck'
        ➜ Explicit dependency on target 'FBLPromises' in project 'Promises'
        ➜ Explicit dependency on target 'GULEnvironment' in project 'GoogleUtilities'
        ➜ Explicit dependency on target 'GULUserDefaults' in project 'GoogleUtilities'
    Target 'AppCheckCore' in project 'AppCheck'
        ➜ Explicit dependency on target 'FBLPromises' in project 'Promises'
        ➜ Explicit dependency on target 'GULEnvironment' in project 'GoogleUtilities'
        ➜ Explicit dependency on target 'GULUserDefaults' in project 'GoogleUtilities'
    Target 'FirebaseCore' in project 'Firebase'
        ➜ Explicit dependency on target 'FirebaseCore' in project 'Firebase'
        ➜ Explicit dependency on target 'Firebase_FirebaseCore' in project 'Firebase'
        ➜ Explicit dependency on target 'Firebase' in project 'Firebase'
        ➜ Explicit dependency on target 'FirebaseCoreInternal' in project 'Firebase'
        ➜ Explicit dependency on target 'GULNSData' in project 'GoogleUtilities'
        ➜ Explicit dependency on target 'GULEnvironment' in project 'GoogleUtilities'
        ➜ Explicit dependency on target 'GULLogger' in project 'GoogleUtilities'
    Target 'FirebasePerformance' in project 'Firebase'
        ➜ Explicit dependency on target 'FirebasePerformanceTarget' in project 'Firebase'
        ➜ Explicit dependency on target 'Firebase' in project 'Firebase'
        ➜ Explicit dependency on target 'FirebaseCoreInternal' in project 'Firebase'
        ➜ Explicit dependency on target 'FirebaseCore' in project 'Firebase'
        ➜ Explicit dependency on target 'FirebaseInstallations' in project 'Firebase'
        ➜ Explicit dependency on target 'FirebaseABTesting' in project 'Firebase'
        ➜ Explicit dependency on target 'FirebaseRemoteConfigInterop' in project 'Firebase'
        ➜ Explicit dependency on target 'FirebaseRemoteConfigInternal' in project 'Firebase'
        ➜ Explicit dependency on target 'FirebaseCoreExtension' in project 'Firebase'
        ➜ Explicit dependency on target 'FirebaseSessionsObjC' in project 'Firebase'
        ➜ Explicit dependency on target 'FirebaseSessions' in project 'Firebase'
        ➜ Explicit dependency on target 'FirebasePerformance' in project 'Firebase'
        ➜ Explicit dependency on target 'GULNSData' in project 'GoogleUtilities'
        ➜ Explicit dependency on target 'GULEnvironment' in project 'GoogleUtilities'
        ➜ Explicit dependency on target 'GULLogger' in project 'GoogleUtilities'
        ➜ Explicit dependency on target 'FBLPromises' in project 'Promises'
        ➜ Explicit dependency on target 'GULUserDefaults' in project 'GoogleUtilities'
        ➜ Explicit dependency on target 'nanopb' in project 'nanopb'
        ➜ Explicit dependency on target 'Promises' in project 'Promises'
        ➜ Explicit dependency on target 'GoogleDataTransport' in project 'GoogleDataTransport'
        ➜ Explicit dependency on target 'GULMethodSwizzler' in project 'GoogleUtilities'
    Target 'FirebasePerformanceTarget' in project 'Firebase'
        ➜ Explicit dependency on target 'Firebase' in project 'Firebase'
        ➜ Explicit dependency on target 'FirebaseCoreInternal' in project 'Firebase'
        ➜ Explicit dependency on target 'FirebaseCore' in project 'Firebase'
        ➜ Explicit dependency on target 'FirebaseInstallations' in project 'Firebase'
        ➜ Explicit dependency on target 'FirebaseABTesting' in project 'Firebase'
        ➜ Explicit dependency on target 'FirebaseRemoteConfigInterop' in project 'Firebase'
        ➜ Explicit dependency on target 'FirebaseRemoteConfigInternal' in project 'Firebase'
        ➜ Explicit dependency on target 'FirebaseCoreExtension' in project 'Firebase'
        ➜ Explicit dependency on target 'FirebaseSessionsObjC' in project 'Firebase'
        ➜ Explicit dependency on target 'FirebaseSessions' in project 'Firebase'
        ➜ Explicit dependency on target 'FirebasePerformance' in project 'Firebase'
        ➜ Explicit dependency on target 'GULNSData' in project 'GoogleUtilities'
        ➜ Explicit dependency on target 'GULEnvironment' in project 'GoogleUtilities'
        ➜ Explicit dependency on target 'GULLogger' in project 'GoogleUtilities'
        ➜ Explicit dependency on target 'FBLPromises' in project 'Promises'
        ➜ Explicit dependency on target 'GULUserDefaults' in project 'GoogleUtilities'
        ➜ Explicit dependency on target 'nanopb' in project 'nanopb'
        ➜ Explicit dependency on target 'Promises' in project 'Promises'
        ➜ Explicit dependency on target 'GoogleDataTransport' in project 'GoogleDataTransport'
        ➜ Explicit dependency on target 'GULMethodSwizzler' in project 'GoogleUtilities'
    Target 'FirebasePerformance' in project 'Firebase'
        ➜ Explicit dependency on target 'Firebase' in project 'Firebase'
        ➜ Explicit dependency on target 'FirebaseCoreInternal' in project 'Firebase'
        ➜ Explicit dependency on target 'FirebaseCore' in project 'Firebase'
        ➜ Explicit dependency on target 'FirebaseInstallations' in project 'Firebase'
        ➜ Explicit dependency on target 'FirebaseABTesting' in project 'Firebase'
        ➜ Explicit dependency on target 'FirebaseRemoteConfigInterop' in project 'Firebase'
        ➜ Explicit dependency on target 'FirebaseRemoteConfigInternal' in project 'Firebase'
        ➜ Explicit dependency on target 'FirebaseCoreExtension' in project 'Firebase'
        ➜ Explicit dependency on target 'FirebaseSessionsObjC' in project 'Firebase'
        ➜ Explicit dependency on target 'FirebaseSessions' in project 'Firebase'
        ➜ Explicit dependency on target 'GULNSData' in project 'GoogleUtilities'
        ➜ Explicit dependency on target 'GULEnvironment' in project 'GoogleUtilities'
        ➜ Explicit dependency on target 'GULLogger' in project 'GoogleUtilities'
        ➜ Explicit dependency on target 'FBLPromises' in project 'Promises'
        ➜ Explicit dependency on target 'GULUserDefaults' in project 'GoogleUtilities'
        ➜ Explicit dependency on target 'nanopb' in project 'nanopb'
        ➜ Explicit dependency on target 'Promises' in project 'Promises'
        ➜ Explicit dependency on target 'GoogleDataTransport' in project 'GoogleDataTransport'
        ➜ Explicit dependency on target 'GULMethodSwizzler' in project 'GoogleUtilities'
    Target 'FirebaseMLModelDownloader' in project 'Firebase'
        ➜ Explicit dependency on target 'FirebaseMLModelDownloader' in project 'Firebase'
        ➜ Explicit dependency on target 'Firebase' in project 'Firebase'
        ➜ Explicit dependency on target 'FirebaseCoreInternal' in project 'Firebase'
        ➜ Explicit dependency on target 'FirebaseCore' in project 'Firebase'
        ➜ Explicit dependency on target 'FirebaseCoreExtension' in project 'Firebase'
        ➜ Explicit dependency on target 'FirebaseInstallations' in project 'Firebase'
        ➜ Explicit dependency on target 'GULNSData' in project 'GoogleUtilities'
        ➜ Explicit dependency on target 'GULEnvironment' in project 'GoogleUtilities'
        ➜ Explicit dependency on target 'GULLogger' in project 'GoogleUtilities'
        ➜ Explicit dependency on target 'FBLPromises' in project 'Promises'
        ➜ Explicit dependency on target 'GULUserDefaults' in project 'GoogleUtilities'
        ➜ Explicit dependency on target 'GoogleDataTransport' in project 'GoogleDataTransport'
        ➜ Explicit dependency on target 'SwiftProtobuf' in project 'SwiftProtobuf'
    Target 'FirebaseMLModelDownloader' in project 'Firebase'
        ➜ Explicit dependency on target 'Firebase' in project 'Firebase'
        ➜ Explicit dependency on target 'FirebaseCoreInternal' in project 'Firebase'
        ➜ Explicit dependency on target 'FirebaseCore' in project 'Firebase'
        ➜ Explicit dependency on target 'FirebaseCoreExtension' in project 'Firebase'
        ➜ Explicit dependency on target 'FirebaseInstallations' in project 'Firebase'
        ➜ Explicit dependency on target 'GULNSData' in project 'GoogleUtilities'
        ➜ Explicit dependency on target 'GULEnvironment' in project 'GoogleUtilities'
        ➜ Explicit dependency on target 'GULLogger' in project 'GoogleUtilities'
        ➜ Explicit dependency on target 'FBLPromises' in project 'Promises'
        ➜ Explicit dependency on target 'GULUserDefaults' in project 'GoogleUtilities'
        ➜ Explicit dependency on target 'GoogleDataTransport' in project 'GoogleDataTransport'
        ➜ Explicit dependency on target 'SwiftProtobuf' in project 'SwiftProtobuf'
    Target 'SwiftProtobuf' in project 'SwiftProtobuf'
        ➜ Explicit dependency on target 'SwiftProtobuf' in project 'SwiftProtobuf'
        ➜ Explicit dependency on target 'SwiftProtobuf_SwiftProtobuf' in project 'SwiftProtobuf'
    Target 'SwiftProtobuf' in project 'SwiftProtobuf'
        ➜ Explicit dependency on target 'SwiftProtobuf_SwiftProtobuf' in project 'SwiftProtobuf'
    Target 'SwiftProtobuf_SwiftProtobuf' in project 'SwiftProtobuf' (no dependencies)
    Target 'FirebaseMessaging' in project 'Firebase'
        ➜ Explicit dependency on target 'FirebaseMessaging' in project 'Firebase'
        ➜ Explicit dependency on target 'Firebase_FirebaseMessaging' in project 'Firebase'
        ➜ Explicit dependency on target 'Firebase' in project 'Firebase'
        ➜ Explicit dependency on target 'FirebaseCoreInternal' in project 'Firebase'
        ➜ Explicit dependency on target 'FirebaseCore' in project 'Firebase'
        ➜ Explicit dependency on target 'FirebaseInstallations' in project 'Firebase'
        ➜ Explicit dependency on target 'GULNSData' in project 'GoogleUtilities'
        ➜ Explicit dependency on target 'GULEnvironment' in project 'GoogleUtilities'
        ➜ Explicit dependency on target 'GULLogger' in project 'GoogleUtilities'
        ➜ Explicit dependency on target 'FBLPromises' in project 'Promises'
        ➜ Explicit dependency on target 'GULUserDefaults' in project 'GoogleUtilities'
        ➜ Explicit dependency on target 'GULAppDelegateSwizzler' in project 'GoogleUtilities'
        ➜ Explicit dependency on target 'GULReachability' in project 'GoogleUtilities'
        ➜ Explicit dependency on target 'GoogleDataTransport' in project 'GoogleDataTransport'
        ➜ Explicit dependency on target 'nanopb' in project 'nanopb'
    Target 'FirebaseMessaging' in project 'Firebase'
        ➜ Explicit dependency on target 'Firebase_FirebaseMessaging' in project 'Firebase'
        ➜ Explicit dependency on target 'Firebase' in project 'Firebase'
        ➜ Explicit dependency on target 'FirebaseCoreInternal' in project 'Firebase'
        ➜ Explicit dependency on target 'FirebaseCore' in project 'Firebase'
        ➜ Explicit dependency on target 'FirebaseInstallations' in project 'Firebase'
        ➜ Explicit dependency on target 'GULNSData' in project 'GoogleUtilities'
        ➜ Explicit dependency on target 'GULEnvironment' in project 'GoogleUtilities'
        ➜ Explicit dependency on target 'GULLogger' in project 'GoogleUtilities'
        ➜ Explicit dependency on target 'FBLPromises' in project 'Promises'
        ➜ Explicit dependency on target 'GULUserDefaults' in project 'GoogleUtilities'
        ➜ Explicit dependency on target 'GULAppDelegateSwizzler' in project 'GoogleUtilities'
        ➜ Explicit dependency on target 'GULReachability' in project 'GoogleUtilities'
        ➜ Explicit dependency on target 'GoogleDataTransport' in project 'GoogleDataTransport'
        ➜ Explicit dependency on target 'nanopb' in project 'nanopb'
    Target 'GULReachability' in project 'GoogleUtilities'
        ➜ Explicit dependency on target 'GoogleUtilities-Reachability' in project 'GoogleUtilities'
        ➜ Explicit dependency on target 'GoogleUtilities_GoogleUtilities-Reachability' in project 'GoogleUtilities'
        ➜ Explicit dependency on target 'third-party-IsAppEncrypted' in project 'GoogleUtilities'
        ➜ Explicit dependency on target 'GoogleUtilities-Environment' in project 'GoogleUtilities'
        ➜ Explicit dependency on target 'GoogleUtilities-Logger' in project 'GoogleUtilities'
    Target 'Firebase_FirebaseMessaging' in project 'Firebase' (no dependencies)
    Target 'FirebaseAnalytics' in project 'Firebase'
        ➜ Explicit dependency on target 'FirebaseAnalyticsTarget' in project 'Firebase'
        ➜ Explicit dependency on target 'Firebase' in project 'Firebase'
        ➜ Explicit dependency on target 'FirebaseCoreInternal' in project 'Firebase'
        ➜ Explicit dependency on target 'FirebaseCore' in project 'Firebase'
        ➜ Explicit dependency on target 'FirebaseInstallations' in project 'Firebase'
        ➜ Explicit dependency on target 'FirebaseAnalyticsWrapper' in project 'Firebase'
        ➜ Explicit dependency on target 'GULNSData' in project 'GoogleUtilities'
        ➜ Explicit dependency on target 'GULEnvironment' in project 'GoogleUtilities'
        ➜ Explicit dependency on target 'GULLogger' in project 'GoogleUtilities'
        ➜ Explicit dependency on target 'FBLPromises' in project 'Promises'
        ➜ Explicit dependency on target 'GULUserDefaults' in project 'GoogleUtilities'
        ➜ Explicit dependency on target 'GoogleAppMeasurement' in project 'GoogleAppMeasurement'
        ➜ Explicit dependency on target 'GULAppDelegateSwizzler' in project 'GoogleUtilities'
        ➜ Explicit dependency on target 'GULMethodSwizzler' in project 'GoogleUtilities'
        ➜ Explicit dependency on target 'GULNetwork' in project 'GoogleUtilities'
        ➜ Explicit dependency on target 'nanopb' in project 'nanopb'
    Target 'FirebaseAnalyticsTarget' in project 'Firebase'
        ➜ Explicit dependency on target 'Firebase' in project 'Firebase'
        ➜ Explicit dependency on target 'FirebaseCoreInternal' in project 'Firebase'
        ➜ Explicit dependency on target 'FirebaseCore' in project 'Firebase'
        ➜ Explicit dependency on target 'FirebaseInstallations' in project 'Firebase'
        ➜ Explicit dependency on target 'FirebaseAnalyticsWrapper' in project 'Firebase'
        ➜ Explicit dependency on target 'GULNSData' in project 'GoogleUtilities'
        ➜ Explicit dependency on target 'GULEnvironment' in project 'GoogleUtilities'
        ➜ Explicit dependency on target 'GULLogger' in project 'GoogleUtilities'
        ➜ Explicit dependency on target 'FBLPromises' in project 'Promises'
        ➜ Explicit dependency on target 'GULUserDefaults' in project 'GoogleUtilities'
        ➜ Explicit dependency on target 'GoogleAppMeasurement' in project 'GoogleAppMeasurement'
        ➜ Explicit dependency on target 'GULAppDelegateSwizzler' in project 'GoogleUtilities'
        ➜ Explicit dependency on target 'GULMethodSwizzler' in project 'GoogleUtilities'
        ➜ Explicit dependency on target 'GULNetwork' in project 'GoogleUtilities'
        ➜ Explicit dependency on target 'nanopb' in project 'nanopb'
    Target 'FirebaseAnalyticsWrapper' in project 'Firebase'
        ➜ Explicit dependency on target 'Firebase' in project 'Firebase'
        ➜ Explicit dependency on target 'FirebaseCoreInternal' in project 'Firebase'
        ➜ Explicit dependency on target 'FirebaseCore' in project 'Firebase'
        ➜ Explicit dependency on target 'FirebaseInstallations' in project 'Firebase'
        ➜ Explicit dependency on target 'GULNSData' in project 'GoogleUtilities'
        ➜ Explicit dependency on target 'GULEnvironment' in project 'GoogleUtilities'
        ➜ Explicit dependency on target 'GULLogger' in project 'GoogleUtilities'
        ➜ Explicit dependency on target 'FBLPromises' in project 'Promises'
        ➜ Explicit dependency on target 'GULUserDefaults' in project 'GoogleUtilities'
        ➜ Explicit dependency on target 'GoogleAppMeasurement' in project 'GoogleAppMeasurement'
        ➜ Explicit dependency on target 'GULAppDelegateSwizzler' in project 'GoogleUtilities'
        ➜ Explicit dependency on target 'GULMethodSwizzler' in project 'GoogleUtilities'
        ➜ Explicit dependency on target 'GULNetwork' in project 'GoogleUtilities'
        ➜ Explicit dependency on target 'nanopb' in project 'nanopb'
    Target 'GoogleAppMeasurement' in project 'GoogleAppMeasurement'
        ➜ Explicit dependency on target 'GoogleAppMeasurementTarget' in project 'GoogleAppMeasurement'
        ➜ Explicit dependency on target 'GULAppDelegateSwizzler' in project 'GoogleUtilities'
        ➜ Explicit dependency on target 'GULMethodSwizzler' in project 'GoogleUtilities'
        ➜ Explicit dependency on target 'GULNSData' in project 'GoogleUtilities'
        ➜ Explicit dependency on target 'GULNetwork' in project 'GoogleUtilities'
        ➜ Explicit dependency on target 'GULLogger' in project 'GoogleUtilities'
        ➜ Explicit dependency on target 'GULEnvironment' in project 'GoogleUtilities'
        ➜ Explicit dependency on target 'nanopb' in project 'nanopb'
        ➜ Explicit dependency on target 'GoogleAdsOnDeviceConversion' in project 'GoogleAdsOnDeviceConversion'
    Target 'GoogleAppMeasurementTarget' in project 'GoogleAppMeasurement'
        ➜ Explicit dependency on target 'GULAppDelegateSwizzler' in project 'GoogleUtilities'
        ➜ Explicit dependency on target 'GULMethodSwizzler' in project 'GoogleUtilities'
        ➜ Explicit dependency on target 'GULNSData' in project 'GoogleUtilities'
        ➜ Explicit dependency on target 'GULNetwork' in project 'GoogleUtilities'
        ➜ Explicit dependency on target 'GULLogger' in project 'GoogleUtilities'
        ➜ Explicit dependency on target 'GULEnvironment' in project 'GoogleUtilities'
        ➜ Explicit dependency on target 'nanopb' in project 'nanopb'
        ➜ Explicit dependency on target 'GoogleAdsOnDeviceConversion' in project 'GoogleAdsOnDeviceConversion'
    Target 'GoogleAdsOnDeviceConversion' in project 'GoogleAdsOnDeviceConversion'
        ➜ Explicit dependency on target 'GoogleAdsOnDeviceConversionTarget' in project 'GoogleAdsOnDeviceConversion'
        ➜ Explicit dependency on target 'GULEnvironment' in project 'GoogleUtilities'
        ➜ Explicit dependency on target 'GULLogger' in project 'GoogleUtilities'
        ➜ Explicit dependency on target 'GULNetwork' in project 'GoogleUtilities'
        ➜ Explicit dependency on target 'nanopb' in project 'nanopb'
    Target 'GoogleAdsOnDeviceConversionTarget' in project 'GoogleAdsOnDeviceConversion'
        ➜ Explicit dependency on target 'GULEnvironment' in project 'GoogleUtilities'
        ➜ Explicit dependency on target 'GULLogger' in project 'GoogleUtilities'
        ➜ Explicit dependency on target 'GULNetwork' in project 'GoogleUtilities'
        ➜ Explicit dependency on target 'nanopb' in project 'nanopb'
    Target 'FirebaseRemoteConfig' in project 'Firebase'
        ➜ Explicit dependency on target 'FirebaseRemoteConfig' in project 'Firebase'
        ➜ Explicit dependency on target 'Firebase_FirebaseRemoteConfig' in project 'Firebase'
        ➜ Explicit dependency on target 'Firebase' in project 'Firebase'
        ➜ Explicit dependency on target 'FirebaseCoreInternal' in project 'Firebase'
        ➜ Explicit dependency on target 'FirebaseCore' in project 'Firebase'
        ➜ Explicit dependency on target 'FirebaseABTesting' in project 'Firebase'
        ➜ Explicit dependency on target 'FirebaseInstallations' in project 'Firebase'
        ➜ Explicit dependency on target 'FirebaseRemoteConfigInterop' in project 'Firebase'
        ➜ Explicit dependency on target 'FirebaseRemoteConfigInternal' in project 'Firebase'
        ➜ Explicit dependency on target 'FirebaseSharedSwift' in project 'Firebase'
        ➜ Explicit dependency on target 'GULNSData' in project 'GoogleUtilities'
        ➜ Explicit dependency on target 'GULEnvironment' in project 'GoogleUtilities'
        ➜ Explicit dependency on target 'GULLogger' in project 'GoogleUtilities'
        ➜ Explicit dependency on target 'FBLPromises' in project 'Promises'
        ➜ Explicit dependency on target 'GULUserDefaults' in project 'GoogleUtilities'
    Target 'FirebaseRemoteConfig' in project 'Firebase'
        ➜ Explicit dependency on target 'Firebase_FirebaseRemoteConfig' in project 'Firebase'
        ➜ Explicit dependency on target 'Firebase' in project 'Firebase'
        ➜ Explicit dependency on target 'FirebaseCoreInternal' in project 'Firebase'
        ➜ Explicit dependency on target 'FirebaseCore' in project 'Firebase'
        ➜ Explicit dependency on target 'FirebaseABTesting' in project 'Firebase'
        ➜ Explicit dependency on target 'FirebaseInstallations' in project 'Firebase'
        ➜ Explicit dependency on target 'FirebaseRemoteConfigInterop' in project 'Firebase'
        ➜ Explicit dependency on target 'FirebaseRemoteConfigInternal' in project 'Firebase'
        ➜ Explicit dependency on target 'FirebaseSharedSwift' in project 'Firebase'
        ➜ Explicit dependency on target 'GULNSData' in project 'GoogleUtilities'
        ➜ Explicit dependency on target 'GULEnvironment' in project 'GoogleUtilities'
        ➜ Explicit dependency on target 'GULLogger' in project 'GoogleUtilities'
        ➜ Explicit dependency on target 'FBLPromises' in project 'Promises'
        ➜ Explicit dependency on target 'GULUserDefaults' in project 'GoogleUtilities'
    Target 'FirebaseRemoteConfigInternal' in project 'Firebase'
        ➜ Explicit dependency on target 'Firebase' in project 'Firebase'
        ➜ Explicit dependency on target 'FirebaseCoreInternal' in project 'Firebase'
        ➜ Explicit dependency on target 'FirebaseCore' in project 'Firebase'
        ➜ Explicit dependency on target 'FirebaseABTesting' in project 'Firebase'
        ➜ Explicit dependency on target 'FirebaseInstallations' in project 'Firebase'
        ➜ Explicit dependency on target 'FirebaseRemoteConfigInterop' in project 'Firebase'
        ➜ Explicit dependency on target 'GULNSData' in project 'GoogleUtilities'
        ➜ Explicit dependency on target 'GULEnvironment' in project 'GoogleUtilities'
        ➜ Explicit dependency on target 'GULLogger' in project 'GoogleUtilities'
        ➜ Explicit dependency on target 'FBLPromises' in project 'Promises'
        ➜ Explicit dependency on target 'GULUserDefaults' in project 'GoogleUtilities'
    Target 'Firebase_FirebaseRemoteConfig' in project 'Firebase' (no dependencies)
    Target 'FirebaseStorage' in project 'Firebase'
        ➜ Explicit dependency on target 'FirebaseStorage' in project 'Firebase'
        ➜ Explicit dependency on target 'FirebaseAppCheckInterop' in project 'Firebase'
        ➜ Explicit dependency on target 'FirebaseAuthInterop' in project 'Firebase'
        ➜ Explicit dependency on target 'Firebase' in project 'Firebase'
        ➜ Explicit dependency on target 'FirebaseCoreInternal' in project 'Firebase'
        ➜ Explicit dependency on target 'FirebaseCore' in project 'Firebase'
        ➜ Explicit dependency on target 'FirebaseCoreExtension' in project 'Firebase'
        ➜ Explicit dependency on target 'GULNSData' in project 'GoogleUtilities'
        ➜ Explicit dependency on target 'GULEnvironment' in project 'GoogleUtilities'
        ➜ Explicit dependency on target 'GULLogger' in project 'GoogleUtilities'
        ➜ Explicit dependency on target 'GTMSessionFetcherCore' in project 'GTMSessionFetcher'
    Target 'FirebaseDatabase' in project 'Firebase'
        ➜ Explicit dependency on target 'FirebaseDatabase' in project 'Firebase'
        ➜ Explicit dependency on target 'FirebaseAppCheckInterop' in project 'Firebase'
        ➜ Explicit dependency on target 'Firebase' in project 'Firebase'
        ➜ Explicit dependency on target 'FirebaseCoreInternal' in project 'Firebase'
        ➜ Explicit dependency on target 'FirebaseCore' in project 'Firebase'
        ➜ Explicit dependency on target 'FirebaseDatabaseInternal' in project 'Firebase'
        ➜ Explicit dependency on target 'FirebaseSharedSwift' in project 'Firebase'
        ➜ Explicit dependency on target 'GULNSData' in project 'GoogleUtilities'
        ➜ Explicit dependency on target 'GULEnvironment' in project 'GoogleUtilities'
        ➜ Explicit dependency on target 'GULLogger' in project 'GoogleUtilities'
        ➜ Explicit dependency on target 'leveldb' in project 'leveldb'
        ➜ Explicit dependency on target 'GULUserDefaults' in project 'GoogleUtilities'
    Target 'FirebaseDatabase' in project 'Firebase'
        ➜ Explicit dependency on target 'FirebaseAppCheckInterop' in project 'Firebase'
        ➜ Explicit dependency on target 'Firebase' in project 'Firebase'
        ➜ Explicit dependency on target 'FirebaseCoreInternal' in project 'Firebase'
        ➜ Explicit dependency on target 'FirebaseCore' in project 'Firebase'
        ➜ Explicit dependency on target 'FirebaseDatabaseInternal' in project 'Firebase'
        ➜ Explicit dependency on target 'FirebaseSharedSwift' in project 'Firebase'
        ➜ Explicit dependency on target 'GULNSData' in project 'GoogleUtilities'
        ➜ Explicit dependency on target 'GULEnvironment' in project 'GoogleUtilities'
        ➜ Explicit dependency on target 'GULLogger' in project 'GoogleUtilities'
        ➜ Explicit dependency on target 'leveldb' in project 'leveldb'
        ➜ Explicit dependency on target 'GULUserDefaults' in project 'GoogleUtilities'
    Target 'FirebaseDatabaseInternal' in project 'Firebase'
        ➜ Explicit dependency on target 'FirebaseAppCheckInterop' in project 'Firebase'
        ➜ Explicit dependency on target 'Firebase' in project 'Firebase'
        ➜ Explicit dependency on target 'FirebaseCoreInternal' in project 'Firebase'
        ➜ Explicit dependency on target 'FirebaseCore' in project 'Firebase'
        ➜ Explicit dependency on target 'GULNSData' in project 'GoogleUtilities'
        ➜ Explicit dependency on target 'GULEnvironment' in project 'GoogleUtilities'
        ➜ Explicit dependency on target 'GULLogger' in project 'GoogleUtilities'
        ➜ Explicit dependency on target 'leveldb' in project 'leveldb'
        ➜ Explicit dependency on target 'GULUserDefaults' in project 'GoogleUtilities'
    Target 'FirebaseStorageCombine-Community' in project 'Firebase'
        ➜ Explicit dependency on target 'FirebaseStorageCombineSwift' in project 'Firebase'
        ➜ Explicit dependency on target 'FirebaseAppCheckInterop' in project 'Firebase'
        ➜ Explicit dependency on target 'FirebaseAuthInterop' in project 'Firebase'
        ➜ Explicit dependency on target 'Firebase' in project 'Firebase'
        ➜ Explicit dependency on target 'FirebaseCoreInternal' in project 'Firebase'
        ➜ Explicit dependency on target 'FirebaseCore' in project 'Firebase'
        ➜ Explicit dependency on target 'FirebaseCoreExtension' in project 'Firebase'
        ➜ Explicit dependency on target 'FirebaseStorage' in project 'Firebase'
        ➜ Explicit dependency on target 'GULNSData' in project 'GoogleUtilities'
        ➜ Explicit dependency on target 'GULEnvironment' in project 'GoogleUtilities'
        ➜ Explicit dependency on target 'GULLogger' in project 'GoogleUtilities'
        ➜ Explicit dependency on target 'GTMSessionFetcherCore' in project 'GTMSessionFetcher'
    Target 'FirebaseStorageCombineSwift' in project 'Firebase'
        ➜ Explicit dependency on target 'FirebaseAppCheckInterop' in project 'Firebase'
        ➜ Explicit dependency on target 'FirebaseAuthInterop' in project 'Firebase'
        ➜ Explicit dependency on target 'Firebase' in project 'Firebase'
        ➜ Explicit dependency on target 'FirebaseCoreInternal' in project 'Firebase'
        ➜ Explicit dependency on target 'FirebaseCore' in project 'Firebase'
        ➜ Explicit dependency on target 'FirebaseCoreExtension' in project 'Firebase'
        ➜ Explicit dependency on target 'FirebaseStorage' in project 'Firebase'
        ➜ Explicit dependency on target 'GULNSData' in project 'GoogleUtilities'
        ➜ Explicit dependency on target 'GULEnvironment' in project 'GoogleUtilities'
        ➜ Explicit dependency on target 'GULLogger' in project 'GoogleUtilities'
        ➜ Explicit dependency on target 'GTMSessionFetcherCore' in project 'GTMSessionFetcher'
    Target 'FirebaseStorage' in project 'Firebase'
        ➜ Explicit dependency on target 'FirebaseAppCheckInterop' in project 'Firebase'
        ➜ Explicit dependency on target 'FirebaseAuthInterop' in project 'Firebase'
        ➜ Explicit dependency on target 'Firebase' in project 'Firebase'
        ➜ Explicit dependency on target 'FirebaseCoreInternal' in project 'Firebase'
        ➜ Explicit dependency on target 'FirebaseCore' in project 'Firebase'
        ➜ Explicit dependency on target 'FirebaseCoreExtension' in project 'Firebase'
        ➜ Explicit dependency on target 'GULNSData' in project 'GoogleUtilities'
        ➜ Explicit dependency on target 'GULEnvironment' in project 'GoogleUtilities'
        ➜ Explicit dependency on target 'GULLogger' in project 'GoogleUtilities'
        ➜ Explicit dependency on target 'GTMSessionFetcherCore' in project 'GTMSessionFetcher'
    Target 'FirebaseFunctionsCombine-Community' in project 'Firebase'
        ➜ Explicit dependency on target 'FirebaseFunctionsCombineSwift' in project 'Firebase'
        ➜ Explicit dependency on target 'FirebaseAppCheckInterop' in project 'Firebase'
        ➜ Explicit dependency on target 'FirebaseAuthInterop' in project 'Firebase'
        ➜ Explicit dependency on target 'Firebase' in project 'Firebase'
        ➜ Explicit dependency on target 'FirebaseCoreInternal' in project 'Firebase'
        ➜ Explicit dependency on target 'FirebaseCore' in project 'Firebase'
        ➜ Explicit dependency on target 'FirebaseCoreExtension' in project 'Firebase'
        ➜ Explicit dependency on target 'FirebaseMessagingInterop' in project 'Firebase'
        ➜ Explicit dependency on target 'FirebaseSharedSwift' in project 'Firebase'
        ➜ Explicit dependency on target 'FirebaseFunctions' in project 'Firebase'
        ➜ Explicit dependency on target 'GULNSData' in project 'GoogleUtilities'
        ➜ Explicit dependency on target 'GULEnvironment' in project 'GoogleUtilities'
        ➜ Explicit dependency on target 'GULLogger' in project 'GoogleUtilities'
        ➜ Explicit dependency on target 'GTMSessionFetcherCore' in project 'GTMSessionFetcher'
    Target 'FirebaseFunctionsCombineSwift' in project 'Firebase'
        ➜ Explicit dependency on target 'FirebaseAppCheckInterop' in project 'Firebase'
        ➜ Explicit dependency on target 'FirebaseAuthInterop' in project 'Firebase'
        ➜ Explicit dependency on target 'Firebase' in project 'Firebase'
        ➜ Explicit dependency on target 'FirebaseCoreInternal' in project 'Firebase'
        ➜ Explicit dependency on target 'FirebaseCore' in project 'Firebase'
        ➜ Explicit dependency on target 'FirebaseCoreExtension' in project 'Firebase'
        ➜ Explicit dependency on target 'FirebaseMessagingInterop' in project 'Firebase'
        ➜ Explicit dependency on target 'FirebaseSharedSwift' in project 'Firebase'
        ➜ Explicit dependency on target 'FirebaseFunctions' in project 'Firebase'
        ➜ Explicit dependency on target 'GULNSData' in project 'GoogleUtilities'
        ➜ Explicit dependency on target 'GULEnvironment' in project 'GoogleUtilities'
        ➜ Explicit dependency on target 'GULLogger' in project 'GoogleUtilities'
        ➜ Explicit dependency on target 'GTMSessionFetcherCore' in project 'GTMSessionFetcher'
    Target 'FirebaseFunctions' in project 'Firebase'
        ➜ Explicit dependency on target 'FirebaseAppCheckInterop' in project 'Firebase'
        ➜ Explicit dependency on target 'FirebaseAuthInterop' in project 'Firebase'
        ➜ Explicit dependency on target 'Firebase' in project 'Firebase'
        ➜ Explicit dependency on target 'FirebaseCoreInternal' in project 'Firebase'
        ➜ Explicit dependency on target 'FirebaseCore' in project 'Firebase'
        ➜ Explicit dependency on target 'FirebaseCoreExtension' in project 'Firebase'
        ➜ Explicit dependency on target 'FirebaseMessagingInterop' in project 'Firebase'
        ➜ Explicit dependency on target 'FirebaseSharedSwift' in project 'Firebase'
        ➜ Explicit dependency on target 'GULNSData' in project 'GoogleUtilities'
        ➜ Explicit dependency on target 'GULEnvironment' in project 'GoogleUtilities'
        ➜ Explicit dependency on target 'GULLogger' in project 'GoogleUtilities'
        ➜ Explicit dependency on target 'GTMSessionFetcherCore' in project 'GTMSessionFetcher'
    Target 'FirebaseMessagingInterop' in project 'Firebase' (no dependencies)
    Target 'FirebaseCrashlytics' in project 'Firebase'
        ➜ Explicit dependency on target 'FirebaseCrashlytics' in project 'Firebase'
        ➜ Explicit dependency on target 'Firebase_FirebaseCrashlytics' in project 'Firebase'
        ➜ Explicit dependency on target 'Firebase' in project 'Firebase'
        ➜ Explicit dependency on target 'FirebaseCoreInternal' in project 'Firebase'
        ➜ Explicit dependency on target 'FirebaseCore' in project 'Firebase'
        ➜ Explicit dependency on target 'FirebaseInstallations' in project 'Firebase'
        ➜ Explicit dependency on target 'FirebaseCoreExtension' in project 'Firebase'
        ➜ Explicit dependency on target 'FirebaseSessionsObjC' in project 'Firebase'
        ➜ Explicit dependency on target 'FirebaseSessions' in project 'Firebase'
        ➜ Explicit dependency on target 'FirebaseRemoteConfigInterop' in project 'Firebase'
        ➜ Explicit dependency on target 'FirebaseCrashlyticsSwift' in project 'Firebase'
        ➜ Explicit dependency on target 'GULNSData' in project 'GoogleUtilities'
        ➜ Explicit dependency on target 'GULEnvironment' in project 'GoogleUtilities'
        ➜ Explicit dependency on target 'GULLogger' in project 'GoogleUtilities'
        ➜ Explicit dependency on target 'FBLPromises' in project 'Promises'
        ➜ Explicit dependency on target 'GULUserDefaults' in project 'GoogleUtilities'
        ➜ Explicit dependency on target 'nanopb' in project 'nanopb'
        ➜ Explicit dependency on target 'Promises' in project 'Promises'
        ➜ Explicit dependency on target 'GoogleDataTransport' in project 'GoogleDataTransport'
    Target 'FirebaseCrashlytics' in project 'Firebase'
        ➜ Explicit dependency on target 'Firebase_FirebaseCrashlytics' in project 'Firebase'
        ➜ Explicit dependency on target 'Firebase' in project 'Firebase'
        ➜ Explicit dependency on target 'FirebaseCoreInternal' in project 'Firebase'
        ➜ Explicit dependency on target 'FirebaseCore' in project 'Firebase'
        ➜ Explicit dependency on target 'FirebaseInstallations' in project 'Firebase'
        ➜ Explicit dependency on target 'FirebaseCoreExtension' in project 'Firebase'
        ➜ Explicit dependency on target 'FirebaseSessionsObjC' in project 'Firebase'
        ➜ Explicit dependency on target 'FirebaseSessions' in project 'Firebase'
        ➜ Explicit dependency on target 'FirebaseRemoteConfigInterop' in project 'Firebase'
        ➜ Explicit dependency on target 'FirebaseCrashlyticsSwift' in project 'Firebase'
        ➜ Explicit dependency on target 'GULNSData' in project 'GoogleUtilities'
        ➜ Explicit dependency on target 'GULEnvironment' in project 'GoogleUtilities'
        ➜ Explicit dependency on target 'GULLogger' in project 'GoogleUtilities'
        ➜ Explicit dependency on target 'FBLPromises' in project 'Promises'
        ➜ Explicit dependency on target 'GULUserDefaults' in project 'GoogleUtilities'
        ➜ Explicit dependency on target 'nanopb' in project 'nanopb'
        ➜ Explicit dependency on target 'Promises' in project 'Promises'
        ➜ Explicit dependency on target 'GoogleDataTransport' in project 'GoogleDataTransport'
    Target 'FirebaseCrashlyticsSwift' in project 'Firebase'
        ➜ Explicit dependency on target 'Firebase_FirebaseCrashlyticsSwift' in project 'Firebase'
        ➜ Explicit dependency on target 'FirebaseRemoteConfigInterop' in project 'Firebase'
    Target 'Firebase_FirebaseCrashlyticsSwift' in project 'Firebase' (no dependencies)
    Target 'FirebaseRemoteConfigInterop' in project 'Firebase' (no dependencies)
    Target 'FirebaseSessions' in project 'Firebase'
        ➜ Explicit dependency on target 'Firebase' in project 'Firebase'
        ➜ Explicit dependency on target 'FirebaseCoreInternal' in project 'Firebase'
        ➜ Explicit dependency on target 'FirebaseCore' in project 'Firebase'
        ➜ Explicit dependency on target 'FirebaseInstallations' in project 'Firebase'
        ➜ Explicit dependency on target 'FirebaseCoreExtension' in project 'Firebase'
        ➜ Explicit dependency on target 'FirebaseSessionsObjC' in project 'Firebase'
        ➜ Explicit dependency on target 'GULNSData' in project 'GoogleUtilities'
        ➜ Explicit dependency on target 'GULEnvironment' in project 'GoogleUtilities'
        ➜ Explicit dependency on target 'GULLogger' in project 'GoogleUtilities'
        ➜ Explicit dependency on target 'FBLPromises' in project 'Promises'
        ➜ Explicit dependency on target 'GULUserDefaults' in project 'GoogleUtilities'
        ➜ Explicit dependency on target 'nanopb' in project 'nanopb'
        ➜ Explicit dependency on target 'Promises' in project 'Promises'
        ➜ Explicit dependency on target 'GoogleDataTransport' in project 'GoogleDataTransport'
    Target 'GoogleDataTransport' in project 'GoogleDataTransport'
        ➜ Explicit dependency on target 'GoogleDataTransport' in project 'GoogleDataTransport'
        ➜ Explicit dependency on target 'GoogleDataTransport_GoogleDataTransport' in project 'GoogleDataTransport'
        ➜ Explicit dependency on target 'nanopb' in project 'nanopb'
        ➜ Explicit dependency on target 'FBLPromises' in project 'Promises'
    Target 'GoogleDataTransport' in project 'GoogleDataTransport'
        ➜ Explicit dependency on target 'GoogleDataTransport_GoogleDataTransport' in project 'GoogleDataTransport'
        ➜ Explicit dependency on target 'nanopb' in project 'nanopb'
        ➜ Explicit dependency on target 'FBLPromises' in project 'Promises'
    Target 'GoogleDataTransport_GoogleDataTransport' in project 'GoogleDataTransport' (no dependencies)
    Target 'Promises' in project 'Promises'
        ➜ Explicit dependency on target 'Promises' in project 'Promises'
        ➜ Explicit dependency on target 'Promises_Promises' in project 'Promises'
        ➜ Explicit dependency on target 'FBLPromises' in project 'Promises'
    Target 'Promises' in project 'Promises'
        ➜ Explicit dependency on target 'Promises_Promises' in project 'Promises'
        ➜ Explicit dependency on target 'FBLPromises' in project 'Promises'
    Target 'Promises_Promises' in project 'Promises' (no dependencies)
    Target 'FirebaseSessionsObjC' in project 'Firebase'
        ➜ Explicit dependency on target 'Firebase' in project 'Firebase'
        ➜ Explicit dependency on target 'FirebaseCoreInternal' in project 'Firebase'
        ➜ Explicit dependency on target 'FirebaseCore' in project 'Firebase'
        ➜ Explicit dependency on target 'FirebaseCoreExtension' in project 'Firebase'
        ➜ Explicit dependency on target 'GULNSData' in project 'GoogleUtilities'
        ➜ Explicit dependency on target 'GULEnvironment' in project 'GoogleUtilities'
        ➜ Explicit dependency on target 'GULLogger' in project 'GoogleUtilities'
        ➜ Explicit dependency on target 'nanopb' in project 'nanopb'
    Target 'Firebase_FirebaseCrashlytics' in project 'Firebase' (no dependencies)
    Target 'FirebaseAI' in project 'Firebase'
        ➜ Explicit dependency on target 'FirebaseAI' in project 'Firebase'
        ➜ Explicit dependency on target 'FirebaseAILogic' in project 'Firebase'
        ➜ Explicit dependency on target 'FirebaseAppCheckInterop' in project 'Firebase'
        ➜ Explicit dependency on target 'FirebaseAuthInterop' in project 'Firebase'
        ➜ Explicit dependency on target 'Firebase' in project 'Firebase'
        ➜ Explicit dependency on target 'FirebaseCoreInternal' in project 'Firebase'
        ➜ Explicit dependency on target 'FirebaseCore' in project 'Firebase'
        ➜ Explicit dependency on target 'FirebaseCoreExtension' in project 'Firebase'
        ➜ Explicit dependency on target 'GULNSData' in project 'GoogleUtilities'
        ➜ Explicit dependency on target 'GULEnvironment' in project 'GoogleUtilities'
        ➜ Explicit dependency on target 'GULLogger' in project 'GoogleUtilities'
    Target 'FirebaseAI' in project 'Firebase'
        ➜ Explicit dependency on target 'FirebaseAppCheckInterop' in project 'Firebase'
        ➜ Explicit dependency on target 'FirebaseAuthInterop' in project 'Firebase'
        ➜ Explicit dependency on target 'Firebase' in project 'Firebase'
        ➜ Explicit dependency on target 'FirebaseCoreInternal' in project 'Firebase'
        ➜ Explicit dependency on target 'FirebaseCore' in project 'Firebase'
        ➜ Explicit dependency on target 'FirebaseCoreExtension' in project 'Firebase'
        ➜ Explicit dependency on target 'FirebaseAILogic' in project 'Firebase'
        ➜ Explicit dependency on target 'GULNSData' in project 'GoogleUtilities'
        ➜ Explicit dependency on target 'GULEnvironment' in project 'GoogleUtilities'
        ➜ Explicit dependency on target 'GULLogger' in project 'GoogleUtilities'
    Target 'FirebaseInAppMessaging-Beta' in project 'Firebase'
        ➜ Explicit dependency on target 'FirebaseInAppMessagingTarget' in project 'Firebase'
        ➜ Explicit dependency on target 'Firebase' in project 'Firebase'
        ➜ Explicit dependency on target 'FirebaseCoreInternal' in project 'Firebase'
        ➜ Explicit dependency on target 'FirebaseCore' in project 'Firebase'
        ➜ Explicit dependency on target 'FirebaseInstallations' in project 'Firebase'
        ➜ Explicit dependency on target 'FirebaseABTesting' in project 'Firebase'
        ➜ Explicit dependency on target 'FirebaseInAppMessaging_iOS' in project 'Firebase'
        ➜ Explicit dependency on target 'FirebaseInAppMessagingInternal' in project 'Firebase'
        ➜ Explicit dependency on target 'FirebaseInAppMessaging' in project 'Firebase'
        ➜ Explicit dependency on target 'GULNSData' in project 'GoogleUtilities'
        ➜ Explicit dependency on target 'GULEnvironment' in project 'GoogleUtilities'
        ➜ Explicit dependency on target 'GULLogger' in project 'GoogleUtilities'
        ➜ Explicit dependency on target 'FBLPromises' in project 'Promises'
        ➜ Explicit dependency on target 'GULUserDefaults' in project 'GoogleUtilities'
        ➜ Explicit dependency on target 'nanopb' in project 'nanopb'
    Target 'FirebaseInAppMessagingTarget' in project 'Firebase'
        ➜ Explicit dependency on target 'Firebase' in project 'Firebase'
        ➜ Explicit dependency on target 'FirebaseCoreInternal' in project 'Firebase'
        ➜ Explicit dependency on target 'FirebaseCore' in project 'Firebase'
        ➜ Explicit dependency on target 'FirebaseInstallations' in project 'Firebase'
        ➜ Explicit dependency on target 'FirebaseABTesting' in project 'Firebase'
        ➜ Explicit dependency on target 'FirebaseInAppMessaging_iOS' in project 'Firebase'
        ➜ Explicit dependency on target 'FirebaseInAppMessagingInternal' in project 'Firebase'
        ➜ Explicit dependency on target 'FirebaseInAppMessaging' in project 'Firebase'
        ➜ Explicit dependency on target 'GULNSData' in project 'GoogleUtilities'
        ➜ Explicit dependency on target 'GULEnvironment' in project 'GoogleUtilities'
        ➜ Explicit dependency on target 'GULLogger' in project 'GoogleUtilities'
        ➜ Explicit dependency on target 'FBLPromises' in project 'Promises'
        ➜ Explicit dependency on target 'GULUserDefaults' in project 'GoogleUtilities'
        ➜ Explicit dependency on target 'nanopb' in project 'nanopb'
    Target 'FirebaseInAppMessaging' in project 'Firebase'
        ➜ Explicit dependency on target 'Firebase' in project 'Firebase'
        ➜ Explicit dependency on target 'FirebaseCoreInternal' in project 'Firebase'
        ➜ Explicit dependency on target 'FirebaseCore' in project 'Firebase'
        ➜ Explicit dependency on target 'FirebaseInstallations' in project 'Firebase'
        ➜ Explicit dependency on target 'FirebaseABTesting' in project 'Firebase'
        ➜ Explicit dependency on target 'FirebaseInAppMessaging_iOS' in project 'Firebase'
        ➜ Explicit dependency on target 'FirebaseInAppMessagingInternal' in project 'Firebase'
        ➜ Explicit dependency on target 'GULNSData' in project 'GoogleUtilities'
        ➜ Explicit dependency on target 'GULEnvironment' in project 'GoogleUtilities'
        ➜ Explicit dependency on target 'GULLogger' in project 'GoogleUtilities'
        ➜ Explicit dependency on target 'FBLPromises' in project 'Promises'
        ➜ Explicit dependency on target 'GULUserDefaults' in project 'GoogleUtilities'
        ➜ Explicit dependency on target 'nanopb' in project 'nanopb'
    Target 'FirebaseInAppMessagingInternal' in project 'Firebase'
        ➜ Explicit dependency on target 'Firebase' in project 'Firebase'
        ➜ Explicit dependency on target 'FirebaseCoreInternal' in project 'Firebase'
        ➜ Explicit dependency on target 'FirebaseCore' in project 'Firebase'
        ➜ Explicit dependency on target 'FirebaseInstallations' in project 'Firebase'
        ➜ Explicit dependency on target 'FirebaseABTesting' in project 'Firebase'
        ➜ Explicit dependency on target 'FirebaseInAppMessaging_iOS' in project 'Firebase'
        ➜ Explicit dependency on target 'GULNSData' in project 'GoogleUtilities'
        ➜ Explicit dependency on target 'GULEnvironment' in project 'GoogleUtilities'
        ➜ Explicit dependency on target 'GULLogger' in project 'GoogleUtilities'
        ➜ Explicit dependency on target 'FBLPromises' in project 'Promises'
        ➜ Explicit dependency on target 'GULUserDefaults' in project 'GoogleUtilities'
        ➜ Explicit dependency on target 'nanopb' in project 'nanopb'
    Target 'FirebaseInAppMessaging_iOS' in project 'Firebase'
        ➜ Explicit dependency on target 'Firebase_FirebaseInAppMessaging_iOS' in project 'Firebase'
    Target 'Firebase_FirebaseInAppMessaging_iOS' in project 'Firebase' (no dependencies)
    Target 'FirebaseABTesting' in project 'Firebase'
        ➜ Explicit dependency on target 'Firebase_FirebaseABTesting' in project 'Firebase'
        ➜ Explicit dependency on target 'Firebase' in project 'Firebase'
        ➜ Explicit dependency on target 'FirebaseCoreInternal' in project 'Firebase'
        ➜ Explicit dependency on target 'FirebaseCore' in project 'Firebase'
        ➜ Explicit dependency on target 'GULNSData' in project 'GoogleUtilities'
        ➜ Explicit dependency on target 'GULEnvironment' in project 'GoogleUtilities'
        ➜ Explicit dependency on target 'GULLogger' in project 'GoogleUtilities'
    Target 'Firebase_FirebaseABTesting' in project 'Firebase' (no dependencies)
    Target 'FirebaseAnalyticsIdentitySupport' in project 'Firebase'
        ➜ Explicit dependency on target 'FirebaseAnalyticsIdentitySupportTarget' in project 'Firebase'
        ➜ Explicit dependency on target 'Firebase' in project 'Firebase'
        ➜ Explicit dependency on target 'FirebaseCoreInternal' in project 'Firebase'
        ➜ Explicit dependency on target 'FirebaseCore' in project 'Firebase'
        ➜ Explicit dependency on target 'FirebaseInstallations' in project 'Firebase'
        ➜ Explicit dependency on target 'GULNSData' in project 'GoogleUtilities'
        ➜ Explicit dependency on target 'GULEnvironment' in project 'GoogleUtilities'
        ➜ Explicit dependency on target 'GULLogger' in project 'GoogleUtilities'
        ➜ Explicit dependency on target 'FBLPromises' in project 'Promises'
        ➜ Explicit dependency on target 'GULUserDefaults' in project 'GoogleUtilities'
        ➜ Explicit dependency on target 'GoogleAppMeasurementIdentitySupport' in project 'GoogleAppMeasurement'
        ➜ Explicit dependency on target 'GULAppDelegateSwizzler' in project 'GoogleUtilities'
        ➜ Explicit dependency on target 'GULMethodSwizzler' in project 'GoogleUtilities'
        ➜ Explicit dependency on target 'GULNetwork' in project 'GoogleUtilities'
        ➜ Explicit dependency on target 'nanopb' in project 'nanopb'
    Target 'FirebaseAnalyticsIdentitySupportTarget' in project 'Firebase'
        ➜ Explicit dependency on target 'Firebase' in project 'Firebase'
        ➜ Explicit dependency on target 'FirebaseCoreInternal' in project 'Firebase'
        ➜ Explicit dependency on target 'FirebaseCore' in project 'Firebase'
        ➜ Explicit dependency on target 'FirebaseInstallations' in project 'Firebase'
        ➜ Explicit dependency on target 'GULNSData' in project 'GoogleUtilities'
        ➜ Explicit dependency on target 'GULEnvironment' in project 'GoogleUtilities'
        ➜ Explicit dependency on target 'GULLogger' in project 'GoogleUtilities'
        ➜ Explicit dependency on target 'FBLPromises' in project 'Promises'
        ➜ Explicit dependency on target 'GULUserDefaults' in project 'GoogleUtilities'
        ➜ Explicit dependency on target 'GoogleAppMeasurementIdentitySupport' in project 'GoogleAppMeasurement'
        ➜ Explicit dependency on target 'GULAppDelegateSwizzler' in project 'GoogleUtilities'
        ➜ Explicit dependency on target 'GULMethodSwizzler' in project 'GoogleUtilities'
        ➜ Explicit dependency on target 'GULNetwork' in project 'GoogleUtilities'
        ➜ Explicit dependency on target 'nanopb' in project 'nanopb'
    Target 'GoogleAppMeasurementIdentitySupport' in project 'GoogleAppMeasurement'
        ➜ Explicit dependency on target 'GoogleAppMeasurementIdentitySupportTarget' in project 'GoogleAppMeasurement'
        ➜ Explicit dependency on target 'GULAppDelegateSwizzler' in project 'GoogleUtilities'
        ➜ Explicit dependency on target 'GULMethodSwizzler' in project 'GoogleUtilities'
        ➜ Explicit dependency on target 'GULNSData' in project 'GoogleUtilities'
        ➜ Explicit dependency on target 'GULNetwork' in project 'GoogleUtilities'
        ➜ Explicit dependency on target 'GULLogger' in project 'GoogleUtilities'
        ➜ Explicit dependency on target 'GULEnvironment' in project 'GoogleUtilities'
        ➜ Explicit dependency on target 'nanopb' in project 'nanopb'
    Target 'GoogleAppMeasurementIdentitySupportTarget' in project 'GoogleAppMeasurement'
        ➜ Explicit dependency on target 'GULAppDelegateSwizzler' in project 'GoogleUtilities'
        ➜ Explicit dependency on target 'GULMethodSwizzler' in project 'GoogleUtilities'
        ➜ Explicit dependency on target 'GULNSData' in project 'GoogleUtilities'
        ➜ Explicit dependency on target 'GULNetwork' in project 'GoogleUtilities'
        ➜ Explicit dependency on target 'GULLogger' in project 'GoogleUtilities'
        ➜ Explicit dependency on target 'GULEnvironment' in project 'GoogleUtilities'
        ➜ Explicit dependency on target 'nanopb' in project 'nanopb'
    Target 'GULNetwork' in project 'GoogleUtilities'
        ➜ Explicit dependency on target 'GoogleUtilities-Network' in project 'GoogleUtilities'
        ➜ Explicit dependency on target 'GoogleUtilities_GoogleUtilities-Network' in project 'GoogleUtilities'
        ➜ Explicit dependency on target 'third-party-IsAppEncrypted' in project 'GoogleUtilities'
        ➜ Explicit dependency on target 'GoogleUtilities-Environment' in project 'GoogleUtilities'
        ➜ Explicit dependency on target 'GoogleUtilities-Logger' in project 'GoogleUtilities'
        ➜ Explicit dependency on target 'GoogleUtilities-NSData' in project 'GoogleUtilities'
        ➜ Explicit dependency on target 'GoogleUtilities-Reachability' in project 'GoogleUtilities'
    Target 'GULMethodSwizzler' in project 'GoogleUtilities'
        ➜ Explicit dependency on target 'GoogleUtilities-MethodSwizzler' in project 'GoogleUtilities'
        ➜ Explicit dependency on target 'GoogleUtilities_GoogleUtilities-MethodSwizzler' in project 'GoogleUtilities'
        ➜ Explicit dependency on target 'third-party-IsAppEncrypted' in project 'GoogleUtilities'
        ➜ Explicit dependency on target 'GoogleUtilities-Environment' in project 'GoogleUtilities'
        ➜ Explicit dependency on target 'GoogleUtilities-Logger' in project 'GoogleUtilities'
    Target 'GoogleUtilities-MethodSwizzler' in project 'GoogleUtilities'
        ➜ Explicit dependency on target 'GoogleUtilities_GoogleUtilities-MethodSwizzler' in project 'GoogleUtilities'
        ➜ Explicit dependency on target 'third-party-IsAppEncrypted' in project 'GoogleUtilities'
        ➜ Explicit dependency on target 'GoogleUtilities-Environment' in project 'GoogleUtilities'
        ➜ Explicit dependency on target 'GoogleUtilities-Logger' in project 'GoogleUtilities'
    Target 'GoogleUtilities_GoogleUtilities-MethodSwizzler' in project 'GoogleUtilities' (no dependencies)
    Target 'FirebaseAILogic' in project 'Firebase'
        ➜ Explicit dependency on target 'FirebaseAILogic' in project 'Firebase'
        ➜ Explicit dependency on target 'FirebaseAppCheckInterop' in project 'Firebase'
        ➜ Explicit dependency on target 'FirebaseAuthInterop' in project 'Firebase'
        ➜ Explicit dependency on target 'Firebase' in project 'Firebase'
        ➜ Explicit dependency on target 'FirebaseCoreInternal' in project 'Firebase'
        ➜ Explicit dependency on target 'FirebaseCore' in project 'Firebase'
        ➜ Explicit dependency on target 'FirebaseCoreExtension' in project 'Firebase'
        ➜ Explicit dependency on target 'GULNSData' in project 'GoogleUtilities'
        ➜ Explicit dependency on target 'GULEnvironment' in project 'GoogleUtilities'
        ➜ Explicit dependency on target 'GULLogger' in project 'GoogleUtilities'
    Target 'FirebaseAILogic' in project 'Firebase'
        ➜ Explicit dependency on target 'FirebaseAppCheckInterop' in project 'Firebase'
        ➜ Explicit dependency on target 'FirebaseAuthInterop' in project 'Firebase'
        ➜ Explicit dependency on target 'Firebase' in project 'Firebase'
        ➜ Explicit dependency on target 'FirebaseCoreInternal' in project 'Firebase'
        ➜ Explicit dependency on target 'FirebaseCore' in project 'Firebase'
        ➜ Explicit dependency on target 'FirebaseCoreExtension' in project 'Firebase'
        ➜ Explicit dependency on target 'GULNSData' in project 'GoogleUtilities'
        ➜ Explicit dependency on target 'GULEnvironment' in project 'GoogleUtilities'
        ➜ Explicit dependency on target 'GULLogger' in project 'GoogleUtilities'
    Target 'FirebaseInstallations' in project 'Firebase'
        ➜ Explicit dependency on target 'FirebaseInstallations' in project 'Firebase'
        ➜ Explicit dependency on target 'Firebase_FirebaseInstallations' in project 'Firebase'
        ➜ Explicit dependency on target 'Firebase' in project 'Firebase'
        ➜ Explicit dependency on target 'FirebaseCoreInternal' in project 'Firebase'
        ➜ Explicit dependency on target 'FirebaseCore' in project 'Firebase'
        ➜ Explicit dependency on target 'GULNSData' in project 'GoogleUtilities'
        ➜ Explicit dependency on target 'GULEnvironment' in project 'GoogleUtilities'
        ➜ Explicit dependency on target 'GULLogger' in project 'GoogleUtilities'
        ➜ Explicit dependency on target 'FBLPromises' in project 'Promises'
        ➜ Explicit dependency on target 'GULUserDefaults' in project 'GoogleUtilities'
    Target 'FirebaseAuthCombine-Community' in project 'Firebase'
        ➜ Explicit dependency on target 'FirebaseAuthCombineSwift' in project 'Firebase'
        ➜ Explicit dependency on target 'FirebaseAppCheckInterop' in project 'Firebase'
        ➜ Explicit dependency on target 'FirebaseAuthInterop' in project 'Firebase'
        ➜ Explicit dependency on target 'FirebaseAuthInternal' in project 'Firebase'
        ➜ Explicit dependency on target 'Firebase' in project 'Firebase'
        ➜ Explicit dependency on target 'FirebaseCoreInternal' in project 'Firebase'
        ➜ Explicit dependency on target 'FirebaseCore' in project 'Firebase'
        ➜ Explicit dependency on target 'FirebaseCoreExtension' in project 'Firebase'
        ➜ Explicit dependency on target 'FirebaseAuth' in project 'Firebase'
        ➜ Explicit dependency on target 'RecaptchaInterop' in project 'InteropForGoogle'
        ➜ Explicit dependency on target 'GULNSData' in project 'GoogleUtilities'
        ➜ Explicit dependency on target 'GULEnvironment' in project 'GoogleUtilities'
        ➜ Explicit dependency on target 'GULLogger' in project 'GoogleUtilities'
        ➜ Explicit dependency on target 'GULAppDelegateSwizzler' in project 'GoogleUtilities'
        ➜ Explicit dependency on target 'GTMSessionFetcherCore' in project 'GTMSessionFetcher'
    Target 'FirebaseAuthCombineSwift' in project 'Firebase'
        ➜ Explicit dependency on target 'FirebaseAppCheckInterop' in project 'Firebase'
        ➜ Explicit dependency on target 'FirebaseAuthInterop' in project 'Firebase'
        ➜ Explicit dependency on target 'FirebaseAuthInternal' in project 'Firebase'
        ➜ Explicit dependency on target 'Firebase' in project 'Firebase'
        ➜ Explicit dependency on target 'FirebaseCoreInternal' in project 'Firebase'
        ➜ Explicit dependency on target 'FirebaseCore' in project 'Firebase'
        ➜ Explicit dependency on target 'FirebaseCoreExtension' in project 'Firebase'
        ➜ Explicit dependency on target 'FirebaseAuth' in project 'Firebase'
        ➜ Explicit dependency on target 'RecaptchaInterop' in project 'InteropForGoogle'
        ➜ Explicit dependency on target 'GULNSData' in project 'GoogleUtilities'
        ➜ Explicit dependency on target 'GULEnvironment' in project 'GoogleUtilities'
        ➜ Explicit dependency on target 'GULLogger' in project 'GoogleUtilities'
        ➜ Explicit dependency on target 'GULAppDelegateSwizzler' in project 'GoogleUtilities'
        ➜ Explicit dependency on target 'GTMSessionFetcherCore' in project 'GTMSessionFetcher'
    Target 'FirebaseAuth' in project 'Firebase'
        ➜ Explicit dependency on target 'Firebase_FirebaseAuth' in project 'Firebase'
        ➜ Explicit dependency on target 'FirebaseAppCheckInterop' in project 'Firebase'
        ➜ Explicit dependency on target 'FirebaseAuthInterop' in project 'Firebase'
        ➜ Explicit dependency on target 'FirebaseAuthInternal' in project 'Firebase'
        ➜ Explicit dependency on target 'Firebase' in project 'Firebase'
        ➜ Explicit dependency on target 'FirebaseCoreInternal' in project 'Firebase'
        ➜ Explicit dependency on target 'FirebaseCore' in project 'Firebase'
        ➜ Explicit dependency on target 'FirebaseCoreExtension' in project 'Firebase'
        ➜ Explicit dependency on target 'RecaptchaInterop' in project 'InteropForGoogle'
        ➜ Explicit dependency on target 'GULNSData' in project 'GoogleUtilities'
        ➜ Explicit dependency on target 'GULEnvironment' in project 'GoogleUtilities'
        ➜ Explicit dependency on target 'GULLogger' in project 'GoogleUtilities'
        ➜ Explicit dependency on target 'GULAppDelegateSwizzler' in project 'GoogleUtilities'
        ➜ Explicit dependency on target 'GTMSessionFetcherCore' in project 'GTMSessionFetcher'
    Target 'GTMSessionFetcherCore' in project 'GTMSessionFetcher'
        ➜ Explicit dependency on target 'GTMSessionFetcherCore' in project 'GTMSessionFetcher'
        ➜ Explicit dependency on target 'GTMSessionFetcher_GTMSessionFetcherCore' in project 'GTMSessionFetcher'
    Target 'GTMSessionFetcherCore' in project 'GTMSessionFetcher'
        ➜ Explicit dependency on target 'GTMSessionFetcher_GTMSessionFetcherCore' in project 'GTMSessionFetcher'
    Target 'GTMSessionFetcher_GTMSessionFetcherCore' in project 'GTMSessionFetcher' (no dependencies)
    Target 'Firebase_FirebaseAuth' in project 'Firebase' (no dependencies)
    Target 'FirebaseAuthInternal' in project 'Firebase'
        ➜ Explicit dependency on target 'RecaptchaInterop' in project 'InteropForGoogle'
    Target 'RecaptchaInterop' in project 'InteropForGoogle'
        ➜ Explicit dependency on target 'RecaptchaInterop' in project 'InteropForGoogle'
    Target 'RecaptchaInterop' in project 'InteropForGoogle' (no dependencies)
    Target 'FirebaseAuthInterop' in project 'Firebase' (no dependencies)
    Target 'FirebaseFirestore' in project 'Firebase'
        ➜ Explicit dependency on target 'FirebaseFirestoreTarget' in project 'Firebase'
        ➜ Explicit dependency on target 'FirebaseFirestoreInternalWrapper' in project 'Firebase'
        ➜ Explicit dependency on target 'FirebaseAppCheckInterop' in project 'Firebase'
        ➜ Explicit dependency on target 'Firebase' in project 'Firebase'
        ➜ Explicit dependency on target 'FirebaseCoreInternal' in project 'Firebase'
        ➜ Explicit dependency on target 'FirebaseCore' in project 'Firebase'
        ➜ Explicit dependency on target 'FirebaseCoreExtension' in project 'Firebase'
        ➜ Explicit dependency on target 'FirebaseSharedSwift' in project 'Firebase'
        ➜ Explicit dependency on target 'FirebaseFirestore' in project 'Firebase'
        ➜ Explicit dependency on target 'GULNSData' in project 'GoogleUtilities'
        ➜ Explicit dependency on target 'GULEnvironment' in project 'GoogleUtilities'
        ➜ Explicit dependency on target 'GULLogger' in project 'GoogleUtilities'
        ➜ Explicit dependency on target 'abseil' in project 'abseil'
        ➜ Explicit dependency on target 'gRPC-C++' in project 'gRPC'
        ➜ Explicit dependency on target 'nanopb' in project 'nanopb'
        ➜ Explicit dependency on target 'leveldb' in project 'leveldb'
    Target 'FirebaseFirestoreTarget' in project 'Firebase'
        ➜ Explicit dependency on target 'FirebaseFirestoreInternalWrapper' in project 'Firebase'
        ➜ Explicit dependency on target 'FirebaseAppCheckInterop' in project 'Firebase'
        ➜ Explicit dependency on target 'Firebase' in project 'Firebase'
        ➜ Explicit dependency on target 'FirebaseCoreInternal' in project 'Firebase'
        ➜ Explicit dependency on target 'FirebaseCore' in project 'Firebase'
        ➜ Explicit dependency on target 'FirebaseCoreExtension' in project 'Firebase'
        ➜ Explicit dependency on target 'FirebaseSharedSwift' in project 'Firebase'
        ➜ Explicit dependency on target 'FirebaseFirestore' in project 'Firebase'
        ➜ Explicit dependency on target 'GULNSData' in project 'GoogleUtilities'
        ➜ Explicit dependency on target 'GULEnvironment' in project 'GoogleUtilities'
        ➜ Explicit dependency on target 'GULLogger' in project 'GoogleUtilities'
        ➜ Explicit dependency on target 'abseil' in project 'abseil'
        ➜ Explicit dependency on target 'gRPC-C++' in project 'gRPC'
        ➜ Explicit dependency on target 'nanopb' in project 'nanopb'
        ➜ Explicit dependency on target 'leveldb' in project 'leveldb'
    Target 'FirebaseFirestore' in project 'Firebase'
        ➜ Explicit dependency on target 'Firebase_FirebaseFirestore' in project 'Firebase'
        ➜ Explicit dependency on target 'FirebaseFirestoreInternalWrapper' in project 'Firebase'
        ➜ Explicit dependency on target 'FirebaseAppCheckInterop' in project 'Firebase'
        ➜ Explicit dependency on target 'Firebase' in project 'Firebase'
        ➜ Explicit dependency on target 'FirebaseCoreInternal' in project 'Firebase'
        ➜ Explicit dependency on target 'FirebaseCore' in project 'Firebase'
        ➜ Explicit dependency on target 'FirebaseCoreExtension' in project 'Firebase'
        ➜ Explicit dependency on target 'FirebaseSharedSwift' in project 'Firebase'
        ➜ Explicit dependency on target 'GULNSData' in project 'GoogleUtilities'
        ➜ Explicit dependency on target 'GULEnvironment' in project 'GoogleUtilities'
        ➜ Explicit dependency on target 'GULLogger' in project 'GoogleUtilities'
        ➜ Explicit dependency on target 'abseil' in project 'abseil'
        ➜ Explicit dependency on target 'gRPC-C++' in project 'gRPC'
        ➜ Explicit dependency on target 'nanopb' in project 'nanopb'
        ➜ Explicit dependency on target 'leveldb' in project 'leveldb'
    Target 'leveldb' in project 'leveldb'
        ➜ Explicit dependency on target 'leveldb' in project 'leveldb'
        ➜ Explicit dependency on target 'leveldb_leveldb' in project 'leveldb'
    Target 'leveldb' in project 'leveldb'
        ➜ Explicit dependency on target 'leveldb_leveldb' in project 'leveldb'
    Target 'leveldb_leveldb' in project 'leveldb' (no dependencies)
    Target 'nanopb' in project 'nanopb'
        ➜ Explicit dependency on target 'nanopb' in project 'nanopb'
        ➜ Explicit dependency on target 'nanopb_nanopb' in project 'nanopb'
    Target 'nanopb' in project 'nanopb'
        ➜ Explicit dependency on target 'nanopb_nanopb' in project 'nanopb'
    Target 'nanopb_nanopb' in project 'nanopb' (no dependencies)
    Target 'gRPC-C++' in project 'gRPC'
        ➜ Explicit dependency on target 'grpcppWrapper' in project 'gRPC'
        ➜ Explicit dependency on target 'gRPC_grpcppWrapper' in project 'gRPC'
        ➜ Explicit dependency on target 'grpcWrapper' in project 'gRPC'
        ➜ Explicit dependency on target 'opensslWrapper' in project 'gRPC'
        ➜ Explicit dependency on target 'abseil' in project 'abseil'
    Target 'grpcppWrapper' in project 'gRPC'
        ➜ Explicit dependency on target 'gRPC_grpcppWrapper' in project 'gRPC'
        ➜ Explicit dependency on target 'grpcWrapper' in project 'gRPC'
        ➜ Explicit dependency on target 'opensslWrapper' in project 'gRPC'
        ➜ Explicit dependency on target 'abseil' in project 'abseil'
    Target 'opensslWrapper' in project 'gRPC'
        ➜ Explicit dependency on target 'gRPC_opensslWrapper' in project 'gRPC'
    Target 'gRPC_opensslWrapper' in project 'gRPC' (no dependencies)
    Target 'grpcWrapper' in project 'gRPC'
        ➜ Explicit dependency on target 'gRPC_grpcWrapper' in project 'gRPC'
    Target 'gRPC_grpcWrapper' in project 'gRPC' (no dependencies)
    Target 'gRPC_grpcppWrapper' in project 'gRPC' (no dependencies)
    Target 'abseil' in project 'abseil'
        ➜ Explicit dependency on target 'abslWrapper' in project 'abseil'
        ➜ Explicit dependency on target 'abseil_abslWrapper' in project 'abseil'
    Target 'abslWrapper' in project 'abseil'
        ➜ Explicit dependency on target 'abseil_abslWrapper' in project 'abseil'
    Target 'abseil_abslWrapper' in project 'abseil' (no dependencies)
    Target 'Firebase_FirebaseFirestore' in project 'Firebase' (no dependencies)
    Target 'FirebaseSharedSwift' in project 'Firebase' (no dependencies)
    Target 'FirebaseCoreExtension' in project 'Firebase'
        ➜ Explicit dependency on target 'Firebase_FirebaseCoreExtension' in project 'Firebase'
    Target 'Firebase_FirebaseCoreExtension' in project 'Firebase' (no dependencies)
    Target 'FirebaseAppCheckInterop' in project 'Firebase' (no dependencies)
    Target 'FirebaseFirestoreInternalWrapper' in project 'Firebase' (no dependencies)
    Target 'FirebaseAppDistribution-Beta' in project 'Firebase'
        ➜ Explicit dependency on target 'FirebaseAppDistributionTarget' in project 'Firebase'
        ➜ Explicit dependency on target 'Firebase' in project 'Firebase'
        ➜ Explicit dependency on target 'FirebaseCoreInternal' in project 'Firebase'
        ➜ Explicit dependency on target 'FirebaseCore' in project 'Firebase'
        ➜ Explicit dependency on target 'FirebaseInstallations' in project 'Firebase'
        ➜ Explicit dependency on target 'FirebaseAppDistribution' in project 'Firebase'
        ➜ Explicit dependency on target 'GULNSData' in project 'GoogleUtilities'
        ➜ Explicit dependency on target 'GULEnvironment' in project 'GoogleUtilities'
        ➜ Explicit dependency on target 'GULLogger' in project 'GoogleUtilities'
        ➜ Explicit dependency on target 'FBLPromises' in project 'Promises'
        ➜ Explicit dependency on target 'GULUserDefaults' in project 'GoogleUtilities'
        ➜ Explicit dependency on target 'GULAppDelegateSwizzler' in project 'GoogleUtilities'
    Target 'FirebaseAppDistributionTarget' in project 'Firebase'
        ➜ Explicit dependency on target 'Firebase' in project 'Firebase'
        ➜ Explicit dependency on target 'FirebaseCoreInternal' in project 'Firebase'
        ➜ Explicit dependency on target 'FirebaseCore' in project 'Firebase'
        ➜ Explicit dependency on target 'FirebaseInstallations' in project 'Firebase'
        ➜ Explicit dependency on target 'FirebaseAppDistribution' in project 'Firebase'
        ➜ Explicit dependency on target 'GULNSData' in project 'GoogleUtilities'
        ➜ Explicit dependency on target 'GULEnvironment' in project 'GoogleUtilities'
        ➜ Explicit dependency on target 'GULLogger' in project 'GoogleUtilities'
        ➜ Explicit dependency on target 'FBLPromises' in project 'Promises'
        ➜ Explicit dependency on target 'GULUserDefaults' in project 'GoogleUtilities'
        ➜ Explicit dependency on target 'GULAppDelegateSwizzler' in project 'GoogleUtilities'
    Target 'FirebaseAppDistribution' in project 'Firebase'
        ➜ Explicit dependency on target 'Firebase' in project 'Firebase'
        ➜ Explicit dependency on target 'FirebaseCoreInternal' in project 'Firebase'
        ➜ Explicit dependency on target 'FirebaseCore' in project 'Firebase'
        ➜ Explicit dependency on target 'FirebaseInstallations' in project 'Firebase'
        ➜ Explicit dependency on target 'GULNSData' in project 'GoogleUtilities'
        ➜ Explicit dependency on target 'GULEnvironment' in project 'GoogleUtilities'
        ➜ Explicit dependency on target 'GULLogger' in project 'GoogleUtilities'
        ➜ Explicit dependency on target 'FBLPromises' in project 'Promises'
        ➜ Explicit dependency on target 'GULUserDefaults' in project 'GoogleUtilities'
        ➜ Explicit dependency on target 'GULAppDelegateSwizzler' in project 'GoogleUtilities'
    Target 'GULAppDelegateSwizzler' in project 'GoogleUtilities'
        ➜ Explicit dependency on target 'GoogleUtilities-AppDelegateSwizzler' in project 'GoogleUtilities'
        ➜ Explicit dependency on target 'GoogleUtilities_GoogleUtilities-AppDelegateSwizzler' in project 'GoogleUtilities'
        ➜ Explicit dependency on target 'third-party-IsAppEncrypted' in project 'GoogleUtilities'
        ➜ Explicit dependency on target 'GoogleUtilities-Environment' in project 'GoogleUtilities'
        ➜ Explicit dependency on target 'GoogleUtilities-Logger' in project 'GoogleUtilities'
        ➜ Explicit dependency on target 'GoogleUtilities-NSData' in project 'GoogleUtilities'
        ➜ Explicit dependency on target 'GoogleUtilities-Reachability' in project 'GoogleUtilities'
        ➜ Explicit dependency on target 'GoogleUtilities-Network' in project 'GoogleUtilities'
    Target 'GoogleUtilities-AppDelegateSwizzler' in project 'GoogleUtilities'
        ➜ Explicit dependency on target 'GoogleUtilities_GoogleUtilities-AppDelegateSwizzler' in project 'GoogleUtilities'
        ➜ Explicit dependency on target 'third-party-IsAppEncrypted' in project 'GoogleUtilities'
        ➜ Explicit dependency on target 'GoogleUtilities-Environment' in project 'GoogleUtilities'
        ➜ Explicit dependency on target 'GoogleUtilities-Logger' in project 'GoogleUtilities'
        ➜ Explicit dependency on target 'GoogleUtilities-NSData' in project 'GoogleUtilities'
        ➜ Explicit dependency on target 'GoogleUtilities-Reachability' in project 'GoogleUtilities'
        ➜ Explicit dependency on target 'GoogleUtilities-Network' in project 'GoogleUtilities'
    Target 'GoogleUtilities-Network' in project 'GoogleUtilities'
        ➜ Explicit dependency on target 'GoogleUtilities_GoogleUtilities-Network' in project 'GoogleUtilities'
        ➜ Explicit dependency on target 'third-party-IsAppEncrypted' in project 'GoogleUtilities'
        ➜ Explicit dependency on target 'GoogleUtilities-Environment' in project 'GoogleUtilities'
        ➜ Explicit dependency on target 'GoogleUtilities-Logger' in project 'GoogleUtilities'
        ➜ Explicit dependency on target 'GoogleUtilities-NSData' in project 'GoogleUtilities'
        ➜ Explicit dependency on target 'GoogleUtilities-Reachability' in project 'GoogleUtilities'
    Target 'GoogleUtilities_GoogleUtilities-Network' in project 'GoogleUtilities' (no dependencies)
    Target 'GoogleUtilities-Reachability' in project 'GoogleUtilities'
        ➜ Explicit dependency on target 'GoogleUtilities_GoogleUtilities-Reachability' in project 'GoogleUtilities'
        ➜ Explicit dependency on target 'third-party-IsAppEncrypted' in project 'GoogleUtilities'
        ➜ Explicit dependency on target 'GoogleUtilities-Environment' in project 'GoogleUtilities'
        ➜ Explicit dependency on target 'GoogleUtilities-Logger' in project 'GoogleUtilities'
    Target 'GoogleUtilities_GoogleUtilities-Reachability' in project 'GoogleUtilities' (no dependencies)
    Target 'GoogleUtilities_GoogleUtilities-AppDelegateSwizzler' in project 'GoogleUtilities' (no dependencies)
    Target 'FirebaseInstallations' in project 'Firebase'
        ➜ Explicit dependency on target 'Firebase_FirebaseInstallations' in project 'Firebase'
        ➜ Explicit dependency on target 'Firebase' in project 'Firebase'
        ➜ Explicit dependency on target 'FirebaseCoreInternal' in project 'Firebase'
        ➜ Explicit dependency on target 'FirebaseCore' in project 'Firebase'
        ➜ Explicit dependency on target 'GULNSData' in project 'GoogleUtilities'
        ➜ Explicit dependency on target 'GULEnvironment' in project 'GoogleUtilities'
        ➜ Explicit dependency on target 'GULLogger' in project 'GoogleUtilities'
        ➜ Explicit dependency on target 'FBLPromises' in project 'Promises'
        ➜ Explicit dependency on target 'GULUserDefaults' in project 'GoogleUtilities'
    Target 'GULUserDefaults' in project 'GoogleUtilities'
        ➜ Explicit dependency on target 'GoogleUtilities-UserDefaults' in project 'GoogleUtilities'
        ➜ Explicit dependency on target 'GoogleUtilities_GoogleUtilities-UserDefaults' in project 'GoogleUtilities'
        ➜ Explicit dependency on target 'third-party-IsAppEncrypted' in project 'GoogleUtilities'
        ➜ Explicit dependency on target 'GoogleUtilities-Environment' in project 'GoogleUtilities'
        ➜ Explicit dependency on target 'GoogleUtilities-Logger' in project 'GoogleUtilities'
    Target 'GoogleUtilities-UserDefaults' in project 'GoogleUtilities'
        ➜ Explicit dependency on target 'GoogleUtilities_GoogleUtilities-UserDefaults' in project 'GoogleUtilities'
        ➜ Explicit dependency on target 'third-party-IsAppEncrypted' in project 'GoogleUtilities'
        ➜ Explicit dependency on target 'GoogleUtilities-Environment' in project 'GoogleUtilities'
        ➜ Explicit dependency on target 'GoogleUtilities-Logger' in project 'GoogleUtilities'
    Target 'GoogleUtilities_GoogleUtilities-UserDefaults' in project 'GoogleUtilities' (no dependencies)
    Target 'FBLPromises' in project 'Promises'
        ➜ Explicit dependency on target 'FBLPromises' in project 'Promises'
        ➜ Explicit dependency on target 'Promises_FBLPromises' in project 'Promises'
    Target 'FBLPromises' in project 'Promises'
        ➜ Explicit dependency on target 'Promises_FBLPromises' in project 'Promises'
    Target 'Promises_FBLPromises' in project 'Promises' (no dependencies)
    Target 'Firebase_FirebaseInstallations' in project 'Firebase' (no dependencies)
    Target 'FirebaseCore' in project 'Firebase'
        ➜ Explicit dependency on target 'Firebase_FirebaseCore' in project 'Firebase'
        ➜ Explicit dependency on target 'Firebase' in project 'Firebase'
        ➜ Explicit dependency on target 'FirebaseCoreInternal' in project 'Firebase'
        ➜ Explicit dependency on target 'GULNSData' in project 'GoogleUtilities'
        ➜ Explicit dependency on target 'GULEnvironment' in project 'GoogleUtilities'
        ➜ Explicit dependency on target 'GULLogger' in project 'GoogleUtilities'
    Target 'GULLogger' in project 'GoogleUtilities'
        ➜ Explicit dependency on target 'GoogleUtilities-Logger' in project 'GoogleUtilities'
        ➜ Explicit dependency on target 'GoogleUtilities_GoogleUtilities-Logger' in project 'GoogleUtilities'
        ➜ Explicit dependency on target 'third-party-IsAppEncrypted' in project 'GoogleUtilities'
        ➜ Explicit dependency on target 'GoogleUtilities-Environment' in project 'GoogleUtilities'
    Target 'GoogleUtilities-Logger' in project 'GoogleUtilities'
        ➜ Explicit dependency on target 'GoogleUtilities_GoogleUtilities-Logger' in project 'GoogleUtilities'
        ➜ Explicit dependency on target 'third-party-IsAppEncrypted' in project 'GoogleUtilities'
        ➜ Explicit dependency on target 'GoogleUtilities-Environment' in project 'GoogleUtilities'
    Target 'GoogleUtilities_GoogleUtilities-Logger' in project 'GoogleUtilities' (no dependencies)
    Target 'GULEnvironment' in project 'GoogleUtilities'
        ➜ Explicit dependency on target 'GoogleUtilities-Environment' in project 'GoogleUtilities'
        ➜ Explicit dependency on target 'GoogleUtilities_GoogleUtilities-Environment' in project 'GoogleUtilities'
        ➜ Explicit dependency on target 'third-party-IsAppEncrypted' in project 'GoogleUtilities'
    Target 'GoogleUtilities-Environment' in project 'GoogleUtilities'
        ➜ Explicit dependency on target 'GoogleUtilities_GoogleUtilities-Environment' in project 'GoogleUtilities'
        ➜ Explicit dependency on target 'third-party-IsAppEncrypted' in project 'GoogleUtilities'
    Target 'third-party-IsAppEncrypted' in project 'GoogleUtilities' (no dependencies)
    Target 'GoogleUtilities_GoogleUtilities-Environment' in project 'GoogleUtilities' (no dependencies)
    Target 'Firebase_FirebaseCore' in project 'Firebase' (no dependencies)
    Target 'FirebaseCoreInternal' in project 'Firebase'
        ➜ Explicit dependency on target 'Firebase_FirebaseCoreInternal' in project 'Firebase'
        ➜ Explicit dependency on target 'GULNSData' in project 'GoogleUtilities'
    Target 'GULNSData' in project 'GoogleUtilities'
        ➜ Explicit dependency on target 'GoogleUtilities-NSData' in project 'GoogleUtilities'
        ➜ Explicit dependency on target 'GoogleUtilities_GoogleUtilities-NSData' in project 'GoogleUtilities'
    Target 'GoogleUtilities-NSData' in project 'GoogleUtilities'
        ➜ Explicit dependency on target 'GoogleUtilities_GoogleUtilities-NSData' in project 'GoogleUtilities'
    Target 'GoogleUtilities_GoogleUtilities-NSData' in project 'GoogleUtilities' (no dependencies)
    Target 'Firebase_FirebaseCoreInternal' in project 'Firebase' (no dependencies)
    Target 'Firebase' in project 'Firebase' (no dependencies)

GatherProvisioningInputs

CreateBuildDescription

ClangStatCache /Applications/Xcode.app/Contents/Developer/Toolchains/XcodeDefault.xctoolchain/usr/bin/clang-stat-cache /Applications/Xcode.app/Contents/Developer/Platforms/iPhoneSimulator.platform/Developer/SDKs/iPhoneSimulator26.0.sdk /Users/hyunholee/Library/Developer/Xcode/DerivedData/SDKStatCaches.noindex/iphonesimulator26.0-23A339-26257891a6c027eb51374368541b8346.sdkstatcache
    cd /Users/hyunholee/Documents/workspace/code/BamiLog/BamiLog.xcodeproj
    /Applications/Xcode.app/Contents/Developer/Toolchains/XcodeDefault.xctoolchain/usr/bin/clang-stat-cache /Applications/Xcode.app/Contents/Developer/Platforms/iPhoneSimulator.platform/Developer/SDKs/iPhoneSimulator26.0.sdk -o /Users/hyunholee/Library/Developer/Xcode/DerivedData/SDKStatCaches.noindex/iphonesimulator26.0-23A339-26257891a6c027eb51374368541b8346.sdkstatcache

Copy /Users/hyunholee/Library/Developer/Xcode/DerivedData/BamiLog-cmowuaiuamzlxlgpvixsmogdajlm/Build/Products/Debug-iphonesimulator/BamiLog.app/leveldb_leveldb.bundle /Users/hyunholee/Library/Developer/Xcode/DerivedData/BamiLog-cmowuaiuamzlxlgpvixsmogdajlm/Build/Products/Debug-iphonesimulator/leveldb_leveldb.bundle (in target 'BamiLog' from project 'BamiLog')
    cd /Users/hyunholee/Documents/workspace/code/BamiLog
    builtin-copy -exclude .DS_Store -exclude CVS -exclude .svn -exclude .git -exclude .hg -resolve-src-symlinks /Users/hyunholee/Library/Developer/Xcode/DerivedData/BamiLog-cmowuaiuamzlxlgpvixsmogdajlm/Build/Products/Debug-iphonesimulator/leveldb_leveldb.bundle /Users/hyunholee/Library/Developer/Xcode/DerivedData/BamiLog-cmowuaiuamzlxlgpvixsmogdajlm/Build/Products/Debug-iphonesimulator/BamiLog.app

Copy /Users/hyunholee/Library/Developer/Xcode/DerivedData/BamiLog-cmowuaiuamzlxlgpvixsmogdajlm/Build/Products/Debug-iphonesimulator/BamiLog.app/nanopb_nanopb.bundle /Users/hyunholee/Library/Developer/Xcode/DerivedData/BamiLog-cmowuaiuamzlxlgpvixsmogdajlm/Build/Products/Debug-iphonesimulator/nanopb_nanopb.bundle (in target 'BamiLog' from project 'BamiLog')
    cd /Users/hyunholee/Documents/workspace/code/BamiLog
    builtin-copy -exclude .DS_Store -exclude CVS -exclude .svn -exclude .git -exclude .hg -resolve-src-symlinks /Users/hyunholee/Library/Developer/Xcode/DerivedData/BamiLog-cmowuaiuamzlxlgpvixsmogdajlm/Build/Products/Debug-iphonesimulator/nanopb_nanopb.bundle /Users/hyunholee/Library/Developer/Xcode/DerivedData/BamiLog-cmowuaiuamzlxlgpvixsmogdajlm/Build/Products/Debug-iphonesimulator/BamiLog.app

Copy /Users/hyunholee/Library/Developer/Xcode/DerivedData/BamiLog-cmowuaiuamzlxlgpvixsmogdajlm/Build/Products/Debug-iphonesimulator/BamiLog.app/abseil_abslWrapper.bundle /Users/hyunholee/Library/Developer/Xcode/DerivedData/BamiLog-cmowuaiuamzlxlgpvixsmogdajlm/Build/Products/Debug-iphonesimulator/abseil_abslWrapper.bundle (in target 'BamiLog' from project 'BamiLog')
    cd /Users/hyunholee/Documents/workspace/code/BamiLog
    builtin-copy -exclude .DS_Store -exclude CVS -exclude .svn -exclude .git -exclude .hg -resolve-src-symlinks /Users/hyunholee/Library/Developer/Xcode/DerivedData/BamiLog-cmowuaiuamzlxlgpvixsmogdajlm/Build/Products/Debug-iphonesimulator/abseil_abslWrapper.bundle /Users/hyunholee/Library/Developer/Xcode/DerivedData/BamiLog-cmowuaiuamzlxlgpvixsmogdajlm/Build/Products/Debug-iphonesimulator/BamiLog.app

Copy /Users/hyunholee/Library/Developer/Xcode/DerivedData/BamiLog-cmowuaiuamzlxlgpvixsmogdajlm/Build/Products/Debug-iphonesimulator/BamiLog.app/gRPC_grpcppWrapper.bundle /Users/hyunholee/Library/Developer/Xcode/DerivedData/BamiLog-cmowuaiuamzlxlgpvixsmogdajlm/Build/Products/Debug-iphonesimulator/gRPC_grpcppWrapper.bundle (in target 'BamiLog' from project 'BamiLog')
    cd /Users/hyunholee/Documents/workspace/code/BamiLog
    builtin-copy -exclude .DS_Store -exclude CVS -exclude .svn -exclude .git -exclude .hg -resolve-src-symlinks /Users/hyunholee/Library/Developer/Xcode/DerivedData/BamiLog-cmowuaiuamzlxlgpvixsmogdajlm/Build/Products/Debug-iphonesimulator/gRPC_grpcppWrapper.bundle /Users/hyunholee/Library/Developer/Xcode/DerivedData/BamiLog-cmowuaiuamzlxlgpvixsmogdajlm/Build/Products/Debug-iphonesimulator/BamiLog.app

Copy /Users/hyunholee/Library/Developer/Xcode/DerivedData/BamiLog-cmowuaiuamzlxlgpvixsmogdajlm/Build/Products/Debug-iphonesimulator/BamiLog.app/gRPC_opensslWrapper.bundle /Users/hyunholee/Library/Developer/Xcode/DerivedData/BamiLog-cmowuaiuamzlxlgpvixsmogdajlm/Build/Products/Debug-iphonesimulator/gRPC_opensslWrapper.bundle (in target 'BamiLog' from project 'BamiLog')
    cd /Users/hyunholee/Documents/workspace/code/BamiLog
    builtin-copy -exclude .DS_Store -exclude CVS -exclude .svn -exclude .git -exclude .hg -resolve-src-symlinks /Users/hyunholee/Library/Developer/Xcode/DerivedData/BamiLog-cmowuaiuamzlxlgpvixsmogdajlm/Build/Products/Debug-iphonesimulator/gRPC_opensslWrapper.bundle /Users/hyunholee/Library/Developer/Xcode/DerivedData/BamiLog-cmowuaiuamzlxlgpvixsmogdajlm/Build/Products/Debug-iphonesimulator/BamiLog.app

Copy /Users/hyunholee/Library/Developer/Xcode/DerivedData/BamiLog-cmowuaiuamzlxlgpvixsmogdajlm/Build/Products/Debug-iphonesimulator/BamiLog.app/gRPC_grpcWrapper.bundle /Users/hyunholee/Library/Developer/Xcode/DerivedData/BamiLog-cmowuaiuamzlxlgpvixsmogdajlm/Build/Products/Debug-iphonesimulator/gRPC_grpcWrapper.bundle (in target 'BamiLog' from project 'BamiLog')
    cd /Users/hyunholee/Documents/workspace/code/BamiLog
    builtin-copy -exclude .DS_Store -exclude CVS -exclude .svn -exclude .git -exclude .hg -resolve-src-symlinks /Users/hyunholee/Library/Developer/Xcode/DerivedData/BamiLog-cmowuaiuamzlxlgpvixsmogdajlm/Build/Products/Debug-iphonesimulator/gRPC_grpcWrapper.bundle /Users/hyunholee/Library/Developer/Xcode/DerivedData/BamiLog-cmowuaiuamzlxlgpvixsmogdajlm/Build/Products/Debug-iphonesimulator/BamiLog.app

Copy /Users/hyunholee/Library/Developer/Xcode/DerivedData/BamiLog-cmowuaiuamzlxlgpvixsmogdajlm/Build/Products/Debug-iphonesimulator/BamiLog.app/SwiftProtobuf_SwiftProtobuf.bundle /Users/hyunholee/Library/Developer/Xcode/DerivedData/BamiLog-cmowuaiuamzlxlgpvixsmogdajlm/Build/Products/Debug-iphonesimulator/SwiftProtobuf_SwiftProtobuf.bundle (in target 'BamiLog' from project 'BamiLog')
    cd /Users/hyunholee/Documents/workspace/code/BamiLog
    builtin-copy -exclude .DS_Store -exclude CVS -exclude .svn -exclude .git -exclude .hg -resolve-src-symlinks /Users/hyunholee/Library/Developer/Xcode/DerivedData/BamiLog-cmowuaiuamzlxlgpvixsmogdajlm/Build/Products/Debug-iphonesimulator/SwiftProtobuf_SwiftProtobuf.bundle /Users/hyunholee/Library/Developer/Xcode/DerivedData/BamiLog-cmowuaiuamzlxlgpvixsmogdajlm/Build/Products/Debug-iphonesimulator/BamiLog.app

SwiftDriver BamiLog normal arm64 com.apple.xcode.tools.swift.compiler (in target 'BamiLog' from project 'BamiLog')
    cd /Users/hyunholee/Documents/workspace/code/BamiLog
    builtin-SwiftDriver -- /Applications/Xcode.app/Contents/Developer/Toolchains/XcodeDefault.xctoolchain/usr/bin/swiftc -module-name BamiLog -Onone -enforce-exclusivity\=checked @/Users/hyunholee/Library/Developer/Xcode/DerivedData/BamiLog-cmowuaiuamzlxlgpvixsmogdajlm/Build/Intermediates.noindex/BamiLog.build/Debug-iphonesimulator/BamiLog.build/Objects-normal/arm64/BamiLog.SwiftFileList -DDEBUG -Xcc -fmodule-map-file\=/Users/hyunholee/Library/Developer/Xcode/DerivedData/BamiLog-cmowuaiuamzlxlgpvixsmogdajlm/Build/Intermediates.noindex/GeneratedModuleMaps-iphonesimulator/FirebaseAppDistribution.modulemap -Xcc -fmodule-map-file\=/Users/hyunholee/Library/Developer/Xcode/DerivedData/BamiLog-cmowuaiuamzlxlgpvixsmogdajlm/Build/Intermediates.noindex/GeneratedModuleMaps-iphonesimulator/FirebaseAppDistributionTarget.modulemap -Xcc -fmodule-map-file\=/Users/hyunholee/Library/Developer/Xcode/DerivedData/BamiLog-cmowuaiuamzlxlgpvixsmogdajlm/Build/Intermediates.noindex/GeneratedModuleMaps-iphonesimulator/GoogleAppMeasurementIdentitySupportTarget.modulemap -Xcc -fmodule-map-file\=/Users/hyunholee/Library/Developer/Xcode/DerivedData/BamiLog-cmowuaiuamzlxlgpvixsmogdajlm/Build/Intermediates.noindex/GeneratedModuleMaps-iphonesimulator/FirebaseAnalyticsIdentitySupportTarget.modulemap -Xcc -fmodule-map-file\=/Users/hyunholee/Library/Developer/Xcode/DerivedData/BamiLog-cmowuaiuamzlxlgpvixsmogdajlm/Build/Intermediates.noindex/GeneratedModuleMaps-iphonesimulator/FirebaseInAppMessagingInternal.modulemap -Xcc -fmodule-map-file\=/Users/hyunholee/Library/Developer/Xcode/DerivedData/BamiLog-cmowuaiuamzlxlgpvixsmogdajlm/Build/Intermediates.noindex/GeneratedModuleMaps-iphonesimulator/FirebaseInAppMessaging_iOS.modulemap -Xcc -fmodule-map-file\=/Users/hyunholee/Library/Developer/Xcode/DerivedData/BamiLog-cmowuaiuamzlxlgpvixsmogdajlm/Build/Intermediates.noindex/GeneratedModuleMaps-iphonesimulator/FirebaseInAppMessagingTarget.modulemap -Xcc -fmodule-map-file\=/Users/hyunholee/Library/Developer/Xcode/DerivedData/BamiLog-cmowuaiuamzlxlgpvixsmogdajlm/Build/Intermediates.noindex/GeneratedModuleMaps-iphonesimulator/FirebaseCrashlytics.modulemap -Xcc -fmodule-map-file\=/Users/hyunholee/Library/Developer/Xcode/DerivedData/BamiLog-cmowuaiuamzlxlgpvixsmogdajlm/Build/Intermediates.noindex/GeneratedModuleMaps-iphonesimulator/FirebaseDatabaseInternal.modulemap -Xcc -fmodule-map-file\=/Users/hyunholee/Library/Developer/Xcode/DerivedData/BamiLog-cmowuaiuamzlxlgpvixsmogdajlm/Build/Intermediates.noindex/GeneratedModuleMaps-iphonesimulator/GoogleAdsOnDeviceConversionTarget.modulemap -Xcc -fmodule-map-file\=/Users/hyunholee/Library/Developer/Xcode/DerivedData/BamiLog-cmowuaiuamzlxlgpvixsmogdajlm/Build/Intermediates.noindex/GeneratedModuleMaps-iphonesimulator/GoogleAppMeasurementTarget.modulemap -Xcc -fmodule-map-file\=/Users/hyunholee/Library/Developer/Xcode/DerivedData/BamiLog-cmowuaiuamzlxlgpvixsmogdajlm/Build/Intermediates.noindex/GeneratedModuleMaps-iphonesimulator/FirebaseAnalyticsWrapper.modulemap -Xcc -fmodule-map-file\=/Users/hyunholee/Library/Developer/Xcode/DerivedData/BamiLog-cmowuaiuamzlxlgpvixsmogdajlm/Build/Intermediates.noindex/GeneratedModuleMaps-iphonesimulator/FirebaseAnalyticsTarget.modulemap -Xcc -fmodule-map-file\=/Users/hyunholee/Library/Developer/Xcode/DerivedData/BamiLog-cmowuaiuamzlxlgpvixsmogdajlm/Build/Intermediates.noindex/GeneratedModuleMaps-iphonesimulator/FirebaseMessaging.modulemap -Xcc -fmodule-map-file\=/Users/hyunholee/Library/Developer/Xcode/DerivedData/BamiLog-cmowuaiuamzlxlgpvixsmogdajlm/Build/Intermediates.noindex/GeneratedModuleMaps-iphonesimulator/GoogleDataTransport.modulemap -Xcc -fmodule-map-file\=/Users/hyunholee/Library/Developer/Xcode/DerivedData/BamiLog-cmowuaiuamzlxlgpvixsmogdajlm/Build/Intermediates.noindex/GeneratedModuleMaps-iphonesimulator/FirebasePerformance.modulemap -Xcc -fmodule-map-file\=/Users/hyunholee/Library/Developer/Xcode/DerivedData/BamiLog-cmowuaiuamzlxlgpvixsmogdajlm/Build/Intermediates.noindex/GeneratedModuleMaps-iphonesimulator/FirebaseSessionsObjC.modulemap -Xcc -fmodule-map-file\=/Users/hyunholee/Library/Developer/Xcode/DerivedData/BamiLog-cmowuaiuamzlxlgpvixsmogdajlm/Build/Intermediates.noindex/GeneratedModuleMaps-iphonesimulator/FirebaseRemoteConfigInternal.modulemap -Xcc -fmodule-map-file\=/Users/hyunholee/Library/Developer/Xcode/DerivedData/BamiLog-cmowuaiuamzlxlgpvixsmogdajlm/Build/Intermediates.noindex/GeneratedModuleMaps-iphonesimulator/FirebaseABTesting.modulemap -Xcc -fmodule-map-file\=/Users/hyunholee/Library/Developer/Xcode/DerivedData/BamiLog-cmowuaiuamzlxlgpvixsmogdajlm/Build/Intermediates.noindex/GeneratedModuleMaps-iphonesimulator/FirebasePerformanceTarget.modulemap -Xcc -fmodule-map-file\=/Users/hyunholee/Library/Developer/Xcode/DerivedData/BamiLog-cmowuaiuamzlxlgpvixsmogdajlm/Build/Intermediates.noindex/GeneratedModuleMaps-iphonesimulator/AppCheckCore.modulemap -Xcc -fmodule-map-file\=/Users/hyunholee/Library/Developer/Xcode/DerivedData/BamiLog-cmowuaiuamzlxlgpvixsmogdajlm/Build/Intermediates.noindex/GeneratedModuleMaps-iphonesimulator/FirebaseAppCheck.modulemap -Xcc -fmodule-map-file\=/Users/hyunholee/Library/Developer/Xcode/DerivedData/BamiLog-cmowuaiuamzlxlgpvixsmogdajlm/Build/Intermediates.noindex/GeneratedModuleMaps-iphonesimulator/GoogleUtilities-UserDefaults.modulemap -Xcc -fmodule-map-file\=/Users/hyunholee/Library/Developer/Xcode/DerivedData/BamiLog-cmowuaiuamzlxlgpvixsmogdajlm/Build/Intermediates.noindex/GeneratedModuleMaps-iphonesimulator/GoogleAppMeasurementCoreTarget.modulemap -Xcc -fmodule-map-file\=/Users/hyunholee/Library/Developer/Xcode/DerivedData/BamiLog-cmowuaiuamzlxlgpvixsmogdajlm/Build/Intermediates.noindex/GeneratedModuleMaps-iphonesimulator/GoogleUtilities-MethodSwizzler.modulemap -Xcc -fmodule-map-file\=/Users/hyunholee/Library/Developer/Xcode/DerivedData/BamiLog-cmowuaiuamzlxlgpvixsmogdajlm/Build/Intermediates.noindex/GeneratedModuleMaps-iphonesimulator/FirebaseAnalyticsCoreWrapper.modulemap -Xcc -fmodule-map-file\=/Users/hyunholee/Library/Developer/Xcode/DerivedData/BamiLog-cmowuaiuamzlxlgpvixsmogdajlm/Build/Intermediates.noindex/GeneratedModuleMaps-iphonesimulator/FirebaseInstallations.modulemap -Xcc -fmodule-map-file\=/Users/hyunholee/Library/Developer/Xcode/DerivedData/BamiLog-cmowuaiuamzlxlgpvixsmogdajlm/Build/Intermediates.noindex/GeneratedModuleMaps-iphonesimulator/FirebaseAnalyticsCoreTarget.modulemap -Xcc -fmodule-map-file\=/Users/hyunholee/Library/Developer/Xcode/DerivedData/BamiLog-cmowuaiuamzlxlgpvixsmogdajlm/Build/Intermediates.noindex/GeneratedModuleMaps-iphonesimulator/FirebaseMessagingInterop.modulemap -Xcc -fmodule-map-file\=/Users/hyunholee/Library/Developer/Xcode/DerivedData/BamiLog-cmowuaiuamzlxlgpvixsmogdajlm/Build/Intermediates.noindex/GeneratedModuleMaps-iphonesimulator/RecaptchaInterop.modulemap -Xcc -fmodule-map-file\=/Users/hyunholee/Library/Developer/Xcode/DerivedData/BamiLog-cmowuaiuamzlxlgpvixsmogdajlm/Build/Intermediates.noindex/GeneratedModuleMaps-iphonesimulator/GoogleUtilities-Network.modulemap -Xcc -fmodule-map-file\=/Users/hyunholee/Library/Developer/Xcode/DerivedData/BamiLog-cmowuaiuamzlxlgpvixsmogdajlm/Build/Intermediates.noindex/GeneratedModuleMaps-iphonesimulator/GoogleUtilities-Reachability.modulemap -Xcc -fmodule-map-file\=/Users/hyunholee/Library/Developer/Xcode/DerivedData/BamiLog-cmowuaiuamzlxlgpvixsmogdajlm/Build/Intermediates.noindex/GeneratedModuleMaps-iphonesimulator/GoogleUtilities-AppDelegateSwizzler.modulemap -Xcc -fmodule-map-file\=/Users/hyunholee/Library/Developer/Xcode/DerivedData/BamiLog-cmowuaiuamzlxlgpvixsmogdajlm/Build/Intermediates.noindex/GeneratedModuleMaps-iphonesimulator/GTMSessionFetcherCore.modulemap -Xcc -fmodule-map-file\=/Users/hyunholee/Library/Developer/Xcode/DerivedData/BamiLog-cmowuaiuamzlxlgpvixsmogdajlm/Build/Intermediates.noindex/GeneratedModuleMaps-iphonesimulator/FirebaseAuthInternal.modulemap -Xcc -fmodule-map-file\=/Users/hyunholee/Library/Developer/Xcode/DerivedData/BamiLog-cmowuaiuamzlxlgpvixsmogdajlm/Build/Intermediates.noindex/GeneratedModuleMaps-iphonesimulator/FirebaseAuthInterop.modulemap -Xcc -fmodule-map-file\=/Users/hyunholee/Library/Developer/Xcode/DerivedData/BamiLog-cmowuaiuamzlxlgpvixsmogdajlm/Build/Intermediates.noindex/GeneratedModuleMaps-iphonesimulator/GoogleUtilities-NSData.modulemap -Xcc -fmodule-map-file\=/Users/hyunholee/Library/Developer/Xcode/DerivedData/BamiLog-cmowuaiuamzlxlgpvixsmogdajlm/Build/Intermediates.noindex/GeneratedModuleMaps-iphonesimulator/GoogleUtilities-Environment.modulemap -Xcc -fmodule-map-file\=/Users/hyunholee/Library/Developer/Xcode/DerivedData/BamiLog-cmowuaiuamzlxlgpvixsmogdajlm/Build/Intermediates.noindex/GeneratedModuleMaps-iphonesimulator/third-party-IsAppEncrypted.modulemap -Xcc -fmodule-map-file\=/Users/hyunholee/Library/Developer/Xcode/DerivedData/BamiLog-cmowuaiuamzlxlgpvixsmogdajlm/Build/Intermediates.noindex/GeneratedModuleMaps-iphonesimulator/GoogleUtilities-Logger.modulemap -Xcc -fmodule-map-file\=/Users/hyunholee/Library/Developer/Xcode/DerivedData/BamiLog-cmowuaiuamzlxlgpvixsmogdajlm/Build/Intermediates.noindex/GeneratedModuleMaps-iphonesimulator/abslWrapper.modulemap -Xcc -fmodule-map-file\=/Users/hyunholee/Library/Developer/Xcode/DerivedData/BamiLog-cmowuaiuamzlxlgpvixsmogdajlm/Build/Intermediates.noindex/GeneratedModuleMaps-iphonesimulator/opensslWrapper.modulemap -Xcc -fmodule-map-file\=/Users/hyunholee/Library/Developer/Xcode/DerivedData/BamiLog-cmowuaiuamzlxlgpvixsmogdajlm/Build/Intermediates.noindex/GeneratedModuleMaps-iphonesimulator/grpcWrapper.modulemap -Xcc -fmodule-map-file\=/Users/hyunholee/Library/Developer/Xcode/DerivedData/BamiLog-cmowuaiuamzlxlgpvixsmogdajlm/Build/Intermediates.noindex/GeneratedModuleMaps-iphonesimulator/grpcppWrapper.modulemap -Xcc -fmodule-map-file\=/Users/hyunholee/Library/Developer/Xcode/DerivedData/BamiLog-cmowuaiuamzlxlgpvixsmogdajlm/Build/Intermediates.noindex/GeneratedModuleMaps-iphonesimulator/nanopb.modulemap -Xcc -fmodule-map-file\=/Users/hyunholee/Library/Developer/Xcode/DerivedData/BamiLog-cmowuaiuamzlxlgpvixsmogdajlm/Build/Intermediates.noindex/GeneratedModuleMaps-iphonesimulator/leveldb.modulemap -Xcc -fmodule-map-file\=/Users/hyunholee/Library/Developer/Xcode/DerivedData/BamiLog-cmowuaiuamzlxlgpvixsmogdajlm/Build/Intermediates.noindex/GeneratedModuleMaps-iphonesimulator/FirebaseFirestoreTarget.modulemap -Xcc -fmodule-map-file\=/Users/hyunholee/Library/Developer/Xcode/DerivedData/BamiLog-cmowuaiuamzlxlgpvixsmogdajlm/Build/Intermediates.noindex/GeneratedModuleMaps-iphonesimulator/FirebaseCoreExtension.modulemap -Xcc -fmodule-map-file\=/Users/hyunholee/Library/Developer/Xcode/DerivedData/BamiLog-cmowuaiuamzlxlgpvixsmogdajlm/Build/Intermediates.noindex/GeneratedModuleMaps-iphonesimulator/FirebaseCore.modulemap -Xcc -fmodule-map-file\=/Users/hyunholee/Library/Developer/Xcode/DerivedData/BamiLog-cmowuaiuamzlxlgpvixsmogdajlm/Build/Intermediates.noindex/GeneratedModuleMaps-iphonesimulator/FirebaseAppCheckInterop.modulemap -Xcc -fmodule-map-file\=/Users/hyunholee/Library/Developer/Xcode/DerivedData/BamiLog-cmowuaiuamzlxlgpvixsmogdajlm/Build/Intermediates.noindex/GeneratedModuleMaps-iphonesimulator/FirebaseFirestoreInternalWrapper.modulemap -enable-bare-slash-regex -enable-experimental-feature DebugDescriptionMacro -sdk /Applications/Xcode.app/Contents/Developer/Platforms/iPhoneSimulator.platform/Developer/SDKs/iPhoneSimulator26.0.sdk -target arm64-apple-ios16.1-simulator -g -module-cache-path /Users/hyunholee/Library/Developer/Xcode/DerivedData/ModuleCache.noindex -Xfrontend -serialize-debugging-options -enable-testing -index-store-path /Users/hyunholee/Library/Developer/Xcode/DerivedData/BamiLog-cmowuaiuamzlxlgpvixsmogdajlm/Index.noindex/DataStore -Xcc -D_LIBCPP_HARDENING_MODE\=_LIBCPP_HARDENING_MODE_DEBUG -swift-version 5 -I /Users/hyunholee/Library/Developer/Xcode/DerivedData/BamiLog-cmowuaiuamzlxlgpvixsmogdajlm/Build/Products/Debug-iphonesimulator -F /Users/hyunholee/Library/Developer/Xcode/DerivedData/BamiLog-cmowuaiuamzlxlgpvixsmogdajlm/Build/Products/Debug-iphonesimulator/PackageFrameworks -F /Users/hyunholee/Library/Developer/Xcode/DerivedData/BamiLog-cmowuaiuamzlxlgpvixsmogdajlm/Build/Products/Debug-iphonesimulator/PackageFrameworks -F /Users/hyunholee/Library/Developer/Xcode/DerivedData/BamiLog-cmowuaiuamzlxlgpvixsmogdajlm/Build/Products/Debug-iphonesimulator/PackageFrameworks -F /Users/hyunholee/Library/Developer/Xcode/DerivedData/BamiLog-cmowuaiuamzlxlgpvixsmogdajlm/Build/Products/Debug-iphonesimulator/PackageFrameworks -F /Users/hyunholee/Library/Developer/Xcode/DerivedData/BamiLog-cmowuaiuamzlxlgpvixsmogdajlm/Build/Products/Debug-iphonesimulator/PackageFrameworks -F /Users/hyunholee/Library/Developer/Xcode/DerivedData/BamiLog-cmowuaiuamzlxlgpvixsmogdajlm/Build/Products/Debug-iphonesimulator/PackageFrameworks -F /Users/hyunholee/Library/Developer/Xcode/DerivedData/BamiLog-cmowuaiuamzlxlgpvixsmogdajlm/Build/Products/Debug-iphonesimulator/PackageFrameworks -F /Users/hyunholee/Library/Developer/Xcode/DerivedData/BamiLog-cmowuaiuamzlxlgpvixsmogdajlm/Build/Products/Debug-iphonesimulator/PackageFrameworks -F /Users/hyunholee/Library/Developer/Xcode/DerivedData/BamiLog-cmowuaiuamzlxlgpvixsmogdajlm/Build/Products/Debug-iphonesimulator/PackageFrameworks -F /Users/hyunholee/Library/Developer/Xcode/DerivedData/BamiLog-cmowuaiuamzlxlgpvixsmogdajlm/Build/Products/Debug-iphonesimulator/PackageFrameworks -F /Users/hyunholee/Library/Developer/Xcode/DerivedData/BamiLog-cmowuaiuamzlxlgpvixsmogdajlm/Build/Products/Debug-iphonesimulator/PackageFrameworks -F /Users/hyunholee/Library/Developer/Xcode/DerivedData/BamiLog-cmowuaiuamzlxlgpvixsmogdajlm/Build/Products/Debug-iphonesimulator/PackageFrameworks -F /Users/hyunholee/Library/Developer/Xcode/DerivedData/BamiLog-cmowuaiuamzlxlgpvixsmogdajlm/Build/Products/Debug-iphonesimulator/PackageFrameworks -F /Users/hyunholee/Library/Developer/Xcode/DerivedData/BamiLog-cmowuaiuamzlxlgpvixsmogdajlm/Build/Products/Debug-iphonesimulator/PackageFrameworks -F /Users/hyunholee/Library/Developer/Xcode/DerivedData/BamiLog-cmowuaiuamzlxlgpvixsmogdajlm/Build/Products/Debug-iphonesimulator/PackageFrameworks -F /Users/hyunholee/Library/Developer/Xcode/DerivedData/BamiLog-cmowuaiuamzlxlgpvixsmogdajlm/Build/Products/Debug-iphonesimulator/PackageFrameworks -F /Users/hyunholee/Library/Developer/Xcode/DerivedData/BamiLog-cmowuaiuamzlxlgpvixsmogdajlm/Build/Products/Debug-iphonesimulator/PackageFrameworks -F /Users/hyunholee/Library/Developer/Xcode/DerivedData/BamiLog-cmowuaiuamzlxlgpvixsmogdajlm/Build/Products/Debug-iphonesimulator/PackageFrameworks -F /Users/hyunholee/Library/Developer/Xcode/DerivedData/BamiLog-cmowuaiuamzlxlgpvixsmogdajlm/Build/Products/Debug-iphonesimulator/PackageFrameworks -F /Users/hyunholee/Library/Developer/Xcode/DerivedData/BamiLog-cmowuaiuamzlxlgpvixsmogdajlm/Build/Products/Debug-iphonesimulator/PackageFrameworks -F /Users/hyunholee/Library/Developer/Xcode/DerivedData/BamiLog-cmowuaiuamzlxlgpvixsmogdajlm/Build/Products/Debug-iphonesimulator/PackageFrameworks -F /Users/hyunholee/Library/Developer/Xcode/DerivedData/BamiLog-cmowuaiuamzlxlgpvixsmogdajlm/Build/Products/Debug-iphonesimulator/PackageFrameworks -F /Users/hyunholee/Library/Developer/Xcode/DerivedData/BamiLog-cmowuaiuamzlxlgpvixsmogdajlm/Build/Products/Debug-iphonesimulator/PackageFrameworks -F /Users/hyunholee/Library/Developer/Xcode/DerivedData/BamiLog-cmowuaiuamzlxlgpvixsmogdajlm/Build/Products/Debug-iphonesimulator/PackageFrameworks -F /Users/hyunholee/Library/Developer/Xcode/DerivedData/BamiLog-cmowuaiuamzlxlgpvixsmogdajlm/Build/Products/Debug-iphonesimulator/PackageFrameworks -F /Users/hyunholee/Library/Developer/Xcode/DerivedData/BamiLog-cmowuaiuamzlxlgpvixsmogdajlm/Build/Products/Debug-iphonesimulator/PackageFrameworks -F /Users/hyunholee/Library/Developer/Xcode/DerivedData/BamiLog-cmowuaiuamzlxlgpvixsmogdajlm/Build/Products/Debug-iphonesimulator/PackageFrameworks -F /Users/hyunholee/Library/Developer/Xcode/DerivedData/BamiLog-cmowuaiuamzlxlgpvixsmogdajlm/Build/Products/Debug-iphonesimulator/PackageFrameworks -F /Users/hyunholee/Library/Developer/Xcode/DerivedData/BamiLog-cmowuaiuamzlxlgpvixsmogdajlm/Build/Products/Debug-iphonesimulator/PackageFrameworks -F /Users/hyunholee/Library/Developer/Xcode/DerivedData/BamiLog-cmowuaiuamzlxlgpvixsmogdajlm/Build/Products/Debug-iphonesimulator/PackageFrameworks -F /Users/hyunholee/Library/Developer/Xcode/DerivedData/BamiLog-cmowuaiuamzlxlgpvixsmogdajlm/Build/Products/Debug-iphonesimulator/PackageFrameworks -F /Users/hyunholee/Library/Developer/Xcode/DerivedData/BamiLog-cmowuaiuamzlxlgpvixsmogdajlm/Build/Products/Debug-iphonesimulator/PackageFrameworks -F /Users/hyunholee/Library/Developer/Xcode/DerivedData/BamiLog-cmowuaiuamzlxlgpvixsmogdajlm/Build/Products/Debug-iphonesimulator/PackageFrameworks -F /Users/hyunholee/Library/Developer/Xcode/DerivedData/BamiLog-cmowuaiuamzlxlgpvixsmogdajlm/Build/Products/Debug-iphonesimulator/PackageFrameworks -F /Users/hyunholee/Library/Developer/Xcode/DerivedData/BamiLog-cmowuaiuamzlxlgpvixsmogdajlm/Build/Products/Debug-iphonesimulator/PackageFrameworks -F /Users/hyunholee/Library/Developer/Xcode/DerivedData/BamiLog-cmowuaiuamzlxlgpvixsmogdajlm/Build/Products/Debug-iphonesimulator/PackageFrameworks -F /Users/hyunholee/Library/Developer/Xcode/DerivedData/BamiLog-cmowuaiuamzlxlgpvixsmogdajlm/Build/Products/Debug-iphonesimulator/PackageFrameworks -F /Users/hyunholee/Library/Developer/Xcode/DerivedData/BamiLog-cmowuaiuamzlxlgpvixsmogdajlm/Build/Products/Debug-iphonesimulator/PackageFrameworks -F /Users/hyunholee/Library/Developer/Xcode/DerivedData/BamiLog-cmowuaiuamzlxlgpvixsmogdajlm/Build/Products/Debug-iphonesimulator/PackageFrameworks -F /Users/hyunholee/Library/Developer/Xcode/DerivedData/BamiLog-cmowuaiuamzlxlgpvixsmogdajlm/Build/Products/Debug-iphonesimulator/PackageFrameworks -F /Users/hyunholee/Library/Developer/Xcode/DerivedData/BamiLog-cmowuaiuamzlxlgpvixsmogdajlm/Build/Products/Debug-iphonesimulator/PackageFrameworks -F /Users/hyunholee/Library/Developer/Xcode/DerivedData/BamiLog-cmowuaiuamzlxlgpvixsmogdajlm/Build/Products/Debug-iphonesimulator/PackageFrameworks -F /Users/hyunholee/Library/Developer/Xcode/DerivedData/BamiLog-cmowuaiuamzlxlgpvixsmogdajlm/Build/Products/Debug-iphonesimulator/PackageFrameworks -F /Users/hyunholee/Library/Developer/Xcode/DerivedData/BamiLog-cmowuaiuamzlxlgpvixsmogdajlm/Build/Products/Debug-iphonesimulator/PackageFrameworks -F /Users/hyunholee/Library/Developer/Xcode/DerivedData/BamiLog-cmowuaiuamzlxlgpvixsmogdajlm/Build/Products/Debug-iphonesimulator/PackageFrameworks -F /Users/hyunholee/Library/Developer/Xcode/DerivedData/BamiLog-cmowuaiuamzlxlgpvixsmogdajlm/Build/Products/Debug-iphonesimulator/PackageFrameworks -F /Users/hyunholee/Library/Developer/Xcode/DerivedData/BamiLog-cmowuaiuamzlxlgpvixsmogdajlm/Build/Products/Debug-iphonesimulator/PackageFrameworks -F /Users/hyunholee/Library/Developer/Xcode/DerivedData/BamiLog-cmowuaiuamzlxlgpvixsmogdajlm/Build/Products/Debug-iphonesimulator/PackageFrameworks -F /Users/hyunholee/Library/Developer/Xcode/DerivedData/BamiLog-cmowuaiuamzlxlgpvixsmogdajlm/Build/Products/Debug-iphonesimulator/PackageFrameworks -F /Users/hyunholee/Library/Developer/Xcode/DerivedData/BamiLog-cmowuaiuamzlxlgpvixsmogdajlm/Build/Products/Debug-iphonesimulator/PackageFrameworks -F /Users/hyunholee/Library/Developer/Xcode/DerivedData/BamiLog-cmowuaiuamzlxlgpvixsmogdajlm/Build/Products/Debug-iphonesimulator/PackageFrameworks -F /Users/hyunholee/Library/Developer/Xcode/DerivedData/BamiLog-cmowuaiuamzlxlgpvixsmogdajlm/Build/Products/Debug-iphonesimulator/PackageFrameworks -F /Users/hyunholee/Library/Developer/Xcode/DerivedData/BamiLog-cmowuaiuamzlxlgpvixsmogdajlm/Build/Products/Debug-iphonesimulator/PackageFrameworks -F /Users/hyunholee/Library/Developer/Xcode/DerivedData/BamiLog-cmowuaiuamzlxlgpvixsmogdajlm/Build/Products/Debug-iphonesimulator/PackageFrameworks -F /Users/hyunholee/Library/Developer/Xcode/DerivedData/BamiLog-cmowuaiuamzlxlgpvixsmogdajlm/Build/Products/Debug-iphonesimulator/PackageFrameworks -F /Users/hyunholee/Library/Developer/Xcode/DerivedData/BamiLog-cmowuaiuamzlxlgpvixsmogdajlm/Build/Products/Debug-iphonesimulator/PackageFrameworks -F /Users/hyunholee/Library/Developer/Xcode/DerivedData/BamiLog-cmowuaiuamzlxlgpvixsmogdajlm/Build/Products/Debug-iphonesimulator/PackageFrameworks -F /Users/hyunholee/Library/Developer/Xcode/DerivedData/BamiLog-cmowuaiuamzlxlgpvixsmogdajlm/Build/Products/Debug-iphonesimulator/PackageFrameworks -F /Users/hyunholee/Library/Developer/Xcode/DerivedData/BamiLog-cmowuaiuamzlxlgpvixsmogdajlm/Build/Products/Debug-iphonesimulator/PackageFrameworks -F /Users/hyunholee/Library/Developer/Xcode/DerivedData/BamiLog-cmowuaiuamzlxlgpvixsmogdajlm/Build/Products/Debug-iphonesimulator/PackageFrameworks -F /Users/hyunholee/Library/Developer/Xcode/DerivedData/BamiLog-cmowuaiuamzlxlgpvixsmogdajlm/Build/Products/Debug-iphonesimulator/PackageFrameworks -F /Users/hyunholee/Library/Developer/Xcode/DerivedData/BamiLog-cmowuaiuamzlxlgpvixsmogdajlm/Build/Products/Debug-iphonesimulator/PackageFrameworks -F /Users/hyunholee/Library/Developer/Xcode/DerivedData/BamiLog-cmowuaiuamzlxlgpvixsmogdajlm/Build/Products/Debug-iphonesimulator/PackageFrameworks -F /Users/hyunholee/Library/Developer/Xcode/DerivedData/BamiLog-cmowuaiuamzlxlgpvixsmogdajlm/Build/Products/Debug-iphonesimulator/PackageFrameworks -F /Users/hyunholee/Library/Developer/Xcode/DerivedData/BamiLog-cmowuaiuamzlxlgpvixsmogdajlm/Build/Products/Debug-iphonesimulator/PackageFrameworks -F /Users/hyunholee/Library/Developer/Xcode/DerivedData/BamiLog-cmowuaiuamzlxlgpvixsmogdajlm/Build/Products/Debug-iphonesimulator/PackageFrameworks -F /Users/hyunholee/Library/Developer/Xcode/DerivedData/BamiLog-cmowuaiuamzlxlgpvixsmogdajlm/Build/Products/Debug-iphonesimulator/PackageFrameworks -F /Users/hyunholee/Library/Developer/Xcode/DerivedData/BamiLog-cmowuaiuamzlxlgpvixsmogdajlm/Build/Products/Debug-iphonesimulator/PackageFrameworks -F /Users/hyunholee/Library/Developer/Xcode/DerivedData/BamiLog-cmowuaiuamzlxlgpvixsmogdajlm/Build/Products/Debug-iphonesimulator/PackageFrameworks -F /Users/hyunholee/Library/Developer/Xcode/DerivedData/BamiLog-cmowuaiuamzlxlgpvixsmogdajlm/Build/Products/Debug-iphonesimulator/PackageFrameworks -F /Users/hyunholee/Library/Developer/Xcode/DerivedData/BamiLog-cmowuaiuamzlxlgpvixsmogdajlm/Build/Products/Debug-iphonesimulator/PackageFrameworks -F /Users/hyunholee/Library/Developer/Xcode/DerivedData/BamiLog-cmowuaiuamzlxlgpvixsmogdajlm/Build/Products/Debug-iphonesimulator/PackageFrameworks -F /Users/hyunholee/Library/Developer/Xcode/DerivedData/BamiLog-cmowuaiuamzlxlgpvixsmogdajlm/Build/Products/Debug-iphonesimulator/PackageFrameworks -F /Users/hyunholee/Library/Developer/Xcode/DerivedData/BamiLog-cmowuaiuamzlxlgpvixsmogdajlm/Build/Products/Debug-iphonesimulator/PackageFrameworks -F /Users/hyunholee/Library/Developer/Xcode/DerivedData/BamiLog-cmowuaiuamzlxlgpvixsmogdajlm/Build/Products/Debug-iphonesimulator -emit-localized-strings -emit-localized-strings-path /Users/hyunholee/Library/Developer/Xcode/DerivedData/BamiLog-cmowuaiuamzlxlgpvixsmogdajlm/Build/Intermediates.noindex/BamiLog.build/Debug-iphonesimulator/BamiLog.build/Objects-normal/arm64 -c -j8 -enable-batch-mode -incremental -Xcc -ivfsstatcache -Xcc /Users/hyunholee/Library/Developer/Xcode/DerivedData/SDKStatCaches.noindex/iphonesimulator26.0-23A339-26257891a6c027eb51374368541b8346.sdkstatcache -output-file-map /Users/hyunholee/Library/Developer/Xcode/DerivedData/BamiLog-cmowuaiuamzlxlgpvixsmogdajlm/Build/Intermediates.noindex/BamiLog.build/Debug-iphonesimulator/BamiLog.build/Objects-normal/arm64/BamiLog-OutputFileMap.json -use-frontend-parseable-output -save-temps -no-color-diagnostics -explicit-module-build -module-cache-path /Users/hyunholee/Library/Developer/Xcode/DerivedData/BamiLog-cmowuaiuamzlxlgpvixsmogdajlm/Build/Intermediates.noindex/SwiftExplicitPrecompiledModules -clang-scanner-module-cache-path /Users/hyunholee/Library/Developer/Xcode/DerivedData/ModuleCache.noindex -sdk-module-cache-path /Users/hyunholee/Library/Developer/Xcode/DerivedData/ModuleCache.noindex -serialize-diagnostics -emit-dependencies -emit-module -emit-module-path /Users/hyunholee/Library/Developer/Xcode/DerivedData/BamiLog-cmowuaiuamzlxlgpvixsmogdajlm/Build/Intermediates.noindex/BamiLog.build/Debug-iphonesimulator/BamiLog.build/Objects-normal/arm64/BamiLog.swiftmodule -validate-clang-modules-once -clang-build-session-file /Users/hyunholee/Library/Developer/Xcode/DerivedData/ModuleCache.noindex/Session.modulevalidation -Xcc -I/Users/hyunholee/Library/Developer/Xcode/DerivedData/BamiLog-cmowuaiuamzlxlgpvixsmogdajlm/Build/Intermediates.noindex/BamiLog.build/Debug-iphonesimulator/BamiLog.build/swift-overrides.hmap -emit-const-values -Xfrontend -const-gather-protocols-file -Xfrontend /Users/hyunholee/Library/Developer/Xcode/DerivedData/BamiLog-cmowuaiuamzlxlgpvixsmogdajlm/Build/Intermediates.noindex/BamiLog.build/Debug-iphonesimulator/BamiLog.build/Objects-normal/arm64/BamiLog_const_extract_protocols.json -Xcc -iquote -Xcc /Users/hyunholee/Library/Developer/Xcode/DerivedData/BamiLog-cmowuaiuamzlxlgpvixsmogdajlm/Build/Intermediates.noindex/BamiLog.build/Debug-iphonesimulator/BamiLog.build/BamiLog-generated-files.hmap -Xcc -I/Users/hyunholee/Library/Developer/Xcode/DerivedData/BamiLog-cmowuaiuamzlxlgpvixsmogdajlm/Build/Intermediates.noindex/BamiLog.build/Debug-iphonesimulator/BamiLog.build/BamiLog-own-target-headers.hmap -Xcc -I/Users/hyunholee/Library/Developer/Xcode/DerivedData/BamiLog-cmowuaiuamzlxlgpvixsmogdajlm/Build/Intermediates.noindex/BamiLog.build/Debug-iphonesimulator/BamiLog.build/BamiLog-all-non-framework-target-headers.hmap -Xcc -ivfsoverlay -Xcc /Users/hyunholee/Library/Developer/Xcode/DerivedData/BamiLog-cmowuaiuamzlxlgpvixsmogdajlm/Build/Intermediates.noindex/BamiLog.build/Debug-iphonesimulator/BamiLog-62de39598bf3bdc4ad8855ddb0f0875e-VFS-iphonesimulator/all-product-headers.yaml -Xcc -iquote -Xcc /Users/hyunholee/Library/Developer/Xcode/DerivedData/BamiLog-cmowuaiuamzlxlgpvixsmogdajlm/Build/Intermediates.noindex/BamiLog.build/Debug-iphonesimulator/BamiLog.build/BamiLog-project-headers.hmap -Xcc -I/Users/hyunholee/Library/Developer/Xcode/DerivedData/BamiLog-cmowuaiuamzlxlgpvixsmogdajlm/SourcePackages/checkouts/firebase-ios-sdk/FirebaseAppDistribution/Sources/Public -Xcc -I/Users/hyunholee/Library/Developer/Xcode/DerivedData/BamiLog-cmowuaiuamzlxlgpvixsmogdajlm/SourcePackages/checkouts/firebase-ios-sdk/SwiftPM-PlatformExclude/FirebaseAppDistributionWrap/include -Xcc -I/Users/hyunholee/Library/Developer/Xcode/DerivedData/BamiLog-cmowuaiuamzlxlgpvixsmogdajlm/SourcePackages/checkouts/GoogleAppMeasurement/GoogleAppMeasurementIdentitySupportWrapper/include -Xcc -I/Users/hyunholee/Library/Developer/Xcode/DerivedData/BamiLog-cmowuaiuamzlxlgpvixsmogdajlm/SourcePackages/checkouts/firebase-ios-sdk/FirebaseAnalyticsIdentitySupportWrapper/include -Xcc -I/Users/hyunholee/Library/Developer/Xcode/DerivedData/BamiLog-cmowuaiuamzlxlgpvixsmogdajlm/SourcePackages/checkouts/firebase-ios-sdk/FirebaseInAppMessaging/Sources/Public -Xcc -I/Users/hyunholee/Library/Developer/Xcode/DerivedData/BamiLog-cmowuaiuamzlxlgpvixsmogdajlm/SourcePackages/checkouts/firebase-ios-sdk/FirebaseInAppMessaging/iOS/include -Xcc -I/Users/hyunholee/Library/Developer/Xcode/DerivedData/BamiLog-cmowuaiuamzlxlgpvixsmogdajlm/SourcePackages/checkouts/firebase-ios-sdk/SwiftPM-PlatformExclude/FirebaseInAppMessagingWrap/include -Xcc -I/Users/hyunholee/Library/Developer/Xcode/DerivedData/BamiLog-cmowuaiuamzlxlgpvixsmogdajlm/SourcePackages/checkouts/firebase-ios-sdk/Crashlytics/Crashlytics/Public -Xcc -I/Users/hyunholee/Library/Developer/Xcode/DerivedData/BamiLog-cmowuaiuamzlxlgpvixsmogdajlm/SourcePackages/checkouts/firebase-ios-sdk/FirebaseDatabase/Sources/Public -Xcc -I/Users/hyunholee/Library/Developer/Xcode/DerivedData/BamiLog-cmowuaiuamzlxlgpvixsmogdajlm/SourcePackages/checkouts/google-ads-on-device-conversion-ios-sdk/GoogleAdsOnDeviceConversionWrapper/include -Xcc -I/Users/hyunholee/Library/Developer/Xcode/DerivedData/BamiLog-cmowuaiuamzlxlgpvixsmogdajlm/SourcePackages/checkouts/GoogleAppMeasurement/GoogleAppMeasurementWrapper/include -Xcc -I/Users/hyunholee/Library/Developer/Xcode/DerivedData/BamiLog-cmowuaiuamzlxlgpvixsmogdajlm/SourcePackages/checkouts/firebase-ios-sdk/FirebaseAnalyticsWrapper/include -Xcc -I/Users/hyunholee/Library/Developer/Xcode/DerivedData/BamiLog-cmowuaiuamzlxlgpvixsmogdajlm/SourcePackages/checkouts/firebase-ios-sdk/SwiftPM-PlatformExclude/FirebaseAnalyticsWrap/include -Xcc -I/Users/hyunholee/Library/Developer/Xcode/DerivedData/BamiLog-cmowuaiuamzlxlgpvixsmogdajlm/SourcePackages/checkouts/firebase-ios-sdk/FirebaseMessaging/Sources/Public -Xcc -I/Users/hyunholee/Library/Developer/Xcode/DerivedData/BamiLog-cmowuaiuamzlxlgpvixsmogdajlm/SourcePackages/checkouts/GoogleDataTransport/GoogleDataTransport/GDTCORLibrary/Public -Xcc -I/Users/hyunholee/Library/Developer/Xcode/DerivedData/BamiLog-cmowuaiuamzlxlgpvixsmogdajlm/SourcePackages/checkouts/firebase-ios-sdk/FirebasePerformance/Sources/Public -Xcc -I/Users/hyunholee/Library/Developer/Xcode/DerivedData/BamiLog-cmowuaiuamzlxlgpvixsmogdajlm/SourcePackages/checkouts/firebase-ios-sdk/FirebaseSessions/SourcesObjC -Xcc -I/Users/hyunholee/Library/Developer/Xcode/DerivedData/BamiLog-cmowuaiuamzlxlgpvixsmogdajlm/SourcePackages/checkouts/firebase-ios-sdk/FirebaseRemoteConfig/Sources/Public -Xcc -I/Users/hyunholee/Library/Developer/Xcode/DerivedData/BamiLog-cmowuaiuamzlxlgpvixsmogdajlm/SourcePackages/checkouts/firebase-ios-sdk/FirebaseABTesting/Sources/Public -Xcc -I/Users/hyunholee/Library/Developer/Xcode/DerivedData/BamiLog-cmowuaiuamzlxlgpvixsmogdajlm/SourcePackages/checkouts/firebase-ios-sdk/SwiftPM-PlatformExclude/FirebasePerformanceWrap/include -Xcc -I/Users/hyunholee/Library/Developer/Xcode/DerivedData/BamiLog-cmowuaiuamzlxlgpvixsmogdajlm/SourcePackages/checkouts/app-check/AppCheckCore/Sources/Public -Xcc -I/Users/hyunholee/Library/Developer/Xcode/DerivedData/BamiLog-cmowuaiuamzlxlgpvixsmogdajlm/SourcePackages/checkouts/firebase-ios-sdk/FirebaseAppCheck/Sources/Public -Xcc -I/Users/hyunholee/Library/Developer/Xcode/DerivedData/BamiLog-cmowuaiuamzlxlgpvixsmogdajlm/SourcePackages/checkouts/promises/Sources/FBLPromises/include -Xcc -I/Users/hyunholee/Library/Developer/Xcode/DerivedData/BamiLog-cmowuaiuamzlxlgpvixsmogdajlm/SourcePackages/checkouts/GoogleUtilities/GoogleUtilities/UserDefaults/Public -Xcc -I/Users/hyunholee/Library/Developer/Xcode/DerivedData/BamiLog-cmowuaiuamzlxlgpvixsmogdajlm/SourcePackages/checkouts/GoogleAppMeasurement/GoogleAppMeasurementCoreWrapper/include -Xcc -I/Users/hyunholee/Library/Developer/Xcode/DerivedData/BamiLog-cmowuaiuamzlxlgpvixsmogdajlm/SourcePackages/checkouts/GoogleUtilities/GoogleUtilities/MethodSwizzler/Public -Xcc -I/Users/hyunholee/Library/Developer/Xcode/DerivedData/BamiLog-cmowuaiuamzlxlgpvixsmogdajlm/SourcePackages/checkouts/firebase-ios-sdk/FirebaseAnalyticsCoreWrapper/include -Xcc -I/Users/hyunholee/Library/Developer/Xcode/DerivedData/BamiLog-cmowuaiuamzlxlgpvixsmogdajlm/SourcePackages/checkouts/firebase-ios-sdk/FirebaseInstallations/Source/Library/Public -Xcc -I/Users/hyunholee/Library/Developer/Xcode/DerivedData/BamiLog-cmowuaiuamzlxlgpvixsmogdajlm/SourcePackages/checkouts/firebase-ios-sdk/SwiftPM-PlatformExclude/FirebaseAnalyticsCoreWrap/include -Xcc -I/Users/hyunholee/Library/Developer/Xcode/DerivedData/BamiLog-cmowuaiuamzlxlgpvixsmogdajlm/SourcePackages/checkouts/firebase-ios-sdk/FirebaseMessaging/Interop -Xcc -I/Users/hyunholee/Library/Developer/Xcode/DerivedData/BamiLog-cmowuaiuamzlxlgpvixsmogdajlm/SourcePackages/checkouts/interop-ios-for-google-sdks/RecaptchaEnterprise/RecaptchaInterop/Public -Xcc -I/Users/hyunholee/Library/Developer/Xcode/DerivedData/BamiLog-cmowuaiuamzlxlgpvixsmogdajlm/SourcePackages/checkouts/GoogleUtilities/GoogleUtilities/Network/Public -Xcc -I/Users/hyunholee/Library/Developer/Xcode/DerivedData/BamiLog-cmowuaiuamzlxlgpvixsmogdajlm/SourcePackages/checkouts/GoogleUtilities/GoogleUtilities/Reachability/Public -Xcc -I/Users/hyunholee/Library/Developer/Xcode/DerivedData/BamiLog-cmowuaiuamzlxlgpvixsmogdajlm/SourcePackages/checkouts/GoogleUtilities/GoogleUtilities/AppDelegateSwizzler/Public -Xcc -I/Users/hyunholee/Library/Developer/Xcode/DerivedData/BamiLog-cmowuaiuamzlxlgpvixsmogdajlm/SourcePackages/checkouts/gtm-session-fetcher/Sources/Core/Public -Xcc -I/Users/hyunholee/Library/Developer/Xcode/DerivedData/BamiLog-cmowuaiuamzlxlgpvixsmogdajlm/SourcePackages/checkouts/firebase-ios-sdk/FirebaseAuth/Sources/Public -Xcc -I/Users/hyunholee/Library/Developer/Xcode/DerivedData/BamiLog-cmowuaiuamzlxlgpvixsmogdajlm/SourcePackages/checkouts/firebase-ios-sdk/FirebaseAuth/Interop/Public -Xcc -I/Users/hyunholee/Library/Developer/Xcode/DerivedData/BamiLog-cmowuaiuamzlxlgpvixsmogdajlm/SourcePackages/checkouts/GoogleUtilities/GoogleUtilities/NSData+zlib/Public -Xcc -I/Users/hyunholee/Library/Developer/Xcode/DerivedData/BamiLog-cmowuaiuamzlxlgpvixsmogdajlm/SourcePackages/checkouts/GoogleUtilities/GoogleUtilities/Environment/Public -Xcc -I/Users/hyunholee/Library/Developer/Xcode/DerivedData/BamiLog-cmowuaiuamzlxlgpvixsmogdajlm/SourcePackages/checkouts/GoogleUtilities/third_party/IsAppEncrypted/Public -Xcc -I/Users/hyunholee/Library/Developer/Xcode/DerivedData/BamiLog-cmowuaiuamzlxlgpvixsmogdajlm/SourcePackages/checkouts/GoogleUtilities/GoogleUtilities/Logger/Public -Xcc -I/Users/hyunholee/Library/Developer/Xcode/DerivedData/BamiLog-cmowuaiuamzlxlgpvixsmogdajlm/SourcePackages/checkouts/abseil-cpp-binary/absl-Wrapper/include -Xcc -I/Users/hyunholee/Library/Developer/Xcode/DerivedData/BamiLog-cmowuaiuamzlxlgpvixsmogdajlm/SourcePackages/checkouts/grpc-binary/openssl-grpc-Wrapper/include -Xcc -I/Users/hyunholee/Library/Developer/Xcode/DerivedData/BamiLog-cmowuaiuamzlxlgpvixsmogdajlm/SourcePackages/checkouts/grpc-binary/grpc-Wrapper/include -Xcc -I/Users/hyunholee/Library/Developer/Xcode/DerivedData/BamiLog-cmowuaiuamzlxlgpvixsmogdajlm/SourcePackages/checkouts/grpc-binary/grpcpp-Wrapper/include -Xcc -I/Users/hyunholee/Library/Developer/Xcode/DerivedData/BamiLog-cmowuaiuamzlxlgpvixsmogdajlm/SourcePackages/checkouts/nanopb/spm_headers -Xcc -I/Users/hyunholee/Library/Developer/Xcode/DerivedData/BamiLog-cmowuaiuamzlxlgpvixsmogdajlm/SourcePackages/checkouts/leveldb/include -Xcc -I/Users/hyunholee/Library/Developer/Xcode/DerivedData/BamiLog-cmowuaiuamzlxlgpvixsmogdajlm/SourcePackages/checkouts/firebase-ios-sdk/SwiftPM-PlatformExclude/FirebaseFirestoreWrap/include -Xcc -I/Users/hyunholee/Library/Developer/Xcode/DerivedData/BamiLog-cmowuaiuamzlxlgpvixsmogdajlm/SourcePackages/checkouts/firebase-ios-sdk/FirebaseCore/Extension -Xcc -I/Users/hyunholee/Library/Developer/Xcode/DerivedData/BamiLog-cmowuaiuamzlxlgpvixsmogdajlm/SourcePackages/checkouts/firebase-ios-sdk/FirebaseCore/Sources/Public -Xcc -I/Users/hyunholee/Library/Developer/Xcode/DerivedData/BamiLog-cmowuaiuamzlxlgpvixsmogdajlm/SourcePackages/checkouts/firebase-ios-sdk/CoreOnly/Sources -Xcc -I/Users/hyunholee/Library/Developer/Xcode/DerivedData/BamiLog-cmowuaiuamzlxlgpvixsmogdajlm/SourcePackages/checkouts/firebase-ios-sdk/FirebaseAppCheck/Interop/Public -Xcc -I/Users/hyunholee/Library/Developer/Xcode/DerivedData/BamiLog-cmowuaiuamzlxlgpvixsmogdajlm/SourcePackages/checkouts/firebase-ios-sdk/FirebaseFirestoreInternal -Xcc -I/Users/hyunholee/Library/Developer/Xcode/DerivedData/BamiLog-cmowuaiuamzlxlgpvixsmogdajlm/Build/Products/Debug-iphonesimulator/include -Xcc -I/Users/hyunholee/Library/Developer/Xcode/DerivedData/BamiLog-cmowuaiuamzlxlgpvixsmogdajlm/Build/Intermediates.noindex/BamiLog.build/Debug-iphonesimulator/BamiLog.build/DerivedSources-normal/arm64 -Xcc -I/Users/hyunholee/Library/Developer/Xcode/DerivedData/BamiLog-cmowuaiuamzlxlgpvixsmogdajlm/Build/Intermediates.noindex/BamiLog.build/Debug-iphonesimulator/BamiLog.build/DerivedSources/arm64 -Xcc -I/Users/hyunholee/Library/Developer/Xcode/DerivedData/BamiLog-cmowuaiuamzlxlgpvixsmogdajlm/Build/Intermediates.noindex/BamiLog.build/Debug-iphonesimulator/BamiLog.build/DerivedSources -Xcc -DDEBUG\=1 -emit-objc-header -emit-objc-header-path /Users/hyunholee/Library/Developer/Xcode/DerivedData/BamiLog-cmowuaiuamzlxlgpvixsmogdajlm/Build/Intermediates.noindex/BamiLog.build/Debug-iphonesimulator/BamiLog.build/Objects-normal/arm64/BamiLog-Swift.h -working-directory /Users/hyunholee/Documents/workspace/code/BamiLog -experimental-emit-module-separately -disable-cmo
/Users/hyunholee/Documents/workspace/code/BamiLog/BamiLog/View/Menu/StaticsView.swift:166:30: warning: 에러처리
                    #warning("에러처리")
/Users/hyunholee/Documents/workspace/code/BamiLog/BamiLog/View/Menu/StaticsView.swift:166:30: warning: 에러처리
                    #warning("에러처리") (in target 'BamiLog' from project 'BamiLog')

Copy /Users/hyunholee/Library/Developer/Xcode/DerivedData/BamiLog-cmowuaiuamzlxlgpvixsmogdajlm/Build/Products/Debug-iphonesimulator/BamiLog.app/Promises_Promises.bundle /Users/hyunholee/Library/Developer/Xcode/DerivedData/BamiLog-cmowuaiuamzlxlgpvixsmogdajlm/Build/Products/Debug-iphonesimulator/Promises_Promises.bundle (in target 'BamiLog' from project 'BamiLog')
    cd /Users/hyunholee/Documents/workspace/code/BamiLog
    builtin-copy -exclude .DS_Store -exclude CVS -exclude .svn -exclude .git -exclude .hg -resolve-src-symlinks /Users/hyunholee/Library/Developer/Xcode/DerivedData/BamiLog-cmowuaiuamzlxlgpvixsmogdajlm/Build/Products/Debug-iphonesimulator/Promises_Promises.bundle /Users/hyunholee/Library/Developer/Xcode/DerivedData/BamiLog-cmowuaiuamzlxlgpvixsmogdajlm/Build/Products/Debug-iphonesimulator/BamiLog.app

Copy /Users/hyunholee/Library/Developer/Xcode/DerivedData/BamiLog-cmowuaiuamzlxlgpvixsmogdajlm/Build/Products/Debug-iphonesimulator/BamiLog.app/Promises_FBLPromises.bundle /Users/hyunholee/Library/Developer/Xcode/DerivedData/BamiLog-cmowuaiuamzlxlgpvixsmogdajlm/Build/Products/Debug-iphonesimulator/Promises_FBLPromises.bundle (in target 'BamiLog' from project 'BamiLog')
    cd /Users/hyunholee/Documents/workspace/code/BamiLog
    builtin-copy -exclude .DS_Store -exclude CVS -exclude .svn -exclude .git -exclude .hg -resolve-src-symlinks /Users/hyunholee/Library/Developer/Xcode/DerivedData/BamiLog-cmowuaiuamzlxlgpvixsmogdajlm/Build/Products/Debug-iphonesimulator/Promises_FBLPromises.bundle /Users/hyunholee/Library/Developer/Xcode/DerivedData/BamiLog-cmowuaiuamzlxlgpvixsmogdajlm/Build/Products/Debug-iphonesimulator/BamiLog.app

Copy /Users/hyunholee/Library/Developer/Xcode/DerivedData/BamiLog-cmowuaiuamzlxlgpvixsmogdajlm/Build/Products/Debug-iphonesimulator/BamiLog.app/GoogleUtilities_GoogleUtilities-UserDefaults.bundle /Users/hyunholee/Library/Developer/Xcode/DerivedData/BamiLog-cmowuaiuamzlxlgpvixsmogdajlm/Build/Products/Debug-iphonesimulator/GoogleUtilities_GoogleUtilities-UserDefaults.bundle (in target 'BamiLog' from project 'BamiLog')
    cd /Users/hyunholee/Documents/workspace/code/BamiLog
    builtin-copy -exclude .DS_Store -exclude CVS -exclude .svn -exclude .git -exclude .hg -resolve-src-symlinks /Users/hyunholee/Library/Developer/Xcode/DerivedData/BamiLog-cmowuaiuamzlxlgpvixsmogdajlm/Build/Products/Debug-iphonesimulator/GoogleUtilities_GoogleUtilities-UserDefaults.bundle /Users/hyunholee/Library/Developer/Xcode/DerivedData/BamiLog-cmowuaiuamzlxlgpvixsmogdajlm/Build/Products/Debug-iphonesimulator/BamiLog.app

Copy /Users/hyunholee/Library/Developer/Xcode/DerivedData/BamiLog-cmowuaiuamzlxlgpvixsmogdajlm/Build/Products/Debug-iphonesimulator/BamiLog.app/GoogleUtilities_GoogleUtilities-Reachability.bundle /Users/hyunholee/Library/Developer/Xcode/DerivedData/BamiLog-cmowuaiuamzlxlgpvixsmogdajlm/Build/Products/Debug-iphonesimulator/GoogleUtilities_GoogleUtilities-Reachability.bundle (in target 'BamiLog' from project 'BamiLog')
    cd /Users/hyunholee/Documents/workspace/code/BamiLog
    builtin-copy -exclude .DS_Store -exclude CVS -exclude .svn -exclude .git -exclude .hg -resolve-src-symlinks /Users/hyunholee/Library/Developer/Xcode/DerivedData/BamiLog-cmowuaiuamzlxlgpvixsmogdajlm/Build/Products/Debug-iphonesimulator/GoogleUtilities_GoogleUtilities-Reachability.bundle /Users/hyunholee/Library/Developer/Xcode/DerivedData/BamiLog-cmowuaiuamzlxlgpvixsmogdajlm/Build/Products/Debug-iphonesimulator/BamiLog.app

Copy /Users/hyunholee/Library/Developer/Xcode/DerivedData/BamiLog-cmowuaiuamzlxlgpvixsmogdajlm/Build/Products/Debug-iphonesimulator/BamiLog.app/GoogleUtilities_GoogleUtilities-Network.bundle /Users/hyunholee/Library/Developer/Xcode/DerivedData/BamiLog-cmowuaiuamzlxlgpvixsmogdajlm/Build/Products/Debug-iphonesimulator/GoogleUtilities_GoogleUtilities-Network.bundle (in target 'BamiLog' from project 'BamiLog')
    cd /Users/hyunholee/Documents/workspace/code/BamiLog
    builtin-copy -exclude .DS_Store -exclude CVS -exclude .svn -exclude .git -exclude .hg -resolve-src-symlinks /Users/hyunholee/Library/Developer/Xcode/DerivedData/BamiLog-cmowuaiuamzlxlgpvixsmogdajlm/Build/Products/Debug-iphonesimulator/GoogleUtilities_GoogleUtilities-Network.bundle /Users/hyunholee/Library/Developer/Xcode/DerivedData/BamiLog-cmowuaiuamzlxlgpvixsmogdajlm/Build/Products/Debug-iphonesimulator/BamiLog.app

Copy /Users/hyunholee/Library/Developer/Xcode/DerivedData/BamiLog-cmowuaiuamzlxlgpvixsmogdajlm/Build/Products/Debug-iphonesimulator/BamiLog.app/GoogleUtilities_GoogleUtilities-NSData.bundle /Users/hyunholee/Library/Developer/Xcode/DerivedData/BamiLog-cmowuaiuamzlxlgpvixsmogdajlm/Build/Products/Debug-iphonesimulator/GoogleUtilities_GoogleUtilities-NSData.bundle (in target 'BamiLog' from project 'BamiLog')
    cd /Users/hyunholee/Documents/workspace/code/BamiLog
    builtin-copy -exclude .DS_Store -exclude CVS -exclude .svn -exclude .git -exclude .hg -resolve-src-symlinks /Users/hyunholee/Library/Developer/Xcode/DerivedData/BamiLog-cmowuaiuamzlxlgpvixsmogdajlm/Build/Products/Debug-iphonesimulator/GoogleUtilities_GoogleUtilities-NSData.bundle /Users/hyunholee/Library/Developer/Xcode/DerivedData/BamiLog-cmowuaiuamzlxlgpvixsmogdajlm/Build/Products/Debug-iphonesimulator/BamiLog.app

Copy /Users/hyunholee/Library/Developer/Xcode/DerivedData/BamiLog-cmowuaiuamzlxlgpvixsmogdajlm/Build/Products/Debug-iphonesimulator/BamiLog.app/GoogleUtilities_GoogleUtilities-MethodSwizzler.bundle /Users/hyunholee/Library/Developer/Xcode/DerivedData/BamiLog-cmowuaiuamzlxlgpvixsmogdajlm/Build/Products/Debug-iphonesimulator/GoogleUtilities_GoogleUtilities-MethodSwizzler.bundle (in target 'BamiLog' from project 'BamiLog')
    cd /Users/hyunholee/Documents/workspace/code/BamiLog
    builtin-copy -exclude .DS_Store -exclude CVS -exclude .svn -exclude .git -exclude .hg -resolve-src-symlinks /Users/hyunholee/Library/Developer/Xcode/DerivedData/BamiLog-cmowuaiuamzlxlgpvixsmogdajlm/Build/Products/Debug-iphonesimulator/GoogleUtilities_GoogleUtilities-MethodSwizzler.bundle /Users/hyunholee/Library/Developer/Xcode/DerivedData/BamiLog-cmowuaiuamzlxlgpvixsmogdajlm/Build/Products/Debug-iphonesimulator/BamiLog.app

Copy /Users/hyunholee/Library/Developer/Xcode/DerivedData/BamiLog-cmowuaiuamzlxlgpvixsmogdajlm/Build/Products/Debug-iphonesimulator/BamiLog.app/GoogleUtilities_GoogleUtilities-Logger.bundle /Users/hyunholee/Library/Developer/Xcode/DerivedData/BamiLog-cmowuaiuamzlxlgpvixsmogdajlm/Build/Products/Debug-iphonesimulator/GoogleUtilities_GoogleUtilities-Logger.bundle (in target 'BamiLog' from project 'BamiLog')
    cd /Users/hyunholee/Documents/workspace/code/BamiLog
    builtin-copy -exclude .DS_Store -exclude CVS -exclude .svn -exclude .git -exclude .hg -resolve-src-symlinks /Users/hyunholee/Library/Developer/Xcode/DerivedData/BamiLog-cmowuaiuamzlxlgpvixsmogdajlm/Build/Products/Debug-iphonesimulator/GoogleUtilities_GoogleUtilities-Logger.bundle /Users/hyunholee/Library/Developer/Xcode/DerivedData/BamiLog-cmowuaiuamzlxlgpvixsmogdajlm/Build/Products/Debug-iphonesimulator/BamiLog.app

Copy /Users/hyunholee/Library/Developer/Xcode/DerivedData/BamiLog-cmowuaiuamzlxlgpvixsmogdajlm/Build/Products/Debug-iphonesimulator/BamiLog.app/GoogleUtilities_GoogleUtilities-Environment.bundle /Users/hyunholee/Library/Developer/Xcode/DerivedData/BamiLog-cmowuaiuamzlxlgpvixsmogdajlm/Build/Products/Debug-iphonesimulator/GoogleUtilities_GoogleUtilities-Environment.bundle (in target 'BamiLog' from project 'BamiLog')
    cd /Users/hyunholee/Documents/workspace/code/BamiLog
    builtin-copy -exclude .DS_Store -exclude CVS -exclude .svn -exclude .git -exclude .hg -resolve-src-symlinks /Users/hyunholee/Library/Developer/Xcode/DerivedData/BamiLog-cmowuaiuamzlxlgpvixsmogdajlm/Build/Products/Debug-iphonesimulator/GoogleUtilities_GoogleUtilities-Environment.bundle /Users/hyunholee/Library/Developer/Xcode/DerivedData/BamiLog-cmowuaiuamzlxlgpvixsmogdajlm/Build/Products/Debug-iphonesimulator/BamiLog.app

Copy /Users/hyunholee/Library/Developer/Xcode/DerivedData/BamiLog-cmowuaiuamzlxlgpvixsmogdajlm/Build/Products/Debug-iphonesimulator/BamiLog.app/GoogleUtilities_GoogleUtilities-AppDelegateSwizzler.bundle /Users/hyunholee/Library/Developer/Xcode/DerivedData/BamiLog-cmowuaiuamzlxlgpvixsmogdajlm/Build/Products/Debug-iphonesimulator/GoogleUtilities_GoogleUtilities-AppDelegateSwizzler.bundle (in target 'BamiLog' from project 'BamiLog')
    cd /Users/hyunholee/Documents/workspace/code/BamiLog
    builtin-copy -exclude .DS_Store -exclude CVS -exclude .svn -exclude .git -exclude .hg -resolve-src-symlinks /Users/hyunholee/Library/Developer/Xcode/DerivedData/BamiLog-cmowuaiuamzlxlgpvixsmogdajlm/Build/Products/Debug-iphonesimulator/GoogleUtilities_GoogleUtilities-AppDelegateSwizzler.bundle /Users/hyunholee/Library/Developer/Xcode/DerivedData/BamiLog-cmowuaiuamzlxlgpvixsmogdajlm/Build/Products/Debug-iphonesimulator/BamiLog.app

Copy /Users/hyunholee/Library/Developer/Xcode/DerivedData/BamiLog-cmowuaiuamzlxlgpvixsmogdajlm/Build/Products/Debug-iphonesimulator/BamiLog.app/GoogleDataTransport_GoogleDataTransport.bundle /Users/hyunholee/Library/Developer/Xcode/DerivedData/BamiLog-cmowuaiuamzlxlgpvixsmogdajlm/Build/Products/Debug-iphonesimulator/GoogleDataTransport_GoogleDataTransport.bundle (in target 'BamiLog' from project 'BamiLog')
    cd /Users/hyunholee/Documents/workspace/code/BamiLog
    builtin-copy -exclude .DS_Store -exclude CVS -exclude .svn -exclude .git -exclude .hg -resolve-src-symlinks /Users/hyunholee/Library/Developer/Xcode/DerivedData/BamiLog-cmowuaiuamzlxlgpvixsmogdajlm/Build/Products/Debug-iphonesimulator/GoogleDataTransport_GoogleDataTransport.bundle /Users/hyunholee/Library/Developer/Xcode/DerivedData/BamiLog-cmowuaiuamzlxlgpvixsmogdajlm/Build/Products/Debug-iphonesimulator/BamiLog.app

Copy /Users/hyunholee/Library/Developer/Xcode/DerivedData/BamiLog-cmowuaiuamzlxlgpvixsmogdajlm/Build/Products/Debug-iphonesimulator/BamiLog.app/GTMSessionFetcher_GTMSessionFetcherCore.bundle /Users/hyunholee/Library/Developer/Xcode/DerivedData/BamiLog-cmowuaiuamzlxlgpvixsmogdajlm/Build/Products/Debug-iphonesimulator/GTMSessionFetcher_GTMSessionFetcherCore.bundle (in target 'BamiLog' from project 'BamiLog')
    cd /Users/hyunholee/Documents/workspace/code/BamiLog
    builtin-copy -exclude .DS_Store -exclude CVS -exclude .svn -exclude .git -exclude .hg -resolve-src-symlinks /Users/hyunholee/Library/Developer/Xcode/DerivedData/BamiLog-cmowuaiuamzlxlgpvixsmogdajlm/Build/Products/Debug-iphonesimulator/GTMSessionFetcher_GTMSessionFetcherCore.bundle /Users/hyunholee/Library/Developer/Xcode/DerivedData/BamiLog-cmowuaiuamzlxlgpvixsmogdajlm/Build/Products/Debug-iphonesimulator/BamiLog.app

Copy /Users/hyunholee/Library/Developer/Xcode/DerivedData/BamiLog-cmowuaiuamzlxlgpvixsmogdajlm/Build/Products/Debug-iphonesimulator/BamiLog.app/Firebase_FirebaseRemoteConfig.bundle /Users/hyunholee/Library/Developer/Xcode/DerivedData/BamiLog-cmowuaiuamzlxlgpvixsmogdajlm/Build/Products/Debug-iphonesimulator/Firebase_FirebaseRemoteConfig.bundle (in target 'BamiLog' from project 'BamiLog')
    cd /Users/hyunholee/Documents/workspace/code/BamiLog
    builtin-copy -exclude .DS_Store -exclude CVS -exclude .svn -exclude .git -exclude .hg -resolve-src-symlinks /Users/hyunholee/Library/Developer/Xcode/DerivedData/BamiLog-cmowuaiuamzlxlgpvixsmogdajlm/Build/Products/Debug-iphonesimulator/Firebase_FirebaseRemoteConfig.bundle /Users/hyunholee/Library/Developer/Xcode/DerivedData/BamiLog-cmowuaiuamzlxlgpvixsmogdajlm/Build/Products/Debug-iphonesimulator/BamiLog.app

Copy /Users/hyunholee/Library/Developer/Xcode/DerivedData/BamiLog-cmowuaiuamzlxlgpvixsmogdajlm/Build/Products/Debug-iphonesimulator/BamiLog.app/Firebase_FirebaseMessaging.bundle /Users/hyunholee/Library/Developer/Xcode/DerivedData/BamiLog-cmowuaiuamzlxlgpvixsmogdajlm/Build/Products/Debug-iphonesimulator/Firebase_FirebaseMessaging.bundle (in target 'BamiLog' from project 'BamiLog')
    cd /Users/hyunholee/Documents/workspace/code/BamiLog
    builtin-copy -exclude .DS_Store -exclude CVS -exclude .svn -exclude .git -exclude .hg -resolve-src-symlinks /Users/hyunholee/Library/Developer/Xcode/DerivedData/BamiLog-cmowuaiuamzlxlgpvixsmogdajlm/Build/Products/Debug-iphonesimulator/Firebase_FirebaseMessaging.bundle /Users/hyunholee/Library/Developer/Xcode/DerivedData/BamiLog-cmowuaiuamzlxlgpvixsmogdajlm/Build/Products/Debug-iphonesimulator/BamiLog.app

Copy /Users/hyunholee/Library/Developer/Xcode/DerivedData/BamiLog-cmowuaiuamzlxlgpvixsmogdajlm/Build/Products/Debug-iphonesimulator/BamiLog.app/Firebase_FirebaseInstallations.bundle /Users/hyunholee/Library/Developer/Xcode/DerivedData/BamiLog-cmowuaiuamzlxlgpvixsmogdajlm/Build/Products/Debug-iphonesimulator/Firebase_FirebaseInstallations.bundle (in target 'BamiLog' from project 'BamiLog')
    cd /Users/hyunholee/Documents/workspace/code/BamiLog
    builtin-copy -exclude .DS_Store -exclude CVS -exclude .svn -exclude .git -exclude .hg -resolve-src-symlinks /Users/hyunholee/Library/Developer/Xcode/DerivedData/BamiLog-cmowuaiuamzlxlgpvixsmogdajlm/Build/Products/Debug-iphonesimulator/Firebase_FirebaseInstallations.bundle /Users/hyunholee/Library/Developer/Xcode/DerivedData/BamiLog-cmowuaiuamzlxlgpvixsmogdajlm/Build/Products/Debug-iphonesimulator/BamiLog.app

Copy /Users/hyunholee/Library/Developer/Xcode/DerivedData/BamiLog-cmowuaiuamzlxlgpvixsmogdajlm/Build/Products/Debug-iphonesimulator/BamiLog.app/Firebase_FirebaseInAppMessaging_iOS.bundle /Users/hyunholee/Library/Developer/Xcode/DerivedData/BamiLog-cmowuaiuamzlxlgpvixsmogdajlm/Build/Products/Debug-iphonesimulator/Firebase_FirebaseInAppMessaging_iOS.bundle (in target 'BamiLog' from project 'BamiLog')
    cd /Users/hyunholee/Documents/workspace/code/BamiLog
    builtin-copy -exclude .DS_Store -exclude CVS -exclude .svn -exclude .git -exclude .hg -resolve-src-symlinks /Users/hyunholee/Library/Developer/Xcode/DerivedData/BamiLog-cmowuaiuamzlxlgpvixsmogdajlm/Build/Products/Debug-iphonesimulator/Firebase_FirebaseInAppMessaging_iOS.bundle /Users/hyunholee/Library/Developer/Xcode/DerivedData/BamiLog-cmowuaiuamzlxlgpvixsmogdajlm/Build/Products/Debug-iphonesimulator/BamiLog.app

Copy /Users/hyunholee/Library/Developer/Xcode/DerivedData/BamiLog-cmowuaiuamzlxlgpvixsmogdajlm/Build/Products/Debug-iphonesimulator/BamiLog.app/Firebase_FirebaseFirestore.bundle /Users/hyunholee/Library/Developer/Xcode/DerivedData/BamiLog-cmowuaiuamzlxlgpvixsmogdajlm/Build/Products/Debug-iphonesimulator/Firebase_FirebaseFirestore.bundle (in target 'BamiLog' from project 'BamiLog')
    cd /Users/hyunholee/Documents/workspace/code/BamiLog
    builtin-copy -exclude .DS_Store -exclude CVS -exclude .svn -exclude .git -exclude .hg -resolve-src-symlinks /Users/hyunholee/Library/Developer/Xcode/DerivedData/BamiLog-cmowuaiuamzlxlgpvixsmogdajlm/Build/Products/Debug-iphonesimulator/Firebase_FirebaseFirestore.bundle /Users/hyunholee/Library/Developer/Xcode/DerivedData/BamiLog-cmowuaiuamzlxlgpvixsmogdajlm/Build/Products/Debug-iphonesimulator/BamiLog.app

Copy /Users/hyunholee/Library/Developer/Xcode/DerivedData/BamiLog-cmowuaiuamzlxlgpvixsmogdajlm/Build/Products/Debug-iphonesimulator/BamiLog.app/Firebase_FirebaseCrashlyticsSwift.bundle /Users/hyunholee/Library/Developer/Xcode/DerivedData/BamiLog-cmowuaiuamzlxlgpvixsmogdajlm/Build/Products/Debug-iphonesimulator/Firebase_FirebaseCrashlyticsSwift.bundle (in target 'BamiLog' from project 'BamiLog')
    cd /Users/hyunholee/Documents/workspace/code/BamiLog
    builtin-copy -exclude .DS_Store -exclude CVS -exclude .svn -exclude .git -exclude .hg -resolve-src-symlinks /Users/hyunholee/Library/Developer/Xcode/DerivedData/BamiLog-cmowuaiuamzlxlgpvixsmogdajlm/Build/Products/Debug-iphonesimulator/Firebase_FirebaseCrashlyticsSwift.bundle /Users/hyunholee/Library/Developer/Xcode/DerivedData/BamiLog-cmowuaiuamzlxlgpvixsmogdajlm/Build/Products/Debug-iphonesimulator/BamiLog.app

Copy /Users/hyunholee/Library/Developer/Xcode/DerivedData/BamiLog-cmowuaiuamzlxlgpvixsmogdajlm/Build/Products/Debug-iphonesimulator/BamiLog.app/Firebase_FirebaseCrashlytics.bundle /Users/hyunholee/Library/Developer/Xcode/DerivedData/BamiLog-cmowuaiuamzlxlgpvixsmogdajlm/Build/Products/Debug-iphonesimulator/Firebase_FirebaseCrashlytics.bundle (in target 'BamiLog' from project 'BamiLog')
    cd /Users/hyunholee/Documents/workspace/code/BamiLog
    builtin-copy -exclude .DS_Store -exclude CVS -exclude .svn -exclude .git -exclude .hg -resolve-src-symlinks /Users/hyunholee/Library/Developer/Xcode/DerivedData/BamiLog-cmowuaiuamzlxlgpvixsmogdajlm/Build/Products/Debug-iphonesimulator/Firebase_FirebaseCrashlytics.bundle /Users/hyunholee/Library/Developer/Xcode/DerivedData/BamiLog-cmowuaiuamzlxlgpvixsmogdajlm/Build/Products/Debug-iphonesimulator/BamiLog.app

Copy /Users/hyunholee/Library/Developer/Xcode/DerivedData/BamiLog-cmowuaiuamzlxlgpvixsmogdajlm/Build/Products/Debug-iphonesimulator/BamiLog.app/Firebase_FirebaseCoreInternal.bundle /Users/hyunholee/Library/Developer/Xcode/DerivedData/BamiLog-cmowuaiuamzlxlgpvixsmogdajlm/Build/Products/Debug-iphonesimulator/Firebase_FirebaseCoreInternal.bundle (in target 'BamiLog' from project 'BamiLog')
    cd /Users/hyunholee/Documents/workspace/code/BamiLog
    builtin-copy -exclude .DS_Store -exclude CVS -exclude .svn -exclude .git -exclude .hg -resolve-src-symlinks /Users/hyunholee/Library/Developer/Xcode/DerivedData/BamiLog-cmowuaiuamzlxlgpvixsmogdajlm/Build/Products/Debug-iphonesimulator/Firebase_FirebaseCoreInternal.bundle /Users/hyunholee/Library/Developer/Xcode/DerivedData/BamiLog-cmowuaiuamzlxlgpvixsmogdajlm/Build/Products/Debug-iphonesimulator/BamiLog.app

Copy /Users/hyunholee/Library/Developer/Xcode/DerivedData/BamiLog-cmowuaiuamzlxlgpvixsmogdajlm/Build/Products/Debug-iphonesimulator/BamiLog.app/Firebase_FirebaseCoreExtension.bundle /Users/hyunholee/Library/Developer/Xcode/DerivedData/BamiLog-cmowuaiuamzlxlgpvixsmogdajlm/Build/Products/Debug-iphonesimulator/Firebase_FirebaseCoreExtension.bundle (in target 'BamiLog' from project 'BamiLog')
    cd /Users/hyunholee/Documents/workspace/code/BamiLog
    builtin-copy -exclude .DS_Store -exclude CVS -exclude .svn -exclude .git -exclude .hg -resolve-src-symlinks /Users/hyunholee/Library/Developer/Xcode/DerivedData/BamiLog-cmowuaiuamzlxlgpvixsmogdajlm/Build/Products/Debug-iphonesimulator/Firebase_FirebaseCoreExtension.bundle /Users/hyunholee/Library/Developer/Xcode/DerivedData/BamiLog-cmowuaiuamzlxlgpvixsmogdajlm/Build/Products/Debug-iphonesimulator/BamiLog.app

Copy /Users/hyunholee/Library/Developer/Xcode/DerivedData/BamiLog-cmowuaiuamzlxlgpvixsmogdajlm/Build/Products/Debug-iphonesimulator/BamiLog.app/Firebase_FirebaseCore.bundle /Users/hyunholee/Library/Developer/Xcode/DerivedData/BamiLog-cmowuaiuamzlxlgpvixsmogdajlm/Build/Products/Debug-iphonesimulator/Firebase_FirebaseCore.bundle (in target 'BamiLog' from project 'BamiLog')
    cd /Users/hyunholee/Documents/workspace/code/BamiLog
    builtin-copy -exclude .DS_Store -exclude CVS -exclude .svn -exclude .git -exclude .hg -resolve-src-symlinks /Users/hyunholee/Library/Developer/Xcode/DerivedData/BamiLog-cmowuaiuamzlxlgpvixsmogdajlm/Build/Products/Debug-iphonesimulator/Firebase_FirebaseCore.bundle /Users/hyunholee/Library/Developer/Xcode/DerivedData/BamiLog-cmowuaiuamzlxlgpvixsmogdajlm/Build/Products/Debug-iphonesimulator/BamiLog.app

Copy /Users/hyunholee/Library/Developer/Xcode/DerivedData/BamiLog-cmowuaiuamzlxlgpvixsmogdajlm/Build/Products/Debug-iphonesimulator/BamiLog.app/Firebase_FirebaseAuth.bundle /Users/hyunholee/Library/Developer/Xcode/DerivedData/BamiLog-cmowuaiuamzlxlgpvixsmogdajlm/Build/Products/Debug-iphonesimulator/Firebase_FirebaseAuth.bundle (in target 'BamiLog' from project 'BamiLog')
    cd /Users/hyunholee/Documents/workspace/code/BamiLog
    builtin-copy -exclude .DS_Store -exclude CVS -exclude .svn -exclude .git -exclude .hg -resolve-src-symlinks /Users/hyunholee/Library/Developer/Xcode/DerivedData/BamiLog-cmowuaiuamzlxlgpvixsmogdajlm/Build/Products/Debug-iphonesimulator/Firebase_FirebaseAuth.bundle /Users/hyunholee/Library/Developer/Xcode/DerivedData/BamiLog-cmowuaiuamzlxlgpvixsmogdajlm/Build/Products/Debug-iphonesimulator/BamiLog.app

Copy /Users/hyunholee/Library/Developer/Xcode/DerivedData/BamiLog-cmowuaiuamzlxlgpvixsmogdajlm/Build/Products/Debug-iphonesimulator/BamiLog.app/Firebase_FirebaseABTesting.bundle /Users/hyunholee/Library/Developer/Xcode/DerivedData/BamiLog-cmowuaiuamzlxlgpvixsmogdajlm/Build/Products/Debug-iphonesimulator/Firebase_FirebaseABTesting.bundle (in target 'BamiLog' from project 'BamiLog')
    cd /Users/hyunholee/Documents/workspace/code/BamiLog
    builtin-copy -exclude .DS_Store -exclude CVS -exclude .svn -exclude .git -exclude .hg -resolve-src-symlinks /Users/hyunholee/Library/Developer/Xcode/DerivedData/BamiLog-cmowuaiuamzlxlgpvixsmogdajlm/Build/Products/Debug-iphonesimulator/Firebase_FirebaseABTesting.bundle /Users/hyunholee/Library/Developer/Xcode/DerivedData/BamiLog-cmowuaiuamzlxlgpvixsmogdajlm/Build/Products/Debug-iphonesimulator/BamiLog.app

ProcessInfoPlistFile /Users/hyunholee/Library/Developer/Xcode/DerivedData/BamiLog-cmowuaiuamzlxlgpvixsmogdajlm/Build/Products/Debug-iphonesimulator/BamiLog.app/Info.plist /Users/hyunholee/Documents/workspace/code/BamiLog/BamiLog/Info.plist (in target 'BamiLog' from project 'BamiLog')
    cd /Users/hyunholee/Documents/workspace/code/BamiLog
    builtin-infoPlistUtility /Users/hyunholee/Documents/workspace/code/BamiLog/BamiLog/Info.plist -producttype com.apple.product-type.application -genpkginfo /Users/hyunholee/Library/Developer/Xcode/DerivedData/BamiLog-cmowuaiuamzlxlgpvixsmogdajlm/Build/Products/Debug-iphonesimulator/BamiLog.app/PkgInfo -expandbuildsettings -format binary -platform iphonesimulator -additionalcontentfile /Users/hyunholee/Library/Developer/Xcode/DerivedData/BamiLog-cmowuaiuamzlxlgpvixsmogdajlm/Build/Intermediates.noindex/BamiLog.build/Debug-iphonesimulator/BamiLog.build/assetcatalog_generated_info.plist -scanforprivacyfile /Users/hyunholee/Library/Developer/Xcode/DerivedData/BamiLog-cmowuaiuamzlxlgpvixsmogdajlm/Build/Products/Debug-iphonesimulator/BamiLog.app/Firebase_FirebaseABTesting.bundle -scanforprivacyfile /Users/hyunholee/Library/Developer/Xcode/DerivedData/BamiLog-cmowuaiuamzlxlgpvixsmogdajlm/Build/Products/Debug-iphonesimulator/BamiLog.app/Firebase_FirebaseAuth.bundle -scanforprivacyfile /Users/hyunholee/Library/Developer/Xcode/DerivedData/BamiLog-cmowuaiuamzlxlgpvixsmogdajlm/Build/Products/Debug-iphonesimulator/BamiLog.app/Firebase_FirebaseCore.bundle -scanforprivacyfile /Users/hyunholee/Library/Developer/Xcode/DerivedData/BamiLog-cmowuaiuamzlxlgpvixsmogdajlm/Build/Products/Debug-iphonesimulator/BamiLog.app/Firebase_FirebaseCoreExtension.bundle -scanforprivacyfile /Users/hyunholee/Library/Developer/Xcode/DerivedData/BamiLog-cmowuaiuamzlxlgpvixsmogdajlm/Build/Products/Debug-iphonesimulator/BamiLog.app/Firebase_FirebaseCoreInternal.bundle -scanforprivacyfile /Users/hyunholee/Library/Developer/Xcode/DerivedData/BamiLog-cmowuaiuamzlxlgpvixsmogdajlm/Build/Products/Debug-iphonesimulator/BamiLog.app/Firebase_FirebaseCrashlytics.bundle -scanforprivacyfile /Users/hyunholee/Library/Developer/Xcode/DerivedData/BamiLog-cmowuaiuamzlxlgpvixsmogdajlm/Build/Products/Debug-iphonesimulator/BamiLog.app/Firebase_FirebaseCrashlyticsSwift.bundle -scanforprivacyfile /Users/hyunholee/Library/Developer/Xcode/DerivedData/BamiLog-cmowuaiuamzlxlgpvixsmogdajlm/Build/Products/Debug-iphonesimulator/BamiLog.app/Firebase_FirebaseFirestore.bundle -scanforprivacyfile /Users/hyunholee/Library/Developer/Xcode/DerivedData/BamiLog-cmowuaiuamzlxlgpvixsmogdajlm/Build/Products/Debug-iphonesimulator/BamiLog.app/Firebase_FirebaseInAppMessaging_iOS.bundle -scanforprivacyfile /Users/hyunholee/Library/Developer/Xcode/DerivedData/BamiLog-cmowuaiuamzlxlgpvixsmogdajlm/Build/Products/Debug-iphonesimulator/BamiLog.app/Firebase_FirebaseInstallations.bundle -scanforprivacyfile /Users/hyunholee/Library/Developer/Xcode/DerivedData/BamiLog-cmowuaiuamzlxlgpvixsmogdajlm/Build/Products/Debug-iphonesimulator/BamiLog.app/Firebase_FirebaseMessaging.bundle -scanforprivacyfile /Users/hyunholee/Library/Developer/Xcode/DerivedData/BamiLog-cmowuaiuamzlxlgpvixsmogdajlm/Build/Products/Debug-iphonesimulator/BamiLog.app/Firebase_FirebaseRemoteConfig.bundle -scanforprivacyfile /Users/hyunholee/Library/Developer/Xcode/DerivedData/BamiLog-cmowuaiuamzlxlgpvixsmogdajlm/Build/Products/Debug-iphonesimulator/BamiLog.app/Frameworks/FirebaseAnalytics.framework -scanforprivacyfile /Users/hyunholee/Library/Developer/Xcode/DerivedData/BamiLog-cmowuaiuamzlxlgpvixsmogdajlm/Build/Products/Debug-iphonesimulator/BamiLog.app/Frameworks/FirebaseFirestoreInternal.framework -scanforprivacyfile /Users/hyunholee/Library/Developer/Xcode/DerivedData/BamiLog-cmowuaiuamzlxlgpvixsmogdajlm/Build/Products/Debug-iphonesimulator/BamiLog.app/Frameworks/GoogleAdsOnDeviceConversion.framework -scanforprivacyfile /Users/hyunholee/Library/Developer/Xcode/DerivedData/BamiLog-cmowuaiuamzlxlgpvixsmogdajlm/Build/Products/Debug-iphonesimulator/BamiLog.app/Frameworks/GoogleAppMeasurement.framework -scanforprivacyfile /Users/hyunholee/Library/Developer/Xcode/DerivedData/BamiLog-cmowuaiuamzlxlgpvixsmogdajlm/Build/Products/Debug-iphonesimulator/BamiLog.app/Frameworks/GoogleAppMeasurementIdentitySupport.framework -scanforprivacyfile /Users/hyunholee/Library/Developer/Xcode/DerivedData/BamiLog-cmowuaiuamzlxlgpvixsmogdajlm/Build/Products/Debug-iphonesimulator/BamiLog.app/Frameworks/absl.framework -scanforprivacyfile /Users/hyunholee/Library/Developer/Xcode/DerivedData/BamiLog-cmowuaiuamzlxlgpvixsmogdajlm/Build/Products/Debug-iphonesimulator/BamiLog.app/Frameworks/grpc.framework -scanforprivacyfile /Users/hyunholee/Library/Developer/Xcode/DerivedData/BamiLog-cmowuaiuamzlxlgpvixsmogdajlm/Build/Products/Debug-iphonesimulator/BamiLog.app/Frameworks/grpcpp.framework -scanforprivacyfile /Users/hyunholee/Library/Developer/Xcode/DerivedData/BamiLog-cmowuaiuamzlxlgpvixsmogdajlm/Build/Products/Debug-iphonesimulator/BamiLog.app/Frameworks/openssl_grpc.framework -scanforprivacyfile /Users/hyunholee/Library/Developer/Xcode/DerivedData/BamiLog-cmowuaiuamzlxlgpvixsmogdajlm/Build/Products/Debug-iphonesimulator/BamiLog.app/GTMSessionFetcher_GTMSessionFetcherCore.bundle -scanforprivacyfile /Users/hyunholee/Library/Developer/Xcode/DerivedData/BamiLog-cmowuaiuamzlxlgpvixsmogdajlm/Build/Products/Debug-iphonesimulator/BamiLog.app/GoogleDataTransport_GoogleDataTransport.bundle -scanforprivacyfile /Users/hyunholee/Library/Developer/Xcode/DerivedData/BamiLog-cmowuaiuamzlxlgpvixsmogdajlm/Build/Products/Debug-iphonesimulator/BamiLog.app/GoogleUtilities_GoogleUtilities-AppDelegateSwizzler.bundle -scanforprivacyfile /Users/hyunholee/Library/Developer/Xcode/DerivedData/BamiLog-cmowuaiuamzlxlgpvixsmogdajlm/Build/Products/Debug-iphonesimulator/BamiLog.app/GoogleUtilities_GoogleUtilities-Environment.bundle -scanforprivacyfile /Users/hyunholee/Library/Developer/Xcode/DerivedData/BamiLog-cmowuaiuamzlxlgpvixsmogdajlm/Build/Products/Debug-iphonesimulator/BamiLog.app/GoogleUtilities_GoogleUtilities-Logger.bundle -scanforprivacyfile /Users/hyunholee/Library/Developer/Xcode/DerivedData/BamiLog-cmowuaiuamzlxlgpvixsmogdajlm/Build/Products/Debug-iphonesimulator/BamiLog.app/GoogleUtilities_GoogleUtilities-MethodSwizzler.bundle -scanforprivacyfile /Users/hyunholee/Library/Developer/Xcode/DerivedData/BamiLog-cmowuaiuamzlxlgpvixsmogdajlm/Build/Products/Debug-iphonesimulator/BamiLog.app/GoogleUtilities_GoogleUtilities-NSData.bundle -scanforprivacyfile /Users/hyunholee/Library/Developer/Xcode/DerivedData/BamiLog-cmowuaiuamzlxlgpvixsmogdajlm/Build/Products/Debug-iphonesimulator/BamiLog.app/GoogleUtilities_GoogleUtilities-Network.bundle -scanforprivacyfile /Users/hyunholee/Library/Developer/Xcode/DerivedData/BamiLog-cmowuaiuamzlxlgpvixsmogdajlm/Build/Products/Debug-iphonesimulator/BamiLog.app/GoogleUtilities_GoogleUtilities-Reachability.bundle -scanforprivacyfile /Users/hyunholee/Library/Developer/Xcode/DerivedData/BamiLog-cmowuaiuamzlxlgpvixsmogdajlm/Build/Products/Debug-iphonesimulator/BamiLog.app/GoogleUtilities_GoogleUtilities-UserDefaults.bundle -scanforprivacyfile /Users/hyunholee/Library/Developer/Xcode/DerivedData/BamiLog-cmowuaiuamzlxlgpvixsmogdajlm/Build/Products/Debug-iphonesimulator/BamiLog.app/Promises_FBLPromises.bundle -scanforprivacyfile /Users/hyunholee/Library/Developer/Xcode/DerivedData/BamiLog-cmowuaiuamzlxlgpvixsmogdajlm/Build/Products/Debug-iphonesimulator/BamiLog.app/Promises_Promises.bundle -scanforprivacyfile /Users/hyunholee/Library/Developer/Xcode/DerivedData/BamiLog-cmowuaiuamzlxlgpvixsmogdajlm/Build/Products/Debug-iphonesimulator/BamiLog.app/SwiftProtobuf_SwiftProtobuf.bundle -scanforprivacyfile /Users/hyunholee/Library/Developer/Xcode/DerivedData/BamiLog-cmowuaiuamzlxlgpvixsmogdajlm/Build/Products/Debug-iphonesimulator/BamiLog.app/abseil_abslWrapper.bundle -scanforprivacyfile /Users/hyunholee/Library/Developer/Xcode/DerivedData/BamiLog-cmowuaiuamzlxlgpvixsmogdajlm/Build/Products/Debug-iphonesimulator/BamiLog.app/gRPC_grpcWrapper.bundle -scanforprivacyfile /Users/hyunholee/Library/Developer/Xcode/DerivedData/BamiLog-cmowuaiuamzlxlgpvixsmogdajlm/Build/Products/Debug-iphonesimulator/BamiLog.app/gRPC_grpcppWrapper.bundle -scanforprivacyfile /Users/hyunholee/Library/Developer/Xcode/DerivedData/BamiLog-cmowuaiuamzlxlgpvixsmogdajlm/Build/Products/Debug-iphonesimulator/BamiLog.app/gRPC_opensslWrapper.bundle -scanforprivacyfile /Users/hyunholee/Library/Developer/Xcode/DerivedData/BamiLog-cmowuaiuamzlxlgpvixsmogdajlm/Build/Products/Debug-iphonesimulator/BamiLog.app/leveldb_leveldb.bundle -scanforprivacyfile /Users/hyunholee/Library/Developer/Xcode/DerivedData/BamiLog-cmowuaiuamzlxlgpvixsmogdajlm/Build/Products/Debug-iphonesimulator/BamiLog.app/nanopb_nanopb.bundle -o /Users/hyunholee/Library/Developer/Xcode/DerivedData/BamiLog-cmowuaiuamzlxlgpvixsmogdajlm/Build/Products/Debug-iphonesimulator/BamiLog.app/Info.plist

SwiftCompile normal arm64 Compiling\ AudioManager.swift,\ BamiLogApp.swift,\ LoginView.swift,\ SoundView.swift,\ Date+.swift,\ DiaperView.swift /Users/hyunholee/Documents/workspace/code/BamiLog/BamiLog/Managers/AudioManager.swift /Users/hyunholee/Documents/workspace/code/BamiLog/BamiLog/BamiLogApp.swift /Users/hyunholee/Documents/workspace/code/BamiLog/BamiLog/View/Login/LoginView.swift /Users/hyunholee/Documents/workspace/code/BamiLog/BamiLog/View/Menu/SoundView.swift /Users/hyunholee/Documents/workspace/code/BamiLog/BamiLog/Extension/Date+.swift /Users/hyunholee/Documents/workspace/code/BamiLog/BamiLog/View/Menu/DiaperView.swift (in target 'BamiLog' from project 'BamiLog')

SwiftCompile normal arm64 /Users/hyunholee/Documents/workspace/code/BamiLog/BamiLog/Managers/AudioManager.swift (in target 'BamiLog' from project 'BamiLog')
    cd /Users/hyunholee/Documents/workspace/code/BamiLog
    

SwiftCompile normal arm64 /Users/hyunholee/Documents/workspace/code/BamiLog/BamiLog/BamiLogApp.swift (in target 'BamiLog' from project 'BamiLog')
    cd /Users/hyunholee/Documents/workspace/code/BamiLog
    

SwiftCompile normal arm64 /Users/hyunholee/Documents/workspace/code/BamiLog/BamiLog/View/Login/LoginView.swift (in target 'BamiLog' from project 'BamiLog')
    cd /Users/hyunholee/Documents/workspace/code/BamiLog
    

SwiftCompile normal arm64 /Users/hyunholee/Documents/workspace/code/BamiLog/BamiLog/View/Menu/SoundView.swift (in target 'BamiLog' from project 'BamiLog')
    cd /Users/hyunholee/Documents/workspace/code/BamiLog
    

SwiftCompile normal arm64 /Users/hyunholee/Documents/workspace/code/BamiLog/BamiLog/Extension/Date+.swift (in target 'BamiLog' from project 'BamiLog')
    cd /Users/hyunholee/Documents/workspace/code/BamiLog
    

SwiftCompile normal arm64 /Users/hyunholee/Documents/workspace/code/BamiLog/BamiLog/View/Menu/DiaperView.swift (in target 'BamiLog' from project 'BamiLog')
    cd /Users/hyunholee/Documents/workspace/code/BamiLog
    

SwiftCompile normal arm64 Compiling\ StaticsView.swift,\ LogView.swift,\ AlertItem.swift,\ BathTimerView.swift,\ ContractionManager.swift,\ ContractionTrackingPhaseView.swift /Users/hyunholee/Documents/workspace/code/BamiLog/BamiLog/View/Menu/StaticsView.swift /Users/hyunholee/Documents/workspace/code/BamiLog/BamiLog/View/Components/LogView.swift /Users/hyunholee/Documents/workspace/code/BamiLog/BamiLog/View/QR/AlertItem.swift /Users/hyunholee/Documents/workspace/code/BamiLog/BamiLog/View/Menu/BathTimerView.swift /Users/hyunholee/Documents/workspace/code/BamiLog/BamiLog/Managers/ContractionManager.swift /Users/hyunholee/Documents/workspace/code/BamiLog/BamiLog/View/Phases/ContractionTrackingPhaseView.swift (in target 'BamiLog' from project 'BamiLog')

SwiftCompile normal arm64 /Users/hyunholee/Documents/workspace/code/BamiLog/BamiLog/View/Menu/StaticsView.swift (in target 'BamiLog' from project 'BamiLog')
    cd /Users/hyunholee/Documents/workspace/code/BamiLog
    

SwiftCompile normal arm64 /Users/hyunholee/Documents/workspace/code/BamiLog/BamiLog/View/Components/LogView.swift (in target 'BamiLog' from project 'BamiLog')
    cd /Users/hyunholee/Documents/workspace/code/BamiLog
    

SwiftCompile normal arm64 /Users/hyunholee/Documents/workspace/code/BamiLog/BamiLog/View/QR/AlertItem.swift (in target 'BamiLog' from project 'BamiLog')
    cd /Users/hyunholee/Documents/workspace/code/BamiLog
    

SwiftCompile normal arm64 /Users/hyunholee/Documents/workspace/code/BamiLog/BamiLog/View/Menu/BathTimerView.swift (in target 'BamiLog' from project 'BamiLog')
    cd /Users/hyunholee/Documents/workspace/code/BamiLog
    

SwiftCompile normal arm64 /Users/hyunholee/Documents/workspace/code/BamiLog/BamiLog/Managers/ContractionManager.swift (in target 'BamiLog' from project 'BamiLog')
    cd /Users/hyunholee/Documents/workspace/code/BamiLog
    

SwiftCompile normal arm64 /Users/hyunholee/Documents/workspace/code/BamiLog/BamiLog/View/Phases/ContractionTrackingPhaseView.swift (in target 'BamiLog' from project 'BamiLog')
    cd /Users/hyunholee/Documents/workspace/code/BamiLog
    

SwiftCompile normal arm64 Compiling\ MenuView.swift,\ EnterProfileView.swift,\ SleepingRecordView.swift,\ ContractionHistoryView.swift,\ RecordView.swift,\ QRCodeScanView.swift /Users/hyunholee/Documents/workspace/code/BamiLog/BamiLog/View/Menu/MenuView.swift /Users/hyunholee/Documents/workspace/code/BamiLog/BamiLog/View/EnterProfileView.swift /Users/hyunholee/Documents/workspace/code/BamiLog/BamiLog/View/Menu/SleepingRecordView.swift /Users/hyunholee/Documents/workspace/code/BamiLog/BamiLog/View/Components/ContractionHistoryView.swift /Users/hyunholee/Documents/workspace/code/BamiLog/BamiLog/View/RecordView.swift /Users/hyunholee/Documents/workspace/code/BamiLog/BamiLog/View/QR/QRCodeScanView.swift (in target 'BamiLog' from project 'BamiLog')

SwiftCompile normal arm64 /Users/hyunholee/Documents/workspace/code/BamiLog/BamiLog/View/Menu/MenuView.swift (in target 'BamiLog' from project 'BamiLog')
    cd /Users/hyunholee/Documents/workspace/code/BamiLog
    

SwiftCompile normal arm64 /Users/hyunholee/Documents/workspace/code/BamiLog/BamiLog/View/EnterProfileView.swift (in target 'BamiLog' from project 'BamiLog')
    cd /Users/hyunholee/Documents/workspace/code/BamiLog
    

SwiftCompile normal arm64 /Users/hyunholee/Documents/workspace/code/BamiLog/BamiLog/View/Menu/SleepingRecordView.swift (in target 'BamiLog' from project 'BamiLog')
    cd /Users/hyunholee/Documents/workspace/code/BamiLog
    

SwiftCompile normal arm64 /Users/hyunholee/Documents/workspace/code/BamiLog/BamiLog/View/Components/ContractionHistoryView.swift (in target 'BamiLog' from project 'BamiLog')
    cd /Users/hyunholee/Documents/workspace/code/BamiLog
    

SwiftCompile normal arm64 /Users/hyunholee/Documents/workspace/code/BamiLog/BamiLog/View/RecordView.swift (in target 'BamiLog' from project 'BamiLog')
    cd /Users/hyunholee/Documents/workspace/code/BamiLog
    

SwiftCompile normal arm64 /Users/hyunholee/Documents/workspace/code/BamiLog/BamiLog/View/QR/QRCodeScanView.swift (in target 'BamiLog' from project 'BamiLog')
    cd /Users/hyunholee/Documents/workspace/code/BamiLog
    

SwiftCompile normal arm64 Compiling\ ScannerViewController.swift,\ CoworkView.swift,\ OnboardingView.swift,\ ProfileEditView.swift,\ MenstrualModels.swift,\ PregnancyModels.swift /Users/hyunholee/Documents/workspace/code/BamiLog/BamiLog/View/QR/ScannerViewController.swift /Users/hyunholee/Documents/workspace/code/BamiLog/BamiLog/View/CoworkView.swift /Users/hyunholee/Documents/workspace/code/BamiLog/BamiLog/View/Onboarding/OnboardingView.swift /Users/hyunholee/Documents/workspace/code/BamiLog/BamiLog/View/Settings/ProfileEditView.swift /Users/hyunholee/Documents/workspace/code/BamiLog/BamiLog/Models/MenstrualModels.swift /Users/hyunholee/Documents/workspace/code/BamiLog/BamiLog/Models/PregnancyModels.swift (in target 'BamiLog' from project 'BamiLog')

SwiftCompile normal arm64 /Users/hyunholee/Documents/workspace/code/BamiLog/BamiLog/View/QR/ScannerViewController.swift (in target 'BamiLog' from project 'BamiLog')
    cd /Users/hyunholee/Documents/workspace/code/BamiLog
    

SwiftCompile normal arm64 /Users/hyunholee/Documents/workspace/code/BamiLog/BamiLog/View/CoworkView.swift (in target 'BamiLog' from project 'BamiLog')
    cd /Users/hyunholee/Documents/workspace/code/BamiLog
    

SwiftCompile normal arm64 /Users/hyunholee/Documents/workspace/code/BamiLog/BamiLog/View/Onboarding/OnboardingView.swift (in target 'BamiLog' from project 'BamiLog')
    cd /Users/hyunholee/Documents/workspace/code/BamiLog
    

SwiftCompile normal arm64 /Users/hyunholee/Documents/workspace/code/BamiLog/BamiLog/View/Settings/ProfileEditView.swift (in target 'BamiLog' from project 'BamiLog')
    cd /Users/hyunholee/Documents/workspace/code/BamiLog
    

SwiftCompile normal arm64 /Users/hyunholee/Documents/workspace/code/BamiLog/BamiLog/Models/MenstrualModels.swift (in target 'BamiLog' from project 'BamiLog')
    cd /Users/hyunholee/Documents/workspace/code/BamiLog
    

SwiftCompile normal arm64 /Users/hyunholee/Documents/workspace/code/BamiLog/BamiLog/Models/PregnancyModels.swift (in target 'BamiLog' from project 'BamiLog')
    cd /Users/hyunholee/Documents/workspace/code/BamiLog
    

SwiftCompile normal arm64 Compiling\ AppIconManager.swift,\ AppState.swift,\ DesignSystem.swift,\ MainView.swift,\ UIScreen+.swift,\ BreathingGuidePhaseView.swift /Users/hyunholee/Documents/workspace/code/BamiLog/BamiLog/Managers/AppIconManager.swift /Users/hyunholee/Documents/workspace/code/BamiLog/BamiLog/Imported/Models/AppState.swift /Users/hyunholee/Documents/workspace/code/BamiLog/BamiLog/Imported/Resources/DesignSystem.swift /Users/hyunholee/Documents/workspace/code/BamiLog/BamiLog/Imported/Views/MainView.swift /Users/hyunholee/Documents/workspace/code/BamiLog/BamiLog/Extension/UIScreen+.swift /Users/hyunholee/Documents/workspace/code/BamiLog/BamiLog/View/Phases/BreathingGuidePhaseView.swift (in target 'BamiLog' from project 'BamiLog')

SwiftCompile normal arm64 /Users/hyunholee/Documents/workspace/code/BamiLog/BamiLog/Managers/AppIconManager.swift (in target 'BamiLog' from project 'BamiLog')
    cd /Users/hyunholee/Documents/workspace/code/BamiLog
    

SwiftCompile normal arm64 /Users/hyunholee/Documents/workspace/code/BamiLog/BamiLog/Imported/Models/AppState.swift (in target 'BamiLog' from project 'BamiLog')
    cd /Users/hyunholee/Documents/workspace/code/BamiLog
    

SwiftCompile normal arm64 /Users/hyunholee/Documents/workspace/code/BamiLog/BamiLog/Imported/Resources/DesignSystem.swift (in target 'BamiLog' from project 'BamiLog')
    cd /Users/hyunholee/Documents/workspace/code/BamiLog
    

SwiftCompile normal arm64 /Users/hyunholee/Documents/workspace/code/BamiLog/BamiLog/Imported/Views/MainView.swift (in target 'BamiLog' from project 'BamiLog')
    cd /Users/hyunholee/Documents/workspace/code/BamiLog
    

SwiftCompile normal arm64 /Users/hyunholee/Documents/workspace/code/BamiLog/BamiLog/Extension/UIScreen+.swift (in target 'BamiLog' from project 'BamiLog')
    cd /Users/hyunholee/Documents/workspace/code/BamiLog
    

SwiftCompile normal arm64 /Users/hyunholee/Documents/workspace/code/BamiLog/BamiLog/View/Phases/BreathingGuidePhaseView.swift (in target 'BamiLog' from project 'BamiLog')
    cd /Users/hyunholee/Documents/workspace/code/BamiLog
    

SwiftCompile normal arm64 Compiling\ SettingsView.swift,\ ScannerView.swift,\ BottleFeedingView.swift,\ PersitenceManager.swift,\ ContractionTrackerView.swift,\ MainTabView.swift /Users/hyunholee/Documents/workspace/code/BamiLog/BamiLog/View/Settings/SettingsView.swift /Users/hyunholee/Documents/workspace/code/BamiLog/BamiLog/View/QR/ScannerView.swift /Users/hyunholee/Documents/workspace/code/BamiLog/BamiLog/View/Menu/BottleFeedingView.swift /Users/hyunholee/Documents/workspace/code/BamiLog/BamiLog/Managers/PersitenceManager.swift /Users/hyunholee/Documents/workspace/code/BamiLog/BamiLog/View/Components/ContractionTrackerView.swift /Users/hyunholee/Documents/workspace/code/BamiLog/BamiLog/Imported/Views/MainTabView.swift (in target 'BamiLog' from project 'BamiLog')

SwiftCompile normal arm64 /Users/hyunholee/Documents/workspace/code/BamiLog/BamiLog/View/Settings/SettingsView.swift (in target 'BamiLog' from project 'BamiLog')
    cd /Users/hyunholee/Documents/workspace/code/BamiLog
    

SwiftCompile normal arm64 /Users/hyunholee/Documents/workspace/code/BamiLog/BamiLog/View/QR/ScannerView.swift (in target 'BamiLog' from project 'BamiLog')
    cd /Users/hyunholee/Documents/workspace/code/BamiLog
    

SwiftCompile normal arm64 /Users/hyunholee/Documents/workspace/code/BamiLog/BamiLog/View/Menu/BottleFeedingView.swift (in target 'BamiLog' from project 'BamiLog')
    cd /Users/hyunholee/Documents/workspace/code/BamiLog
    

SwiftCompile normal arm64 /Users/hyunholee/Documents/workspace/code/BamiLog/BamiLog/Managers/PersitenceManager.swift (in target 'BamiLog' from project 'BamiLog')
    cd /Users/hyunholee/Documents/workspace/code/BamiLog
    

SwiftCompile normal arm64 /Users/hyunholee/Documents/workspace/code/BamiLog/BamiLog/View/Components/ContractionTrackerView.swift (in target 'BamiLog' from project 'BamiLog')
    cd /Users/hyunholee/Documents/workspace/code/BamiLog
    

SwiftCompile normal arm64 /Users/hyunholee/Documents/workspace/code/BamiLog/BamiLog/Imported/Views/MainTabView.swift (in target 'BamiLog' from project 'BamiLog')
    cd /Users/hyunholee/Documents/workspace/code/BamiLog
    

SwiftCompile normal arm64 Compiling\ MenstrualCycleManager.swift,\ PregnancyManager.swift,\ MenstrualTrackingPhaseView.swift,\ PregnancyPhaseView.swift,\ LaborAndBreathingPhaseView.swift /Users/hyunholee/Documents/workspace/code/BamiLog/BamiLog/Managers/MenstrualCycleManager.swift /Users/hyunholee/Documents/workspace/code/BamiLog/BamiLog/Managers/PregnancyManager.swift /Users/hyunholee/Documents/workspace/code/BamiLog/BamiLog/View/Phases/MenstrualTrackingPhaseView.swift /Users/hyunholee/Documents/workspace/code/BamiLog/BamiLog/View/Phases/PregnancyPhaseView.swift /Users/hyunholee/Documents/workspace/code/BamiLog/BamiLog/View/Phases/LaborAndBreathingPhaseView.swift (in target 'BamiLog' from project 'BamiLog')

SwiftCompile normal arm64 /Users/hyunholee/Documents/workspace/code/BamiLog/BamiLog/Managers/MenstrualCycleManager.swift (in target 'BamiLog' from project 'BamiLog')
    cd /Users/hyunholee/Documents/workspace/code/BamiLog
    

SwiftCompile normal arm64 /Users/hyunholee/Documents/workspace/code/BamiLog/BamiLog/Managers/PregnancyManager.swift (in target 'BamiLog' from project 'BamiLog')
    cd /Users/hyunholee/Documents/workspace/code/BamiLog
    

SwiftCompile normal arm64 /Users/hyunholee/Documents/workspace/code/BamiLog/BamiLog/View/Phases/MenstrualTrackingPhaseView.swift (in target 'BamiLog' from project 'BamiLog')
    cd /Users/hyunholee/Documents/workspace/code/BamiLog
    

SwiftCompile normal arm64 /Users/hyunholee/Documents/workspace/code/BamiLog/BamiLog/View/Phases/PregnancyPhaseView.swift (in target 'BamiLog' from project 'BamiLog')
    cd /Users/hyunholee/Documents/workspace/code/BamiLog
    

SwiftCompile normal arm64 /Users/hyunholee/Documents/workspace/code/BamiLog/BamiLog/View/Phases/LaborAndBreathingPhaseView.swift (in target 'BamiLog' from project 'BamiLog')
    cd /Users/hyunholee/Documents/workspace/code/BamiLog
    

SwiftEmitModule normal arm64 Emitting\ module\ for\ BamiLog (in target 'BamiLog' from project 'BamiLog')

EmitSwiftModule normal arm64 (in target 'BamiLog' from project 'BamiLog')
    cd /Users/hyunholee/Documents/workspace/code/BamiLog
    

SwiftCompile normal arm64 Compiling\ GrowthDiaryPhaseView.swift,\ ToothTrackerView.swift,\ DashboardView.swift,\ AddGrowthRecordView.swift,\ GrowthChartView.swift /Users/hyunholee/Documents/workspace/code/BamiLog/BamiLog/View/Phases/GrowthDiaryPhaseView.swift /Users/hyunholee/Documents/workspace/code/BamiLog/BamiLog/View/GrowthDiary/ToothTrackerView.swift /Users/hyunholee/Documents/workspace/code/BamiLog/BamiLog/View/GrowthDiary/DashboardView.swift /Users/hyunholee/Documents/workspace/code/BamiLog/BamiLog/View/GrowthDiary/AddGrowthRecordView.swift /Users/hyunholee/Documents/workspace/code/BamiLog/BamiLog/View/GrowthDiary/GrowthChartView.swift (in target 'BamiLog' from project 'BamiLog')
Failed frontend command:
/Applications/Xcode.app/Contents/Developer/Toolchains/XcodeDefault.xctoolchain/usr/bin/swift-frontend -frontend -c /Users/hyunholee/Documents/workspace/code/BamiLog/BamiLog/View/Menu/MenuView.swift /Users/hyunholee/Documents/workspace/code/BamiLog/BamiLog/View/EnterProfileView.swift /Users/hyunholee/Documents/workspace/code/BamiLog/BamiLog/View/Menu/SleepingRecordView.swift /Users/hyunholee/Documents/workspace/code/BamiLog/BamiLog/View/Components/ContractionHistoryView.swift /Users/hyunholee/Documents/workspace/code/BamiLog/BamiLog/View/RecordView.swift /Users/hyunholee/Documents/workspace/code/BamiLog/BamiLog/View/QR/QRCodeScanView.swift /Users/hyunholee/Documents/workspace/code/BamiLog/BamiLog/View/Menu/StaticsView.swift /Users/hyunholee/Documents/workspace/code/BamiLog/BamiLog/View/Components/LogView.swift /Users/hyunholee/Documents/workspace/code/BamiLog/BamiLog/View/QR/AlertItem.swift /Users/hyunholee/Documents/workspace/code/BamiLog/BamiLog/View/Menu/BathTimerView.swift /Users/hyunholee/Documents/workspace/code/BamiLog/BamiLog/Managers/ContractionManager.swift /Users/hyunholee/Documents/workspace/code/BamiLog/BamiLog/View/Phases/ContractionTrackingPhaseView.swift /Users/hyunholee/Documents/workspace/code/BamiLog/BamiLog/View/Settings/SettingsView.swift /Users/hyunholee/Documents/workspace/code/BamiLog/BamiLog/View/QR/ScannerView.swift /Users/hyunholee/Documents/workspace/code/BamiLog/BamiLog/View/Menu/BottleFeedingView.swift /Users/hyunholee/Documents/workspace/code/BamiLog/BamiLog/Managers/PersitenceManager.swift /Users/hyunholee/Documents/workspace/code/BamiLog/BamiLog/View/Components/ContractionTrackerView.swift /Users/hyunholee/Documents/workspace/code/BamiLog/BamiLog/Imported/Views/MainTabView.swift /Users/hyunholee/Documents/workspace/code/BamiLog/BamiLog/Managers/AppIconManager.swift /Users/hyunholee/Documents/workspace/code/BamiLog/BamiLog/Imported/Models/AppState.swift /Users/hyunholee/Documents/workspace/code/BamiLog/BamiLog/Imported/Resources/DesignSystem.swift /Users/hyunholee/Documents/workspace/code/BamiLog/BamiLog/Imported/Views/MainView.swift /Users/hyunholee/Documents/workspace/code/BamiLog/BamiLog/Extension/UIScreen+.swift /Users/hyunholee/Documents/workspace/code/BamiLog/BamiLog/View/Phases/BreathingGuidePhaseView.swift /Users/hyunholee/Documents/workspace/code/BamiLog/BamiLog/Managers/AudioManager.swift /Users/hyunholee/Documents/workspace/code/BamiLog/BamiLog/BamiLogApp.swift /Users/hyunholee/Documents/workspace/code/BamiLog/BamiLog/View/Login/LoginView.swift /Users/hyunholee/Documents/workspace/code/BamiLog/BamiLog/View/Menu/SoundView.swift /Users/hyunholee/Documents/workspace/code/BamiLog/BamiLog/Extension/Date+.swift /Users/hyunholee/Documents/workspace/code/BamiLog/BamiLog/View/Menu/DiaperView.swift /Users/hyunholee/Documents/workspace/code/BamiLog/BamiLog/View/QR/ScannerViewController.swift /Users/hyunholee/Documents/workspace/code/BamiLog/BamiLog/View/CoworkView.swift /Users/hyunholee/Documents/workspace/code/BamiLog/BamiLog/Model/BabyInfomation.swift /Users/hyunholee/Documents/workspace/code/BamiLog/BamiLog/View/Menu/BreastFeedingView.swift /Users/hyunholee/Documents/workspace/code/BamiLog/BamiLog/View/QR/QRGeneratorView.swift /Users/hyunholee/Documents/workspace/code/BamiLog/BamiLog/Extension/View+.swift /Users/hyunholee/Documents/workspace/code/BamiLog/BamiLog/View/Components/BreathGuideView.swift /Users/hyunholee/Documents/workspace/code/BamiLog/BamiLog/Model/MilkRecord.swift /Users/hyunholee/Documents/workspace/code/BamiLog/BamiLog/Models/UserProfile.swift /Users/hyunholee/Documents/workspace/code/BamiLog/BamiLog/Managers/UserProfileManager.swift /Users/hyunholee/Documents/workspace/code/BamiLog/BamiLog/View/Onboarding/OnboardingView.swift /Users/hyunholee/Documents/workspace/code/BamiLog/BamiLog/View/Settings/ProfileEditView.swift /Users/hyunholee/Documents/workspace/code/BamiLog/BamiLog/Models/MenstrualModels.swift /Users/hyunholee/Documents/workspace/code/BamiLog/BamiLog/Models/PregnancyModels.swift /Users/hyunholee/Documents/workspace/code/BamiLog/BamiLog/Managers/MenstrualCycleManager.swift /Users/hyunholee/Documents/workspace/code/BamiLog/BamiLog/Managers/PregnancyManager.swift /Users/hyunholee/Documents/workspace/code/BamiLog/BamiLog/View/Phases/MenstrualTrackingPhaseView.swift /Users/hyunholee/Documents/workspace/code/BamiLog/BamiLog/View/Phases/PregnancyPhaseView.swift /Users/hyunholee/Documents/workspace/code/BamiLog/BamiLog/View/Phases/LaborAndBreathingPhaseView.swift -primary-file /Users/hyunholee/Documents/workspace/code/BamiLog/BamiLog/View/Phases/GrowthDiaryPhaseView.swift -primary-file /Users/hyunholee/Documents/workspace/code/BamiLog/BamiLog/View/GrowthDiary/ToothTrackerView.swift -primary-file /Users/hyunholee/Documents/workspace/code/BamiLog/BamiLog/View/GrowthDiary/DashboardView.swift -primary-file /Users/hyunholee/Documents/workspace/code/BamiLog/BamiLog/View/GrowthDiary/AddGrowthRecordView.swift -primary-file /Users/hyunholee/Documents/workspace/code/BamiLog/BamiLog/View/GrowthDiary/GrowthChartView.swift /Users/hyunholee/Documents/workspace/code/BamiLog/BamiLog/View/GrowthDiary/AddMilestoneView.swift /Users/hyunholee/Documents/workspace/code/BamiLog/BamiLog/View/GrowthDiary/DiaryListView.swift /Users/hyunholee/Documents/workspace/code/BamiLog/BamiLog/View/GrowthDiary/AddDiaryView.swift /Users/hyunholee/Documents/workspace/code/BamiLog/BamiLog/View/GrowthDiary/AddToothRecordView.swift /Users/hyunholee/Documents/workspace/code/BamiLog/BamiLog/View/GrowthDiary/PhotoGalleryView.swift /Users/hyunholee/Documents/workspace/code/BamiLog/BamiLog/Models/GrowthModels.swift /Users/hyunholee/Library/Developer/Xcode/DerivedData/BamiLog-cmowuaiuamzlxlgpvixsmogdajlm/Build/Intermediates.noindex/BamiLog.build/Debug-iphonesimulator/BamiLog.build/DerivedSources/GeneratedAssetSymbols.swift -supplementary-output-file-map /Users/hyunholee/Library/Developer/Xcode/DerivedData/BamiLog-cmowuaiuamzlxlgpvixsmogdajlm/Build/Intermediates.noindex/BamiLog.build/Debug-iphonesimulator/BamiLog.build/Objects-normal/arm64/supplementaryOutputs-8 -emit-localized-strings -emit-localized-strings-path /Users/hyunholee/Library/Developer/Xcode/DerivedData/BamiLog-cmowuaiuamzlxlgpvixsmogdajlm/Build/Intermediates.noindex/BamiLog.build/Debug-iphonesimulator/BamiLog.build/Objects-normal/arm64 -target arm64-apple-ios16.1-simulator -module-can-import-version DeveloperToolsSupport 23.0.4 23.0.4 -module-can-import-version SwiftUI 7.0.84.1 7.0.84 -module-can-import-version UIKit 9088.1.113 9088.1.113 -disable-cross-import-overlay-search -swift-module-cross-import AVKit /Applications/Xcode.app/Contents/Developer/Platforms/iPhoneSimulator.platform/Developer/SDKs/iPhoneSimulator.sdk/System/Library/Frameworks/AVKit.framework/Modules/AVKit.swiftcrossimport/SwiftUI.swiftoverlay -swift-module-cross-import AVKit /Applications/Xcode.app/Contents/Developer/Platforms/iPhoneSimulator.platform/Developer/SDKs/iPhoneSimulator26.0.sdk/System/Library/Frameworks/AVKit.framework/Modules/AVKit.swiftcrossimport/SwiftUI.swiftoverlay -swift-module-cross-import AuthenticationServices /Applications/Xcode.app/Contents/Developer/Platforms/iPhoneSimulator.platform/Developer/SDKs/iPhoneSimulator.sdk/System/Cryptexes/OS/System/Library/Frameworks/AuthenticationServices.framework/Modules/AuthenticationServices.swiftcrossimport/SwiftUI.swiftoverlay -swift-module-cross-import AuthenticationServices /Applications/Xcode.app/Contents/Developer/Platforms/iPhoneSimulator.platform/Developer/SDKs/iPhoneSimulator26.0.sdk/System/Library/Frameworks/AuthenticationServices.framework/Modules/AuthenticationServices.swiftcrossimport/SwiftUI.swiftoverlay -load-resolved-plugin /Applications/Xcode.app/Contents/Developer/Platforms/iPhoneOS.platform/Developer/usr/lib/swift/host/plugins/libFoundationMacros.dylib\#/Applications/Xcode.app/Contents/Developer/Platforms/iPhoneOS.platform/Developer/usr/bin/swift-plugin-server\#FoundationMacros -load-resolved-plugin /Applications/Xcode.app/Contents/Developer/Platforms/iPhoneOS.platform/Developer/usr/lib/swift/host/plugins/libObservationMacros.dylib\#/Applications/Xcode.app/Contents/Developer/Platforms/iPhoneOS.platform/Developer/usr/bin/swift-plugin-server\#ObservationMacros -load-resolved-plugin /Applications/Xcode.app/Contents/Developer/Platforms/iPhoneOS.platform/Developer/usr/lib/swift/host/plugins/libPreviewsMacros.dylib\#/Applications/Xcode.app/Contents/Developer/Platforms/iPhoneOS.platform/Developer/usr/bin/swift-plugin-server\#PreviewsMacros -load-resolved-plugin /Applications/Xcode.app/Contents/Developer/Platforms/iPhoneOS.platform/Developer/usr/lib/swift/host/plugins/libSwiftMacros.dylib\#/Applications/Xcode.app/Contents/Developer/Platforms/iPhoneOS.platform/Developer/usr/bin/swift-plugin-server\#SwiftMacros -load-resolved-plugin /Applications/Xcode.app/Contents/Developer/Platforms/iPhoneOS.platform/Developer/usr/lib/swift/host/plugins/libSwiftUIMacros.dylib\#/Applications/Xcode.app/Contents/Developer/Platforms/iPhoneOS.platform/Developer/usr/bin/swift-plugin-server\#SwiftUIMacros -load-resolved-plugin /Applications/Xcode.app/Contents/Developer/Platforms/iPhoneOS.platform/Developer/usr/lib/swift/host/plugins/libTipKitMacros.dylib\#/Applications/Xcode.app/Contents/Developer/Platforms/iPhoneOS.platform/Developer/usr/bin/swift-plugin-server\#TipKitMacros -disable-implicit-swift-modules -Xcc -fno-implicit-modules -Xcc -fno-implicit-module-maps -explicit-swift-module-map-file /Users/hyunholee/Library/Developer/Xcode/DerivedData/BamiLog-cmowuaiuamzlxlgpvixsmogdajlm/Build/Intermediates.noindex/BamiLog.build/Debug-iphonesimulator/BamiLog.build/Objects-normal/arm64/BamiLog-dependencies-1.json -Xllvm -aarch64-use-tbi -enable-objc-interop -sdk /Applications/Xcode.app/Contents/Developer/Platforms/iPhoneSimulator.platform/Developer/SDKs/iPhoneSimulator26.0.sdk -I /Users/hyunholee/Library/Developer/Xcode/DerivedData/BamiLog-cmowuaiuamzlxlgpvixsmogdajlm/Build/Products/Debug-iphonesimulator -F /Users/hyunholee/Library/Developer/Xcode/DerivedData/BamiLog-cmowuaiuamzlxlgpvixsmogdajlm/Build/Products/Debug-iphonesimulator/PackageFrameworks -F /Users/hyunholee/Library/Developer/Xcode/DerivedData/BamiLog-cmowuaiuamzlxlgpvixsmogdajlm/Build/Products/Debug-iphonesimulator/PackageFrameworks -F /Users/hyunholee/Library/Developer/Xcode/DerivedData/BamiLog-cmowuaiuamzlxlgpvixsmogdajlm/Build/Products/Debug-iphonesimulator/PackageFrameworks -F /Users/hyunholee/Library/Developer/Xcode/DerivedData/BamiLog-cmowuaiuamzlxlgpvixsmogdajlm/Build/Products/Debug-iphonesimulator/PackageFrameworks -F /Users/hyunholee/Library/Developer/Xcode/DerivedData/BamiLog-cmowuaiuamzlxlgpvixsmogdajlm/Build/Products/Debug-iphonesimulator/PackageFrameworks -F /Users/hyunholee/Library/Developer/Xcode/DerivedData/BamiLog-cmowuaiuamzlxlgpvixsmogdajlm/Build/Products/Debug-iphonesimulator/PackageFrameworks -F /Users/hyunholee/Library/Developer/Xcode/DerivedData/BamiLog-cmowuaiuamzlxlgpvixsmogdajlm/Build/Products/Debug-iphonesimulator/PackageFrameworks -F /Users/hyunholee/Library/Developer/Xcode/DerivedData/BamiLog-cmowuaiuamzlxlgpvixsmogdajlm/Build/Products/Debug-iphonesimulator/PackageFrameworks -F /Users/hyunholee/Library/Developer/Xcode/DerivedData/BamiLog-cmowuaiuamzlxlgpvixsmogdajlm/Build/Products/Debug-iphonesimulator/PackageFrameworks -F /Users/hyunholee/Library/Developer/Xcode/DerivedData/BamiLog-cmowuaiuamzlxlgpvixsmogdajlm/Build/Products/Debug-iphonesimulator/PackageFrameworks -F /Users/hyunholee/Library/Developer/Xcode/DerivedData/BamiLog-cmowuaiuamzlxlgpvixsmogdajlm/Build/Products/Debug-iphonesimulator/PackageFrameworks -F /Users/hyunholee/Library/Developer/Xcode/DerivedData/BamiLog-cmowuaiuamzlxlgpvixsmogdajlm/Build/Products/Debug-iphonesimulator/PackageFrameworks -F /Users/hyunholee/Library/Developer/Xcode/DerivedData/BamiLog-cmowuaiuamzlxlgpvixsmogdajlm/Build/Products/Debug-iphonesimulator/PackageFrameworks -F /Users/hyunholee/Library/Developer/Xcode/DerivedData/BamiLog-cmowuaiuamzlxlgpvixsmogdajlm/Build/Products/Debug-iphonesimulator/PackageFrameworks -F /Users/hyunholee/Library/Developer/Xcode/DerivedData/BamiLog-cmowuaiuamzlxlgpvixsmogdajlm/Build/Products/Debug-iphonesimulator/PackageFrameworks -F /Users/hyunholee/Library/Developer/Xcode/DerivedData/BamiLog-cmowuaiuamzlxlgpvixsmogdajlm/Build/Products/Debug-iphonesimulator/PackageFrameworks -F /Users/hyunholee/Library/Developer/Xcode/DerivedData/BamiLog-cmowuaiuamzlxlgpvixsmogdajlm/Build/Products/Debug-iphonesimulator/PackageFrameworks -F /Users/hyunholee/Library/Developer/Xcode/DerivedData/BamiLog-cmowuaiuamzlxlgpvixsmogdajlm/Build/Products/Debug-iphonesimulator/PackageFrameworks -F /Users/hyunholee/Library/Developer/Xcode/DerivedData/BamiLog-cmowuaiuamzlxlgpvixsmogdajlm/Build/Products/Debug-iphonesimulator/PackageFrameworks -F /Users/hyunholee/Library/Developer/Xcode/DerivedData/BamiLog-cmowuaiuamzlxlgpvixsmogdajlm/Build/Products/Debug-iphonesimulator/PackageFrameworks -F /Users/hyunholee/Library/Developer/Xcode/DerivedData/BamiLog-cmowuaiuamzlxlgpvixsmogdajlm/Build/Products/Debug-iphonesimulator/PackageFrameworks -F /Users/hyunholee/Library/Developer/Xcode/DerivedData/BamiLog-cmowuaiuamzlxlgpvixsmogdajlm/Build/Products/Debug-iphonesimulator/PackageFrameworks -F /Users/hyunholee/Library/Developer/Xcode/DerivedData/BamiLog-cmowuaiuamzlxlgpvixsmogdajlm/Build/Products/Debug-iphonesimulator/PackageFrameworks -F /Users/hyunholee/Library/Developer/Xcode/DerivedData/BamiLog-cmowuaiuamzlxlgpvixsmogdajlm/Build/Products/Debug-iphonesimulator/PackageFrameworks -F /Users/hyunholee/Library/Developer/Xcode/DerivedData/BamiLog-cmowuaiuamzlxlgpvixsmogdajlm/Build/Products/Debug-iphonesimulator/PackageFrameworks -F /Users/hyunholee/Library/Developer/Xcode/DerivedData/BamiLog-cmowuaiuamzlxlgpvixsmogdajlm/Build/Products/Debug-iphonesimulator/PackageFrameworks -F /Users/hyunholee/Library/Developer/Xcode/DerivedData/BamiLog-cmowuaiuamzlxlgpvixsmogdajlm/Build/Products/Debug-iphonesimulator/PackageFrameworks -F /Users/hyunholee/Library/Developer/Xcode/DerivedData/BamiLog-cmowuaiuamzlxlgpvixsmogdajlm/Build/Products/Debug-iphonesimulator/PackageFrameworks -F /Users/hyunholee/Library/Developer/Xcode/DerivedData/BamiLog-cmowuaiuamzlxlgpvixsmogdajlm/Build/Products/Debug-iphonesimulator/PackageFrameworks -F /Users/hyunholee/Library/Developer/Xcode/DerivedData/BamiLog-cmowuaiuamzlxlgpvixsmogdajlm/Build/Products/Debug-iphonesimulator/PackageFrameworks -F /Users/hyunholee/Library/Developer/Xcode/DerivedData/BamiLog-cmowuaiuamzlxlgpvixsmogdajlm/Build/Products/Debug-iphonesimulator/PackageFrameworks -F /Users/hyunholee/Library/Developer/Xcode/DerivedData/BamiLog-cmowuaiuamzlxlgpvixsmogdajlm/Build/Products/Debug-iphonesimulator/PackageFrameworks -F /Users/hyunholee/Library/Developer/Xcode/DerivedData/BamiLog-cmowuaiuamzlxlgpvixsmogdajlm/Build/Products/Debug-iphonesimulator/PackageFrameworks -F /Users/hyunholee/Library/Developer/Xcode/DerivedData/BamiLog-cmowuaiuamzlxlgpvixsmogdajlm/Build/Products/Debug-iphonesimulator/PackageFrameworks -F /Users/hyunholee/Library/Developer/Xcode/DerivedData/BamiLog-cmowuaiuamzlxlgpvixsmogdajlm/Build/Products/Debug-iphonesimulator/PackageFrameworks -F /Users/hyunholee/Library/Developer/Xcode/DerivedData/BamiLog-cmowuaiuamzlxlgpvixsmogdajlm/Build/Products/Debug-iphonesimulator/PackageFrameworks -F /Users/hyunholee/Library/Developer/Xcode/DerivedData/BamiLog-cmowuaiuamzlxlgpvixsmogdajlm/Build/Products/Debug-iphonesimulator/PackageFrameworks -F /Users/hyunholee/Library/Developer/Xcode/DerivedData/BamiLog-cmowuaiuamzlxlgpvixsmogdajlm/Build/Products/Debug-iphonesimulator/PackageFrameworks -F /Users/hyunholee/Library/Developer/Xcode/DerivedData/BamiLog-cmowuaiuamzlxlgpvixsmogdajlm/Build/Products/Debug-iphonesimulator/PackageFrameworks -F /Users/hyunholee/Library/Developer/Xcode/DerivedData/BamiLog-cmowuaiuamzlxlgpvixsmogdajlm/Build/Products/Debug-iphonesimulator/PackageFrameworks -F /Users/hyunholee/Library/Developer/Xcode/DerivedData/BamiLog-cmowuaiuamzlxlgpvixsmogdajlm/Build/Products/Debug-iphonesimulator/PackageFrameworks -F /Users/hyunholee/Library/Developer/Xcode/DerivedData/BamiLog-cmowuaiuamzlxlgpvixsmogdajlm/Build/Products/Debug-iphonesimulator/PackageFrameworks -F /Users/hyunholee/Library/Developer/Xcode/DerivedData/BamiLog-cmowuaiuamzlxlgpvixsmogdajlm/Build/Products/Debug-iphonesimulator/PackageFrameworks -F /Users/hyunholee/Library/Developer/Xcode/DerivedData/BamiLog-cmowuaiuamzlxlgpvixsmogdajlm/Build/Products/Debug-iphonesimulator/PackageFrameworks -F /Users/hyunholee/Library/Developer/Xcode/DerivedData/BamiLog-cmowuaiuamzlxlgpvixsmogdajlm/Build/Products/Debug-iphonesimulator/PackageFrameworks -F /Users/hyunholee/Library/Developer/Xcode/DerivedData/BamiLog-cmowuaiuamzlxlgpvixsmogdajlm/Build/Products/Debug-iphonesimulator/PackageFrameworks -F /Users/hyunholee/Library/Developer/Xcode/DerivedData/BamiLog-cmowuaiuamzlxlgpvixsmogdajlm/Build/Products/Debug-iphonesimulator/PackageFrameworks -F /Users/hyunholee/Library/Developer/Xcode/DerivedData/BamiLog-cmowuaiuamzlxlgpvixsmogdajlm/Build/Products/Debug-iphonesimulator/PackageFrameworks -F /Users/hyunholee/Library/Developer/Xcode/DerivedData/BamiLog-cmowuaiuamzlxlgpvixsmogdajlm/Build/Products/Debug-iphonesimulator/PackageFrameworks -F /Users/hyunholee/Library/Developer/Xcode/DerivedData/BamiLog-cmowuaiuamzlxlgpvixsmogdajlm/Build/Products/Debug-iphonesimulator/PackageFrameworks -F /Users/hyunholee/Library/Developer/Xcode/DerivedData/BamiLog-cmowuaiuamzlxlgpvixsmogdajlm/Build/Products/Debug-iphonesimulator/PackageFrameworks -F /Users/hyunholee/Library/Developer/Xcode/DerivedData/BamiLog-cmowuaiuamzlxlgpvixsmogdajlm/Build/Products/Debug-iphonesimulator/PackageFrameworks -F /Users/hyunholee/Library/Developer/Xcode/DerivedData/BamiLog-cmowuaiuamzlxlgpvixsmogdajlm/Build/Products/Debug-iphonesimulator/PackageFrameworks -F /Users/hyunholee/Library/Developer/Xcode/DerivedData/BamiLog-cmowuaiuamzlxlgpvixsmogdajlm/Build/Products/Debug-iphonesimulator/PackageFrameworks -F /Users/hyunholee/Library/Developer/Xcode/DerivedData/BamiLog-cmowuaiuamzlxlgpvixsmogdajlm/Build/Products/Debug-iphonesimulator/PackageFrameworks -F /Users/hyunholee/Library/Developer/Xcode/DerivedData/BamiLog-cmowuaiuamzlxlgpvixsmogdajlm/Build/Products/Debug-iphonesimulator/PackageFrameworks -F /Users/hyunholee/Library/Developer/Xcode/DerivedData/BamiLog-cmowuaiuamzlxlgpvixsmogdajlm/Build/Products/Debug-iphonesimulator/PackageFrameworks -F /Users/hyunholee/Library/Developer/Xcode/DerivedData/BamiLog-cmowuaiuamzlxlgpvixsmogdajlm/Build/Products/Debug-iphonesimulator/PackageFrameworks -F /Users/hyunholee/Library/Developer/Xcode/DerivedData/BamiLog-cmowuaiuamzlxlgpvixsmogdajlm/Build/Products/Debug-iphonesimulator/PackageFrameworks -F /Users/hyunholee/Library/Developer/Xcode/DerivedData/BamiLog-cmowuaiuamzlxlgpvixsmogdajlm/Build/Products/Debug-iphonesimulator/PackageFrameworks -F /Users/hyunholee/Library/Developer/Xcode/DerivedData/BamiLog-cmowuaiuamzlxlgpvixsmogdajlm/Build/Products/Debug-iphonesimulator/PackageFrameworks -F /Users/hyunholee/Library/Developer/Xcode/DerivedData/BamiLog-cmowuaiuamzlxlgpvixsmogdajlm/Build/Products/Debug-iphonesimulator/PackageFrameworks -F /Users/hyunholee/Library/Developer/Xcode/DerivedData/BamiLog-cmowuaiuamzlxlgpvixsmogdajlm/Build/Products/Debug-iphonesimulator/PackageFrameworks -F /Users/hyunholee/Library/Developer/Xcode/DerivedData/BamiLog-cmowuaiuamzlxlgpvixsmogdajlm/Build/Products/Debug-iphonesimulator/PackageFrameworks -F /Users/hyunholee/Library/Developer/Xcode/DerivedData/BamiLog-cmowuaiuamzlxlgpvixsmogdajlm/Build/Products/Debug-iphonesimulator/PackageFrameworks -F /Users/hyunholee/Library/Developer/Xcode/DerivedData/BamiLog-cmowuaiuamzlxlgpvixsmogdajlm/Build/Products/Debug-iphonesimulator/PackageFrameworks -F /Users/hyunholee/Library/Developer/Xcode/DerivedData/BamiLog-cmowuaiuamzlxlgpvixsmogdajlm/Build/Products/Debug-iphonesimulator/PackageFrameworks -F /Users/hyunholee/Library/Developer/Xcode/DerivedData/BamiLog-cmowuaiuamzlxlgpvixsmogdajlm/Build/Products/Debug-iphonesimulator/PackageFrameworks -F /Users/hyunholee/Library/Developer/Xcode/DerivedData/BamiLog-cmowuaiuamzlxlgpvixsmogdajlm/Build/Products/Debug-iphonesimulator/PackageFrameworks -F /Users/hyunholee/Library/Developer/Xcode/DerivedData/BamiLog-cmowuaiuamzlxlgpvixsmogdajlm/Build/Products/Debug-iphonesimulator/PackageFrameworks -F /Users/hyunholee/Library/Developer/Xcode/DerivedData/BamiLog-cmowuaiuamzlxlgpvixsmogdajlm/Build/Products/Debug-iphonesimulator/PackageFrameworks -F /Users/hyunholee/Library/Developer/Xcode/DerivedData/BamiLog-cmowuaiuamzlxlgpvixsmogdajlm/Build/Products/Debug-iphonesimulator/PackageFrameworks -F /Users/hyunholee/Library/Developer/Xcode/DerivedData/BamiLog-cmowuaiuamzlxlgpvixsmogdajlm/Build/Products/Debug-iphonesimulator/PackageFrameworks -F /Users/hyunholee/Library/Developer/Xcode/DerivedData/BamiLog-cmowuaiuamzlxlgpvixsmogdajlm/Build/Products/Debug-iphonesimulator/PackageFrameworks -F /Users/hyunholee/Library/Developer/Xcode/DerivedData/BamiLog-cmowuaiuamzlxlgpvixsmogdajlm/Build/Products/Debug-iphonesimulator -no-color-diagnostics -Xcc -fno-color-diagnostics -enable-testing -g -debug-info-format\=dwarf -dwarf-version\=4 -module-cache-path /Users/hyunholee/Library/Developer/Xcode/DerivedData/BamiLog-cmowuaiuamzlxlgpvixsmogdajlm/Build/Intermediates.noindex/SwiftExplicitPrecompiledModules -swift-version 5 -enforce-exclusivity\=checked -Onone -D DEBUG -serialize-debugging-options -const-gather-protocols-file /Users/hyunholee/Library/Developer/Xcode/DerivedData/BamiLog-cmowuaiuamzlxlgpvixsmogdajlm/Build/Intermediates.noindex/BamiLog.build/Debug-iphonesimulator/BamiLog.build/Objects-normal/arm64/BamiLog_const_extract_protocols.json -enable-experimental-feature DebugDescriptionMacro -enable-bare-slash-regex -empty-abi-descriptor -validate-clang-modules-once -clang-build-session-file /Users/hyunholee/Library/Developer/Xcode/DerivedData/ModuleCache.noindex/Session.modulevalidation -Xcc -working-directory -Xcc /Users/hyunholee/Documents/workspace/code/BamiLog -enable-anonymous-context-mangled-names -file-compilation-dir /Users/hyunholee/Documents/workspace/code/BamiLog -Xcc -fmodule-map-file\=/Users/hyunholee/Library/Developer/Xcode/DerivedData/BamiLog-cmowuaiuamzlxlgpvixsmogdajlm/Build/Intermediates.noindex/GeneratedModuleMaps-iphonesimulator/FirebaseAppDistribution.modulemap -Xcc -fmodule-map-file\=/Users/hyunholee/Library/Developer/Xcode/DerivedData/BamiLog-cmowuaiuamzlxlgpvixsmogdajlm/Build/Intermediates.noindex/GeneratedModuleMaps-iphonesimulator/FirebaseAppDistributionTarget.modulemap -Xcc -fmodule-map-file\=/Users/hyunholee/Library/Developer/Xcode/DerivedData/BamiLog-cmowuaiuamzlxlgpvixsmogdajlm/Build/Intermediates.noindex/GeneratedModuleMaps-iphonesimulator/GoogleAppMeasurementIdentitySupportTarget.modulemap -Xcc -fmodule-map-file\=/Users/hyunholee/Library/Developer/Xcode/DerivedData/BamiLog-cmowuaiuamzlxlgpvixsmogdajlm/Build/Intermediates.noindex/GeneratedModuleMaps-iphonesimulator/FirebaseAnalyticsIdentitySupportTarget.modulemap -Xcc -fmodule-map-file\=/Users/hyunholee/Library/Developer/Xcode/DerivedData/BamiLog-cmowuaiuamzlxlgpvixsmogdajlm/Build/Intermediates.noindex/GeneratedModuleMaps-iphonesimulator/FirebaseInAppMessagingInternal.modulemap -Xcc -fmodule-map-file\=/Users/hyunholee/Library/Developer/Xcode/DerivedData/BamiLog-cmowuaiuamzlxlgpvixsmogdajlm/Build/Intermediates.noindex/GeneratedModuleMaps-iphonesimulator/FirebaseInAppMessaging_iOS.modulemap -Xcc -fmodule-map-file\=/Users/hyunholee/Library/Developer/Xcode/DerivedData/BamiLog-cmowuaiuamzlxlgpvixsmogdajlm/Build/Intermediates.noindex/GeneratedModuleMaps-iphonesimulator/FirebaseInAppMessagingTarget.modulemap -Xcc -fmodule-map-file\=/Users/hyunholee/Library/Developer/Xcode/DerivedData/BamiLog-cmowuaiuamzlxlgpvixsmogdajlm/Build/Intermediates.noindex/GeneratedModuleMaps-iphonesimulator/FirebaseCrashlytics.modulemap -Xcc -fmodule-map-file\=/Users/hyunholee/Library/Developer/Xcode/DerivedData/BamiLog-cmowuaiuamzlxlgpvixsmogdajlm/Build/Intermediates.noindex/GeneratedModuleMaps-iphonesimulator/FirebaseDatabaseInternal.modulemap -Xcc -fmodule-map-file\=/Users/hyunholee/Library/Developer/Xcode/DerivedData/BamiLog-cmowuaiuamzlxlgpvixsmogdajlm/Build/Intermediates.noindex/GeneratedModuleMaps-iphonesimulator/GoogleAdsOnDeviceConversionTarget.modulemap -Xcc -fmodule-map-file\=/Users/hyunholee/Library/Developer/Xcode/DerivedData/BamiLog-cmowuaiuamzlxlgpvixsmogdajlm/Build/Intermediates.noindex/GeneratedModuleMaps-iphonesimulator/GoogleAppMeasurementTarget.modulemap -Xcc -fmodule-map-file\=/Users/hyunholee/Library/Developer/Xcode/DerivedData/BamiLog-cmowuaiuamzlxlgpvixsmogdajlm/Build/Intermediates.noindex/GeneratedModuleMaps-iphonesimulator/FirebaseAnalyticsWrapper.modulemap -Xcc -fmodule-map-file\=/Users/hyunholee/Library/Developer/Xcode/DerivedData/BamiLog-cmowuaiuamzlxlgpvixsmogdajlm/Build/Intermediates.noindex/GeneratedModuleMaps-iphonesimulator/FirebaseAnalyticsTarget.modulemap -Xcc -fmodule-map-file\=/Users/hyunholee/Library/Developer/Xcode/DerivedData/BamiLog-cmowuaiuamzlxlgpvixsmogdajlm/Build/Intermediates.noindex/GeneratedModuleMaps-iphonesimulator/FirebaseMessaging.modulemap -Xcc -fmodule-map-file\=/Users/hyunholee/Library/Developer/Xcode/DerivedData/BamiLog-cmowuaiuamzlxlgpvixsmogdajlm/Build/Intermediates.noindex/GeneratedModuleMaps-iphonesimulator/GoogleDataTransport.modulemap -Xcc -fmodule-map-file\=/Users/hyunholee/Library/Developer/Xcode/DerivedData/BamiLog-cmowuaiuamzlxlgpvixsmogdajlm/Build/Intermediates.noindex/GeneratedModuleMaps-iphonesimulator/FirebasePerformance.modulemap -Xcc -fmodule-map-file\=/Users/hyunholee/Library/Developer/Xcode/DerivedData/BamiLog-cmowuaiuamzlxlgpvixsmogdajlm/Build/Intermediates.noindex/GeneratedModuleMaps-iphonesimulator/FirebaseSessionsObjC.modulemap -Xcc -fmodule-map-file\=/Users/hyunholee/Library/Developer/Xcode/DerivedData/BamiLog-cmowuaiuamzlxlgpvixsmogdajlm/Build/Intermediates.noindex/GeneratedModuleMaps-iphonesimulator/FirebaseRemoteConfigInternal.modulemap -Xcc -fmodule-map-file\=/Users/hyunholee/Library/Developer/Xcode/DerivedData/BamiLog-cmowuaiuamzlxlgpvixsmogdajlm/Build/Intermediates.noindex/GeneratedModuleMaps-iphonesimulator/FirebaseABTesting.modulemap -Xcc -fmodule-map-file\=/Users/hyunholee/Library/Developer/Xcode/DerivedData/BamiLog-cmowuaiuamzlxlgpvixsmogdajlm/Build/Intermediates.noindex/GeneratedModuleMaps-iphonesimulator/FirebasePerformanceTarget.modulemap -Xcc -fmodule-map-file\=/Users/hyunholee/Library/Developer/Xcode/DerivedData/BamiLog-cmowuaiuamzlxlgpvixsmogdajlm/Build/Intermediates.noindex/GeneratedModuleMaps-iphonesimulator/AppCheckCore.modulemap -Xcc -fmodule-map-file\=/Users/hyunholee/Library/Developer/Xcode/DerivedData/BamiLog-cmowuaiuamzlxlgpvixsmogdajlm/Build/Intermediates.noindex/GeneratedModuleMaps-iphonesimulator/FirebaseAppCheck.modulemap -Xcc -fmodule-map-file\=/Users/hyunholee/Library/Developer/Xcode/DerivedData/BamiLog-cmowuaiuamzlxlgpvixsmogdajlm/Build/Intermediates.noindex/GeneratedModuleMaps-iphonesimulator/GoogleUtilities-UserDefaults.modulemap -Xcc -fmodule-map-file\=/Users/hyunholee/Library/Developer/Xcode/DerivedData/BamiLog-cmowuaiuamzlxlgpvixsmogdajlm/Build/Intermediates.noindex/GeneratedModuleMaps-iphonesimulator/GoogleAppMeasurementCoreTarget.modulemap -Xcc -fmodule-map-file\=/Users/hyunholee/Library/Developer/Xcode/DerivedData/BamiLog-cmowuaiuamzlxlgpvixsmogdajlm/Build/Intermediates.noindex/GeneratedModuleMaps-iphonesimulator/GoogleUtilities-MethodSwizzler.modulemap -Xcc -fmodule-map-file\=/Users/hyunholee/Library/Developer/Xcode/DerivedData/BamiLog-cmowuaiuamzlxlgpvixsmogdajlm/Build/Intermediates.noindex/GeneratedModuleMaps-iphonesimulator/FirebaseAnalyticsCoreWrapper.modulemap -Xcc -fmodule-map-file\=/Users/hyunholee/Library/Developer/Xcode/DerivedData/BamiLog-cmowuaiuamzlxlgpvixsmogdajlm/Build/Intermediates.noindex/GeneratedModuleMaps-iphonesimulator/FirebaseInstallations.modulemap -Xcc -fmodule-map-file\=/Users/hyunholee/Library/Developer/Xcode/DerivedData/BamiLog-cmowuaiuamzlxlgpvixsmogdajlm/Build/Intermediates.noindex/GeneratedModuleMaps-iphonesimulator/FirebaseAnalyticsCoreTarget.modulemap -Xcc -fmodule-map-file\=/Users/hyunholee/Library/Developer/Xcode/DerivedData/BamiLog-cmowuaiuamzlxlgpvixsmogdajlm/Build/Intermediates.noindex/GeneratedModuleMaps-iphonesimulator/FirebaseMessagingInterop.modulemap -Xcc -fmodule-map-file\=/Users/hyunholee/Library/Developer/Xcode/DerivedData/BamiLog-cmowuaiuamzlxlgpvixsmogdajlm/Build/Intermediates.noindex/GeneratedModuleMaps-iphonesimulator/RecaptchaInterop.modulemap -Xcc -fmodule-map-file\=/Users/hyunholee/Library/Developer/Xcode/DerivedData/BamiLog-cmowuaiuamzlxlgpvixsmogdajlm/Build/Intermediates.noindex/GeneratedModuleMaps-iphonesimulator/GoogleUtilities-Network.modulemap -Xcc -fmodule-map-file\=/Users/hyunholee/Library/Developer/Xcode/DerivedData/BamiLog-cmowuaiuamzlxlgpvixsmogdajlm/Build/Intermediates.noindex/GeneratedModuleMaps-iphonesimulator/GoogleUtilities-Reachability.modulemap -Xcc -fmodule-map-file\=/Users/hyunholee/Library/Developer/Xcode/DerivedData/BamiLog-cmowuaiuamzlxlgpvixsmogdajlm/Build/Intermediates.noindex/GeneratedModuleMaps-iphonesimulator/GoogleUtilities-AppDelegateSwizzler.modulemap -Xcc -fmodule-map-file\=/Users/hyunholee/Library/Developer/Xcode/DerivedData/BamiLog-cmowuaiuamzlxlgpvixsmogdajlm/Build/Intermediates.noindex/GeneratedModuleMaps-iphonesimulator/GTMSessionFetcherCore.modulemap -Xcc -fmodule-map-file\=/Users/hyunholee/Library/Developer/Xcode/DerivedData/BamiLog-cmowuaiuamzlxlgpvixsmogdajlm/Build/Intermediates.noindex/GeneratedModuleMaps-iphonesimulator/FirebaseAuthInternal.modulemap -Xcc -fmodule-map-file\=/Users/hyunholee/Library/Developer/Xcode/DerivedData/BamiLog-cmowuaiuamzlxlgpvixsmogdajlm/Build/Intermediates.noindex/GeneratedModuleMaps-iphonesimulator/FirebaseAuthInterop.modulemap -Xcc -fmodule-map-file\=/Users/hyunholee/Library/Developer/Xcode/DerivedData/BamiLog-cmowuaiuamzlxlgpvixsmogdajlm/Build/Intermediates.noindex/GeneratedModuleMaps-iphonesimulator/GoogleUtilities-NSData.modulemap -Xcc -fmodule-map-file\=/Users/hyunholee/Library/Developer/Xcode/DerivedData/BamiLog-cmowuaiuamzlxlgpvixsmogdajlm/Build/Intermediates.noindex/GeneratedModuleMaps-iphonesimulator/GoogleUtilities-Environment.modulemap -Xcc -fmodule-map-file\=/Users/hyunholee/Library/Developer/Xcode/DerivedData/BamiLog-cmowuaiuamzlxlgpvixsmogdajlm/Build/Intermediates.noindex/GeneratedModuleMaps-iphonesimulator/third-party-IsAppEncrypted.modulemap -Xcc -fmodule-map-file\=/Users/hyunholee/Library/Developer/Xcode/DerivedData/BamiLog-cmowuaiuamzlxlgpvixsmogdajlm/Build/Intermediates.noindex/GeneratedModuleMaps-iphonesimulator/GoogleUtilities-Logger.modulemap -Xcc -fmodule-map-file\=/Users/hyunholee/Library/Developer/Xcode/DerivedData/BamiLog-cmowuaiuamzlxlgpvixsmogdajlm/Build/Intermediates.noindex/GeneratedModuleMaps-iphonesimulator/abslWrapper.modulemap -Xcc -fmodule-map-file\=/Users/hyunholee/Library/Developer/Xcode/DerivedData/BamiLog-cmowuaiuamzlxlgpvixsmogdajlm/Build/Intermediates.noindex/GeneratedModuleMaps-iphonesimulator/opensslWrapper.modulemap -Xcc -fmodule-map-file\=/Users/hyunholee/Library/Developer/Xcode/DerivedData/BamiLog-cmowuaiuamzlxlgpvixsmogdajlm/Build/Intermediates.noindex/GeneratedModuleMaps-iphonesimulator/grpcWrapper.modulemap -Xcc -fmodule-map-file\=/Users/hyunholee/Library/Developer/Xcode/DerivedData/BamiLog-cmowuaiuamzlxlgpvixsmogdajlm/Build/Intermediates.noindex/GeneratedModuleMaps-iphonesimulator/grpcppWrapper.modulemap -Xcc -fmodule-map-file\=/Users/hyunholee/Library/Developer/Xcode/DerivedData/BamiLog-cmowuaiuamzlxlgpvixsmogdajlm/Build/Intermediates.noindex/GeneratedModuleMaps-iphonesimulator/nanopb.modulemap -Xcc -fmodule-map-file\=/Users/hyunholee/Library/Developer/Xcode/DerivedData/BamiLog-cmowuaiuamzlxlgpvixsmogdajlm/Build/Intermediates.noindex/GeneratedModuleMaps-iphonesimulator/leveldb.modulemap -Xcc -fmodule-map-file\=/Users/hyunholee/Library/Developer/Xcode/DerivedData/BamiLog-cmowuaiuamzlxlgpvixsmogdajlm/Build/Intermediates.noindex/GeneratedModuleMaps-iphonesimulator/FirebaseFirestoreTarget.modulemap -Xcc -fmodule-map-file\=/Users/hyunholee/Library/Developer/Xcode/DerivedData/BamiLog-cmowuaiuamzlxlgpvixsmogdajlm/Build/Intermediates.noindex/GeneratedModuleMaps-iphonesimulator/FirebaseCoreExtension.modulemap -Xcc -fmodule-map-file\=/Users/hyunholee/Library/Developer/Xcode/DerivedData/BamiLog-cmowuaiuamzlxlgpvixsmogdajlm/Build/Intermediates.noindex/GeneratedModuleMaps-iphonesimulator/FirebaseCore.modulemap -Xcc -fmodule-map-file\=/Users/hyunholee/Library/Developer/Xcode/DerivedData/BamiLog-cmowuaiuamzlxlgpvixsmogdajlm/Build/Intermediates.noindex/GeneratedModuleMaps-iphonesimulator/FirebaseAppCheckInterop.modulemap -Xcc -fmodule-map-file\=/Users/hyunholee/Library/Developer/Xcode/DerivedData/BamiLog-cmowuaiuamzlxlgpvixsmogdajlm/Build/Intermediates.noindex/GeneratedModuleMaps-iphonesimulator/FirebaseFirestoreInternalWrapper.modulemap -Xcc -D_LIBCPP_HARDENING_MODE\=_LIBCPP_HARDENING_MODE_DEBUG -Xcc -ivfsstatcache -Xcc /Users/hyunholee/Library/Developer/Xcode/DerivedData/SDKStatCaches.noindex/iphonesimulator26.0-23A339-26257891a6c027eb51374368541b8346.sdkstatcache -Xcc -I/Users/hyunholee/Library/Developer/Xcode/DerivedData/BamiLog-cmowuaiuamzlxlgpvixsmogdajlm/Build/Intermediates.noindex/BamiLog.build/Debug-iphonesimulator/BamiLog.build/swift-overrides.hmap -Xcc -iquote -Xcc /Users/hyunholee/Library/Developer/Xcode/DerivedData/BamiLog-cmowuaiuamzlxlgpvixsmogdajlm/Build/Intermediates.noindex/BamiLog.build/Debug-iphonesimulator/BamiLog.build/BamiLog-generated-files.hmap -Xcc -I/Users/hyunholee/Library/Developer/Xcode/DerivedData/BamiLog-cmowuaiuamzlxlgpvixsmogdajlm/Build/Intermediates.noindex/BamiLog.build/Debug-iphonesimulator/BamiLog.build/BamiLog-own-target-headers.hmap -Xcc -I/Users/hyunholee/Library/Developer/Xcode/DerivedData/BamiLog-cmowuaiuamzlxlgpvixsmogdajlm/Build/Intermediates.noindex/BamiLog.build/Debug-iphonesimulator/BamiLog.build/BamiLog-all-non-framework-target-headers.hmap -Xcc -ivfsoverlay -Xcc /Users/hyunholee/Library/Developer/Xcode/DerivedData/BamiLog-cmowuaiuamzlxlgpvixsmogdajlm/Build/Intermediates.noindex/BamiLog.build/Debug-iphonesimulator/BamiLog-62de39598bf3bdc4ad8855ddb0f0875e-VFS-iphonesimulator/all-product-headers.yaml -Xcc -iquote -Xcc /Users/hyunholee/Library/Developer/Xcode/DerivedData/BamiLog-cmowuaiuamzlxlgpvixsmogdajlm/Build/Intermediates.noindex/BamiLog.build/Debug-iphonesimulator/BamiLog.build/BamiLog-project-headers.hmap -Xcc -I/Users/hyunholee/Library/Developer/Xcode/DerivedData/BamiLog-cmowuaiuamzlxlgpvixsmogdajlm/SourcePackages/checkouts/firebase-ios-sdk/FirebaseAppDistribution/Sources/Public -Xcc -I/Users/hyunholee/Library/Developer/Xcode/DerivedData/BamiLog-cmowuaiuamzlxlgpvixsmogdajlm/SourcePackages/checkouts/firebase-ios-sdk/SwiftPM-PlatformExclude/FirebaseAppDistributionWrap/include -Xcc -I/Users/hyunholee/Library/Developer/Xcode/DerivedData/BamiLog-cmowuaiuamzlxlgpvixsmogdajlm/SourcePackages/checkouts/GoogleAppMeasurement/GoogleAppMeasurementIdentitySupportWrapper/include -Xcc -I/Users/hyunholee/Library/Developer/Xcode/DerivedData/BamiLog-cmowuaiuamzlxlgpvixsmogdajlm/SourcePackages/checkouts/firebase-ios-sdk/FirebaseAnalyticsIdentitySupportWrapper/include -Xcc -I/Users/hyunholee/Library/Developer/Xcode/DerivedData/BamiLog-cmowuaiuamzlxlgpvixsmogdajlm/SourcePackages/checkouts/firebase-ios-sdk/FirebaseInAppMessaging/Sources/Public -Xcc -I/Users/hyunholee/Library/Developer/Xcode/DerivedData/BamiLog-cmowuaiuamzlxlgpvixsmogdajlm/SourcePackages/checkouts/firebase-ios-sdk/FirebaseInAppMessaging/iOS/include -Xcc -I/Users/hyunholee/Library/Developer/Xcode/DerivedData/BamiLog-cmowuaiuamzlxlgpvixsmogdajlm/SourcePackages/checkouts/firebase-ios-sdk/SwiftPM-PlatformExclude/FirebaseInAppMessagingWrap/include -Xcc -I/Users/hyunholee/Library/Developer/Xcode/DerivedData/BamiLog-cmowuaiuamzlxlgpvixsmogdajlm/SourcePackages/checkouts/firebase-ios-sdk/Crashlytics/Crashlytics/Public -Xcc -I/Users/hyunholee/Library/Developer/Xcode/DerivedData/BamiLog-cmowuaiuamzlxlgpvixsmogdajlm/SourcePackages/checkouts/firebase-ios-sdk/FirebaseDatabase/Sources/Public -Xcc -I/Users/hyunholee/Library/Developer/Xcode/DerivedData/BamiLog-cmowuaiuamzlxlgpvixsmogdajlm/SourcePackages/checkouts/google-ads-on-device-conversion-ios-sdk/GoogleAdsOnDeviceConversionWrapper/include -Xcc -I/Users/hyunholee/Library/Developer/Xcode/DerivedData/BamiLog-cmowuaiuamzlxlgpvixsmogdajlm/SourcePackages/checkouts/GoogleAppMeasurement/GoogleAppMeasurementWrapper/include -Xcc -I/Users/hyunholee/Library/Developer/Xcode/DerivedData/BamiLog-cmowuaiuamzlxlgpvixsmogdajlm/SourcePackages/checkouts/firebase-ios-sdk/FirebaseAnalyticsWrapper/include -Xcc -I/Users/hyunholee/Library/Developer/Xcode/DerivedData/BamiLog-cmowuaiuamzlxlgpvixsmogdajlm/SourcePackages/checkouts/firebase-ios-sdk/SwiftPM-PlatformExclude/FirebaseAnalyticsWrap/include -Xcc -I/Users/hyunholee/Library/Developer/Xcode/DerivedData/BamiLog-cmowuaiuamzlxlgpvixsmogdajlm/SourcePackages/checkouts/firebase-ios-sdk/FirebaseMessaging/Sources/Public -Xcc -I/Users/hyunholee/Library/Developer/Xcode/DerivedData/BamiLog-cmowuaiuamzlxlgpvixsmogdajlm/SourcePackages/checkouts/GoogleDataTransport/GoogleDataTransport/GDTCORLibrary/Public -Xcc -I/Users/hyunholee/Library/Developer/Xcode/DerivedData/BamiLog-cmowuaiuamzlxlgpvixsmogdajlm/SourcePackages/checkouts/firebase-ios-sdk/FirebasePerformance/Sources/Public -Xcc -I/Users/hyunholee/Library/Developer/Xcode/DerivedData/BamiLog-cmowuaiuamzlxlgpvixsmogdajlm/SourcePackages/checkouts/firebase-ios-sdk/FirebaseSessions/SourcesObjC -Xcc -I/Users/hyunholee/Library/Developer/Xcode/DerivedData/BamiLog-cmowuaiuamzlxlgpvixsmogdajlm/SourcePackages/checkouts/firebase-ios-sdk/FirebaseRemoteConfig/Sources/Public -Xcc -I/Users/hyunholee/Library/Developer/Xcode/DerivedData/BamiLog-cmowuaiuamzlxlgpvixsmogdajlm/SourcePackages/checkouts/firebase-ios-sdk/FirebaseABTesting/Sources/Public -Xcc -I/Users/hyunholee/Library/Developer/Xcode/DerivedData/BamiLog-cmowuaiuamzlxlgpvixsmogdajlm/SourcePackages/checkouts/firebase-ios-sdk/SwiftPM-PlatformExclude/FirebasePerformanceWrap/include -Xcc -I/Users/hyunholee/Library/Developer/Xcode/DerivedData/BamiLog-cmowuaiuamzlxlgpvixsmogdajlm/SourcePackages/checkouts/app-check/AppCheckCore/Sources/Public -Xcc -I/Users/hyunholee/Library/Developer/Xcode/DerivedData/BamiLog-cmowuaiuamzlxlgpvixsmogdajlm/SourcePackages/checkouts/firebase-ios-sdk/FirebaseAppCheck/Sources/Public -Xcc -I/Users/hyunholee/Library/Developer/Xcode/DerivedData/BamiLog-cmowuaiuamzlxlgpvixsmogdajlm/SourcePackages/checkouts/promises/Sources/FBLPromises/include -Xcc -I/Users/hyunholee/Library/Developer/Xcode/DerivedData/BamiLog-cmowuaiuamzlxlgpvixsmogdajlm/SourcePackages/checkouts/GoogleUtilities/GoogleUtilities/UserDefaults/Public -Xcc -I/Users/hyunholee/Library/Developer/Xcode/DerivedData/BamiLog-cmowuaiuamzlxlgpvixsmogdajlm/SourcePackages/checkouts/GoogleAppMeasurement/GoogleAppMeasurementCoreWrapper/include -Xcc -I/Users/hyunholee/Library/Developer/Xcode/DerivedData/BamiLog-cmowuaiuamzlxlgpvixsmogdajlm/SourcePackages/checkouts/GoogleUtilities/GoogleUtilities/MethodSwizzler/Public -Xcc -I/Users/hyunholee/Library/Developer/Xcode/DerivedData/BamiLog-cmowuaiuamzlxlgpvixsmogdajlm/SourcePackages/checkouts/firebase-ios-sdk/FirebaseAnalyticsCoreWrapper/include -Xcc -I/Users/hyunholee/Library/Developer/Xcode/DerivedData/BamiLog-cmowuaiuamzlxlgpvixsmogdajlm/SourcePackages/checkouts/firebase-ios-sdk/FirebaseInstallations/Source/Library/Public -Xcc -I/Users/hyunholee/Library/Developer/Xcode/DerivedData/BamiLog-cmowuaiuamzlxlgpvixsmogdajlm/SourcePackages/checkouts/firebase-ios-sdk/SwiftPM-PlatformExclude/FirebaseAnalyticsCoreWrap/include -Xcc -I/Users/hyunholee/Library/Developer/Xcode/DerivedData/BamiLog-cmowuaiuamzlxlgpvixsmogdajlm/SourcePackages/checkouts/firebase-ios-sdk/FirebaseMessaging/Interop -Xcc -I/Users/hyunholee/Library/Developer/Xcode/DerivedData/BamiLog-cmowuaiuamzlxlgpvixsmogdajlm/SourcePackages/checkouts/interop-ios-for-google-sdks/RecaptchaEnterprise/RecaptchaInterop/Public -Xcc -I/Users/hyunholee/Library/Developer/Xcode/DerivedData/BamiLog-cmowuaiuamzlxlgpvixsmogdajlm/SourcePackages/checkouts/GoogleUtilities/GoogleUtilities/Network/Public -Xcc -I/Users/hyunholee/Library/Developer/Xcode/DerivedData/BamiLog-cmowuaiuamzlxlgpvixsmogdajlm/SourcePackages/checkouts/GoogleUtilities/GoogleUtilities/Reachability/Public -Xcc -I/Users/hyunholee/Library/Developer/Xcode/DerivedData/BamiLog-cmowuaiuamzlxlgpvixsmogdajlm/SourcePackages/checkouts/GoogleUtilities/GoogleUtilities/AppDelegateSwizzler/Public -Xcc -I/Users/hyunholee/Library/Developer/Xcode/DerivedData/BamiLog-cmowuaiuamzlxlgpvixsmogdajlm/SourcePackages/checkouts/gtm-session-fetcher/Sources/Core/Public -Xcc -I/Users/hyunholee/Library/Developer/Xcode/DerivedData/BamiLog-cmowuaiuamzlxlgpvixsmogdajlm/SourcePackages/checkouts/firebase-ios-sdk/FirebaseAuth/Sources/Public -Xcc -I/Users/hyunholee/Library/Developer/Xcode/DerivedData/BamiLog-cmowuaiuamzlxlgpvixsmogdajlm/SourcePackages/checkouts/firebase-ios-sdk/FirebaseAuth/Interop/Public -Xcc -I/Users/hyunholee/Library/Developer/Xcode/DerivedData/BamiLog-cmowuaiuamzlxlgpvixsmogdajlm/SourcePackages/checkouts/GoogleUtilities/GoogleUtilities/NSData+zlib/Public -Xcc -I/Users/hyunholee/Library/Developer/Xcode/DerivedData/BamiLog-cmowuaiuamzlxlgpvixsmogdajlm/SourcePackages/checkouts/GoogleUtilities/GoogleUtilities/Environment/Public -Xcc -I/Users/hyunholee/Library/Developer/Xcode/DerivedData/BamiLog-cmowuaiuamzlxlgpvixsmogdajlm/SourcePackages/checkouts/GoogleUtilities/third_party/IsAppEncrypted/Public -Xcc -I/Users/hyunholee/Library/Developer/Xcode/DerivedData/BamiLog-cmowuaiuamzlxlgpvixsmogdajlm/SourcePackages/checkouts/GoogleUtilities/GoogleUtilities/Logger/Public -Xcc -I/Users/hyunholee/Library/Developer/Xcode/DerivedData/BamiLog-cmowuaiuamzlxlgpvixsmogdajlm/SourcePackages/checkouts/abseil-cpp-binary/absl-Wrapper/include -Xcc -I/Users/hyunholee/Library/Developer/Xcode/DerivedData/BamiLog-cmowuaiuamzlxlgpvixsmogdajlm/SourcePackages/checkouts/grpc-binary/openssl-grpc-Wrapper/include -Xcc -I/Users/hyunholee/Library/Developer/Xcode/DerivedData/BamiLog-cmowuaiuamzlxlgpvixsmogdajlm/SourcePackages/checkouts/grpc-binary/grpc-Wrapper/include -Xcc -I/Users/hyunholee/Library/Developer/Xcode/DerivedData/BamiLog-cmowuaiuamzlxlgpvixsmogdajlm/SourcePackages/checkouts/grpc-binary/grpcpp-Wrapper/include -Xcc -I/Users/hyunholee/Library/Developer/Xcode/DerivedData/BamiLog-cmowuaiuamzlxlgpvixsmogdajlm/SourcePackages/checkouts/nanopb/spm_headers -Xcc -I/Users/hyunholee/Library/Developer/Xcode/DerivedData/BamiLog-cmowuaiuamzlxlgpvixsmogdajlm/SourcePackages/checkouts/leveldb/include -Xcc -I/Users/hyunholee/Library/Developer/Xcode/DerivedData/BamiLog-cmowuaiuamzlxlgpvixsmogdajlm/SourcePackages/checkouts/firebase-ios-sdk/SwiftPM-PlatformExclude/FirebaseFirestoreWrap/include -Xcc -I/Users/hyunholee/Library/Developer/Xcode/DerivedData/BamiLog-cmowuaiuamzlxlgpvixsmogdajlm/SourcePackages/checkouts/firebase-ios-sdk/FirebaseCore/Extension -Xcc -I/Users/hyunholee/Library/Developer/Xcode/DerivedData/BamiLog-cmowuaiuamzlxlgpvixsmogdajlm/SourcePackages/checkouts/firebase-ios-sdk/FirebaseCore/Sources/Public -Xcc -I/Users/hyunholee/Library/Developer/Xcode/DerivedData/BamiLog-cmowuaiuamzlxlgpvixsmogdajlm/SourcePackages/checkouts/firebase-ios-sdk/CoreOnly/Sources -Xcc -I/Users/hyunholee/Library/Developer/Xcode/DerivedData/BamiLog-cmowuaiuamzlxlgpvixsmogdajlm/SourcePackages/checkouts/firebase-ios-sdk/FirebaseAppCheck/Interop/Public -Xcc -I/Users/hyunholee/Library/Developer/Xcode/DerivedData/BamiLog-cmowuaiuamzlxlgpvixsmogdajlm/SourcePackages/checkouts/firebase-ios-sdk/FirebaseFirestoreInternal -Xcc -I/Users/hyunholee/Library/Developer/Xcode/DerivedData/BamiLog-cmowuaiuamzlxlgpvixsmogdajlm/Build/Products/Debug-iphonesimulator/include -Xcc -I/Users/hyunholee/Library/Developer/Xcode/DerivedData/BamiLog-cmowuaiuamzlxlgpvixsmogdajlm/Build/Intermediates.noindex/BamiLog.build/Debug-iphonesimulator/BamiLog.build/DerivedSources-normal/arm64 -Xcc -I/Users/hyunholee/Library/Developer/Xcode/DerivedData/BamiLog-cmowuaiuamzlxlgpvixsmogdajlm/Build/Intermediates.noindex/BamiLog.build/Debug-iphonesimulator/BamiLog.build/DerivedSources/arm64 -Xcc -I/Users/hyunholee/Library/Developer/Xcode/DerivedData/BamiLog-cmowuaiuamzlxlgpvixsmogdajlm/Build/Intermediates.noindex/BamiLog.build/Debug-iphonesimulator/BamiLog.build/DerivedSources -Xcc -DDEBUG\=1 -no-auto-bridging-header-chaining -module-name BamiLog -frontend-parseable-output -disable-clang-spi -target-sdk-version 26.0 -target-sdk-name iphonesimulator26.0 -clang-target arm64-apple-ios26.0-simulator -in-process-plugin-server-path /Applications/Xcode.app/Contents/Developer/Toolchains/XcodeDefault.xctoolchain/usr/lib/swift/host/libSwiftInProcPluginServer.dylib -o /Users/hyunholee/Library/Developer/Xcode/DerivedData/BamiLog-cmowuaiuamzlxlgpvixsmogdajlm/Build/Intermediates.noindex/BamiLog.build/Debug-iphonesimulator/BamiLog.build/Objects-normal/arm64/GrowthDiaryPhaseView.o -o /Users/hyunholee/Library/Developer/Xcode/DerivedData/BamiLog-cmowuaiuamzlxlgpvixsmogdajlm/Build/Intermediates.noindex/BamiLog.build/Debug-iphonesimulator/BamiLog.build/Objects-normal/arm64/ToothTrackerView.o -o /Users/hyunholee/Library/Developer/Xcode/DerivedData/BamiLog-cmowuaiuamzlxlgpvixsmogdajlm/Build/Intermediates.noindex/BamiLog.build/Debug-iphonesimulator/BamiLog.build/Objects-normal/arm64/DashboardView.o -o /Users/hyunholee/Library/Developer/Xcode/DerivedData/BamiLog-cmowuaiuamzlxlgpvixsmogdajlm/Build/Intermediates.noindex/BamiLog.build/Debug-iphonesimulator/BamiLog.build/Objects-normal/arm64/AddGrowthRecordView.o -o /Users/hyunholee/Library/Developer/Xcode/DerivedData/BamiLog-cmowuaiuamzlxlgpvixsmogdajlm/Build/Intermediates.noindex/BamiLog.build/Debug-iphonesimulator/BamiLog.build/Objects-normal/arm64/GrowthChartView.o -index-unit-output-path /BamiLog.build/Debug-iphonesimulator/BamiLog.build/Objects-normal/arm64/GrowthDiaryPhaseView.o -index-unit-output-path /BamiLog.build/Debug-iphonesimulator/BamiLog.build/Objects-normal/arm64/ToothTrackerView.o -index-unit-output-path /BamiLog.build/Debug-iphonesimulator/BamiLog.build/Objects-normal/arm64/DashboardView.o -index-unit-output-path /BamiLog.build/Debug-iphonesimulator/BamiLog.build/Objects-normal/arm64/AddGrowthRecordView.o -index-unit-output-path /BamiLog.build/Debug-iphonesimulator/BamiLog.build/Objects-normal/arm64/GrowthChartView.o -index-store-path /Users/hyunholee/Library/Developer/Xcode/DerivedData/BamiLog-cmowuaiuamzlxlgpvixsmogdajlm/Index.noindex/DataStore -index-system-modules

SwiftCompile normal arm64 /Users/hyunholee/Documents/workspace/code/BamiLog/BamiLog/View/Phases/GrowthDiaryPhaseView.swift (in target 'BamiLog' from project 'BamiLog')
    cd /Users/hyunholee/Documents/workspace/code/BamiLog
    
/Users/hyunholee/Documents/workspace/code/BamiLog/BamiLog/View/Phases/GrowthDiaryPhaseView.swift:42:25: error: cannot find 'MilestoneView' in scope
                        MilestoneView()
                        ^~~~~~~~~~~~~

SwiftCompile normal arm64 /Users/hyunholee/Documents/workspace/code/BamiLog/BamiLog/View/GrowthDiary/ToothTrackerView.swift (in target 'BamiLog' from project 'BamiLog')
    cd /Users/hyunholee/Documents/workspace/code/BamiLog
    

SwiftCompile normal arm64 /Users/hyunholee/Documents/workspace/code/BamiLog/BamiLog/View/GrowthDiary/DashboardView.swift (in target 'BamiLog' from project 'BamiLog')
    cd /Users/hyunholee/Documents/workspace/code/BamiLog
    

SwiftCompile normal arm64 /Users/hyunholee/Documents/workspace/code/BamiLog/BamiLog/View/GrowthDiary/AddGrowthRecordView.swift (in target 'BamiLog' from project 'BamiLog')
    cd /Users/hyunholee/Documents/workspace/code/BamiLog
    

SwiftCompile normal arm64 /Users/hyunholee/Documents/workspace/code/BamiLog/BamiLog/View/GrowthDiary/GrowthChartView.swift (in target 'BamiLog' from project 'BamiLog')
    cd /Users/hyunholee/Documents/workspace/code/BamiLog
    

SwiftDriverJobDiscovery normal arm64 Emitting module for BamiLog (in target 'BamiLog' from project 'BamiLog')

SwiftDriver\ Compilation\ Requirements BamiLog normal arm64 com.apple.xcode.tools.swift.compiler (in target 'BamiLog' from project 'BamiLog')
    cd /Users/hyunholee/Documents/workspace/code/BamiLog
    builtin-Swift-Compilation-Requirements -- /Applications/Xcode.app/Contents/Developer/Toolchains/XcodeDefault.xctoolchain/usr/bin/swiftc -module-name BamiLog -Onone -enforce-exclusivity\=checked @/Users/hyunholee/Library/Developer/Xcode/DerivedData/BamiLog-cmowuaiuamzlxlgpvixsmogdajlm/Build/Intermediates.noindex/BamiLog.build/Debug-iphonesimulator/BamiLog.build/Objects-normal/arm64/BamiLog.SwiftFileList -DDEBUG -Xcc -fmodule-map-file\=/Users/hyunholee/Library/Developer/Xcode/DerivedData/BamiLog-cmowuaiuamzlxlgpvixsmogdajlm/Build/Intermediates.noindex/GeneratedModuleMaps-iphonesimulator/FirebaseAppDistribution.modulemap -Xcc -fmodule-map-file\=/Users/hyunholee/Library/Developer/Xcode/DerivedData/BamiLog-cmowuaiuamzlxlgpvixsmogdajlm/Build/Intermediates.noindex/GeneratedModuleMaps-iphonesimulator/FirebaseAppDistributionTarget.modulemap -Xcc -fmodule-map-file\=/Users/hyunholee/Library/Developer/Xcode/DerivedData/BamiLog-cmowuaiuamzlxlgpvixsmogdajlm/Build/Intermediates.noindex/GeneratedModuleMaps-iphonesimulator/GoogleAppMeasurementIdentitySupportTarget.modulemap -Xcc -fmodule-map-file\=/Users/hyunholee/Library/Developer/Xcode/DerivedData/BamiLog-cmowuaiuamzlxlgpvixsmogdajlm/Build/Intermediates.noindex/GeneratedModuleMaps-iphonesimulator/FirebaseAnalyticsIdentitySupportTarget.modulemap -Xcc -fmodule-map-file\=/Users/hyunholee/Library/Developer/Xcode/DerivedData/BamiLog-cmowuaiuamzlxlgpvixsmogdajlm/Build/Intermediates.noindex/GeneratedModuleMaps-iphonesimulator/FirebaseInAppMessagingInternal.modulemap -Xcc -fmodule-map-file\=/Users/hyunholee/Library/Developer/Xcode/DerivedData/BamiLog-cmowuaiuamzlxlgpvixsmogdajlm/Build/Intermediates.noindex/GeneratedModuleMaps-iphonesimulator/FirebaseInAppMessaging_iOS.modulemap -Xcc -fmodule-map-file\=/Users/hyunholee/Library/Developer/Xcode/DerivedData/BamiLog-cmowuaiuamzlxlgpvixsmogdajlm/Build/Intermediates.noindex/GeneratedModuleMaps-iphonesimulator/FirebaseInAppMessagingTarget.modulemap -Xcc -fmodule-map-file\=/Users/hyunholee/Library/Developer/Xcode/DerivedData/BamiLog-cmowuaiuamzlxlgpvixsmogdajlm/Build/Intermediates.noindex/GeneratedModuleMaps-iphonesimulator/FirebaseCrashlytics.modulemap -Xcc -fmodule-map-file\=/Users/hyunholee/Library/Developer/Xcode/DerivedData/BamiLog-cmowuaiuamzlxlgpvixsmogdajlm/Build/Intermediates.noindex/GeneratedModuleMaps-iphonesimulator/FirebaseDatabaseInternal.modulemap -Xcc -fmodule-map-file\=/Users/hyunholee/Library/Developer/Xcode/DerivedData/BamiLog-cmowuaiuamzlxlgpvixsmogdajlm/Build/Intermediates.noindex/GeneratedModuleMaps-iphonesimulator/GoogleAdsOnDeviceConversionTarget.modulemap -Xcc -fmodule-map-file\=/Users/hyunholee/Library/Developer/Xcode/DerivedData/BamiLog-cmowuaiuamzlxlgpvixsmogdajlm/Build/Intermediates.noindex/GeneratedModuleMaps-iphonesimulator/GoogleAppMeasurementTarget.modulemap -Xcc -fmodule-map-file\=/Users/hyunholee/Library/Developer/Xcode/DerivedData/BamiLog-cmowuaiuamzlxlgpvixsmogdajlm/Build/Intermediates.noindex/GeneratedModuleMaps-iphonesimulator/FirebaseAnalyticsWrapper.modulemap -Xcc -fmodule-map-file\=/Users/hyunholee/Library/Developer/Xcode/DerivedData/BamiLog-cmowuaiuamzlxlgpvixsmogdajlm/Build/Intermediates.noindex/GeneratedModuleMaps-iphonesimulator/FirebaseAnalyticsTarget.modulemap -Xcc -fmodule-map-file\=/Users/hyunholee/Library/Developer/Xcode/DerivedData/BamiLog-cmowuaiuamzlxlgpvixsmogdajlm/Build/Intermediates.noindex/GeneratedModuleMaps-iphonesimulator/FirebaseMessaging.modulemap -Xcc -fmodule-map-file\=/Users/hyunholee/Library/Developer/Xcode/DerivedData/BamiLog-cmowuaiuamzlxlgpvixsmogdajlm/Build/Intermediates.noindex/GeneratedModuleMaps-iphonesimulator/GoogleDataTransport.modulemap -Xcc -fmodule-map-file\=/Users/hyunholee/Library/Developer/Xcode/DerivedData/BamiLog-cmowuaiuamzlxlgpvixsmogdajlm/Build/Intermediates.noindex/GeneratedModuleMaps-iphonesimulator/FirebasePerformance.modulemap -Xcc -fmodule-map-file\=/Users/hyunholee/Library/Developer/Xcode/DerivedData/BamiLog-cmowuaiuamzlxlgpvixsmogdajlm/Build/Intermediates.noindex/GeneratedModuleMaps-iphonesimulator/FirebaseSessionsObjC.modulemap -Xcc -fmodule-map-file\=/Users/hyunholee/Library/Developer/Xcode/DerivedData/BamiLog-cmowuaiuamzlxlgpvixsmogdajlm/Build/Intermediates.noindex/GeneratedModuleMaps-iphonesimulator/FirebaseRemoteConfigInternal.modulemap -Xcc -fmodule-map-file\=/Users/hyunholee/Library/Developer/Xcode/DerivedData/BamiLog-cmowuaiuamzlxlgpvixsmogdajlm/Build/Intermediates.noindex/GeneratedModuleMaps-iphonesimulator/FirebaseABTesting.modulemap -Xcc -fmodule-map-file\=/Users/hyunholee/Library/Developer/Xcode/DerivedData/BamiLog-cmowuaiuamzlxlgpvixsmogdajlm/Build/Intermediates.noindex/GeneratedModuleMaps-iphonesimulator/FirebasePerformanceTarget.modulemap -Xcc -fmodule-map-file\=/Users/hyunholee/Library/Developer/Xcode/DerivedData/BamiLog-cmowuaiuamzlxlgpvixsmogdajlm/Build/Intermediates.noindex/GeneratedModuleMaps-iphonesimulator/AppCheckCore.modulemap -Xcc -fmodule-map-file\=/Users/hyunholee/Library/Developer/Xcode/DerivedData/BamiLog-cmowuaiuamzlxlgpvixsmogdajlm/Build/Intermediates.noindex/GeneratedModuleMaps-iphonesimulator/FirebaseAppCheck.modulemap -Xcc -fmodule-map-file\=/Users/hyunholee/Library/Developer/Xcode/DerivedData/BamiLog-cmowuaiuamzlxlgpvixsmogdajlm/Build/Intermediates.noindex/GeneratedModuleMaps-iphonesimulator/GoogleUtilities-UserDefaults.modulemap -Xcc -fmodule-map-file\=/Users/hyunholee/Library/Developer/Xcode/DerivedData/BamiLog-cmowuaiuamzlxlgpvixsmogdajlm/Build/Intermediates.noindex/GeneratedModuleMaps-iphonesimulator/GoogleAppMeasurementCoreTarget.modulemap -Xcc -fmodule-map-file\=/Users/hyunholee/Library/Developer/Xcode/DerivedData/BamiLog-cmowuaiuamzlxlgpvixsmogdajlm/Build/Intermediates.noindex/GeneratedModuleMaps-iphonesimulator/GoogleUtilities-MethodSwizzler.modulemap -Xcc -fmodule-map-file\=/Users/hyunholee/Library/Developer/Xcode/DerivedData/BamiLog-cmowuaiuamzlxlgpvixsmogdajlm/Build/Intermediates.noindex/GeneratedModuleMaps-iphonesimulator/FirebaseAnalyticsCoreWrapper.modulemap -Xcc -fmodule-map-file\=/Users/hyunholee/Library/Developer/Xcode/DerivedData/BamiLog-cmowuaiuamzlxlgpvixsmogdajlm/Build/Intermediates.noindex/GeneratedModuleMaps-iphonesimulator/FirebaseInstallations.modulemap -Xcc -fmodule-map-file\=/Users/hyunholee/Library/Developer/Xcode/DerivedData/BamiLog-cmowuaiuamzlxlgpvixsmogdajlm/Build/Intermediates.noindex/GeneratedModuleMaps-iphonesimulator/FirebaseAnalyticsCoreTarget.modulemap -Xcc -fmodule-map-file\=/Users/hyunholee/Library/Developer/Xcode/DerivedData/BamiLog-cmowuaiuamzlxlgpvixsmogdajlm/Build/Intermediates.noindex/GeneratedModuleMaps-iphonesimulator/FirebaseMessagingInterop.modulemap -Xcc -fmodule-map-file\=/Users/hyunholee/Library/Developer/Xcode/DerivedData/BamiLog-cmowuaiuamzlxlgpvixsmogdajlm/Build/Intermediates.noindex/GeneratedModuleMaps-iphonesimulator/RecaptchaInterop.modulemap -Xcc -fmodule-map-file\=/Users/hyunholee/Library/Developer/Xcode/DerivedData/BamiLog-cmowuaiuamzlxlgpvixsmogdajlm/Build/Intermediates.noindex/GeneratedModuleMaps-iphonesimulator/GoogleUtilities-Network.modulemap -Xcc -fmodule-map-file\=/Users/hyunholee/Library/Developer/Xcode/DerivedData/BamiLog-cmowuaiuamzlxlgpvixsmogdajlm/Build/Intermediates.noindex/GeneratedModuleMaps-iphonesimulator/GoogleUtilities-Reachability.modulemap -Xcc -fmodule-map-file\=/Users/hyunholee/Library/Developer/Xcode/DerivedData/BamiLog-cmowuaiuamzlxlgpvixsmogdajlm/Build/Intermediates.noindex/GeneratedModuleMaps-iphonesimulator/GoogleUtilities-AppDelegateSwizzler.modulemap -Xcc -fmodule-map-file\=/Users/hyunholee/Library/Developer/Xcode/DerivedData/BamiLog-cmowuaiuamzlxlgpvixsmogdajlm/Build/Intermediates.noindex/GeneratedModuleMaps-iphonesimulator/GTMSessionFetcherCore.modulemap -Xcc -fmodule-map-file\=/Users/hyunholee/Library/Developer/Xcode/DerivedData/BamiLog-cmowuaiuamzlxlgpvixsmogdajlm/Build/Intermediates.noindex/GeneratedModuleMaps-iphonesimulator/FirebaseAuthInternal.modulemap -Xcc -fmodule-map-file\=/Users/hyunholee/Library/Developer/Xcode/DerivedData/BamiLog-cmowuaiuamzlxlgpvixsmogdajlm/Build/Intermediates.noindex/GeneratedModuleMaps-iphonesimulator/FirebaseAuthInterop.modulemap -Xcc -fmodule-map-file\=/Users/hyunholee/Library/Developer/Xcode/DerivedData/BamiLog-cmowuaiuamzlxlgpvixsmogdajlm/Build/Intermediates.noindex/GeneratedModuleMaps-iphonesimulator/GoogleUtilities-NSData.modulemap -Xcc -fmodule-map-file\=/Users/hyunholee/Library/Developer/Xcode/DerivedData/BamiLog-cmowuaiuamzlxlgpvixsmogdajlm/Build/Intermediates.noindex/GeneratedModuleMaps-iphonesimulator/GoogleUtilities-Environment.modulemap -Xcc -fmodule-map-file\=/Users/hyunholee/Library/Developer/Xcode/DerivedData/BamiLog-cmowuaiuamzlxlgpvixsmogdajlm/Build/Intermediates.noindex/GeneratedModuleMaps-iphonesimulator/third-party-IsAppEncrypted.modulemap -Xcc -fmodule-map-file\=/Users/hyunholee/Library/Developer/Xcode/DerivedData/BamiLog-cmowuaiuamzlxlgpvixsmogdajlm/Build/Intermediates.noindex/GeneratedModuleMaps-iphonesimulator/GoogleUtilities-Logger.modulemap -Xcc -fmodule-map-file\=/Users/hyunholee/Library/Developer/Xcode/DerivedData/BamiLog-cmowuaiuamzlxlgpvixsmogdajlm/Build/Intermediates.noindex/GeneratedModuleMaps-iphonesimulator/abslWrapper.modulemap -Xcc -fmodule-map-file\=/Users/hyunholee/Library/Developer/Xcode/DerivedData/BamiLog-cmowuaiuamzlxlgpvixsmogdajlm/Build/Intermediates.noindex/GeneratedModuleMaps-iphonesimulator/opensslWrapper.modulemap -Xcc -fmodule-map-file\=/Users/hyunholee/Library/Developer/Xcode/DerivedData/BamiLog-cmowuaiuamzlxlgpvixsmogdajlm/Build/Intermediates.noindex/GeneratedModuleMaps-iphonesimulator/grpcWrapper.modulemap -Xcc -fmodule-map-file\=/Users/hyunholee/Library/Developer/Xcode/DerivedData/BamiLog-cmowuaiuamzlxlgpvixsmogdajlm/Build/Intermediates.noindex/GeneratedModuleMaps-iphonesimulator/grpcppWrapper.modulemap -Xcc -fmodule-map-file\=/Users/hyunholee/Library/Developer/Xcode/DerivedData/BamiLog-cmowuaiuamzlxlgpvixsmogdajlm/Build/Intermediates.noindex/GeneratedModuleMaps-iphonesimulator/nanopb.modulemap -Xcc -fmodule-map-file\=/Users/hyunholee/Library/Developer/Xcode/DerivedData/BamiLog-cmowuaiuamzlxlgpvixsmogdajlm/Build/Intermediates.noindex/GeneratedModuleMaps-iphonesimulator/leveldb.modulemap -Xcc -fmodule-map-file\=/Users/hyunholee/Library/Developer/Xcode/DerivedData/BamiLog-cmowuaiuamzlxlgpvixsmogdajlm/Build/Intermediates.noindex/GeneratedModuleMaps-iphonesimulator/FirebaseFirestoreTarget.modulemap -Xcc -fmodule-map-file\=/Users/hyunholee/Library/Developer/Xcode/DerivedData/BamiLog-cmowuaiuamzlxlgpvixsmogdajlm/Build/Intermediates.noindex/GeneratedModuleMaps-iphonesimulator/FirebaseCoreExtension.modulemap -Xcc -fmodule-map-file\=/Users/hyunholee/Library/Developer/Xcode/DerivedData/BamiLog-cmowuaiuamzlxlgpvixsmogdajlm/Build/Intermediates.noindex/GeneratedModuleMaps-iphonesimulator/FirebaseCore.modulemap -Xcc -fmodule-map-file\=/Users/hyunholee/Library/Developer/Xcode/DerivedData/BamiLog-cmowuaiuamzlxlgpvixsmogdajlm/Build/Intermediates.noindex/GeneratedModuleMaps-iphonesimulator/FirebaseAppCheckInterop.modulemap -Xcc -fmodule-map-file\=/Users/hyunholee/Library/Developer/Xcode/DerivedData/BamiLog-cmowuaiuamzlxlgpvixsmogdajlm/Build/Intermediates.noindex/GeneratedModuleMaps-iphonesimulator/FirebaseFirestoreInternalWrapper.modulemap -enable-bare-slash-regex -enable-experimental-feature DebugDescriptionMacro -sdk /Applications/Xcode.app/Contents/Developer/Platforms/iPhoneSimulator.platform/Developer/SDKs/iPhoneSimulator26.0.sdk -target arm64-apple-ios16.1-simulator -g -module-cache-path /Users/hyunholee/Library/Developer/Xcode/DerivedData/ModuleCache.noindex -Xfrontend -serialize-debugging-options -enable-testing -index-store-path /Users/hyunholee/Library/Developer/Xcode/DerivedData/BamiLog-cmowuaiuamzlxlgpvixsmogdajlm/Index.noindex/DataStore -Xcc -D_LIBCPP_HARDENING_MODE\=_LIBCPP_HARDENING_MODE_DEBUG -swift-version 5 -I /Users/hyunholee/Library/Developer/Xcode/DerivedData/BamiLog-cmowuaiuamzlxlgpvixsmogdajlm/Build/Products/Debug-iphonesimulator -F /Users/hyunholee/Library/Developer/Xcode/DerivedData/BamiLog-cmowuaiuamzlxlgpvixsmogdajlm/Build/Products/Debug-iphonesimulator/PackageFrameworks -F /Users/hyunholee/Library/Developer/Xcode/DerivedData/BamiLog-cmowuaiuamzlxlgpvixsmogdajlm/Build/Products/Debug-iphonesimulator/PackageFrameworks -F /Users/hyunholee/Library/Developer/Xcode/DerivedData/BamiLog-cmowuaiuamzlxlgpvixsmogdajlm/Build/Products/Debug-iphonesimulator/PackageFrameworks -F /Users/hyunholee/Library/Developer/Xcode/DerivedData/BamiLog-cmowuaiuamzlxlgpvixsmogdajlm/Build/Products/Debug-iphonesimulator/PackageFrameworks -F /Users/hyunholee/Library/Developer/Xcode/DerivedData/BamiLog-cmowuaiuamzlxlgpvixsmogdajlm/Build/Products/Debug-iphonesimulator/PackageFrameworks -F /Users/hyunholee/Library/Developer/Xcode/DerivedData/BamiLog-cmowuaiuamzlxlgpvixsmogdajlm/Build/Products/Debug-iphonesimulator/PackageFrameworks -F /Users/hyunholee/Library/Developer/Xcode/DerivedData/BamiLog-cmowuaiuamzlxlgpvixsmogdajlm/Build/Products/Debug-iphonesimulator/PackageFrameworks -F /Users/hyunholee/Library/Developer/Xcode/DerivedData/BamiLog-cmowuaiuamzlxlgpvixsmogdajlm/Build/Products/Debug-iphonesimulator/PackageFrameworks -F /Users/hyunholee/Library/Developer/Xcode/DerivedData/BamiLog-cmowuaiuamzlxlgpvixsmogdajlm/Build/Products/Debug-iphonesimulator/PackageFrameworks -F /Users/hyunholee/Library/Developer/Xcode/DerivedData/BamiLog-cmowuaiuamzlxlgpvixsmogdajlm/Build/Products/Debug-iphonesimulator/PackageFrameworks -F /Users/hyunholee/Library/Developer/Xcode/DerivedData/BamiLog-cmowuaiuamzlxlgpvixsmogdajlm/Build/Products/Debug-iphonesimulator/PackageFrameworks -F /Users/hyunholee/Library/Developer/Xcode/DerivedData/BamiLog-cmowuaiuamzlxlgpvixsmogdajlm/Build/Products/Debug-iphonesimulator/PackageFrameworks -F /Users/hyunholee/Library/Developer/Xcode/DerivedData/BamiLog-cmowuaiuamzlxlgpvixsmogdajlm/Build/Products/Debug-iphonesimulator/PackageFrameworks -F /Users/hyunholee/Library/Developer/Xcode/DerivedData/BamiLog-cmowuaiuamzlxlgpvixsmogdajlm/Build/Products/Debug-iphonesimulator/PackageFrameworks -F /Users/hyunholee/Library/Developer/Xcode/DerivedData/BamiLog-cmowuaiuamzlxlgpvixsmogdajlm/Build/Products/Debug-iphonesimulator/PackageFrameworks -F /Users/hyunholee/Library/Developer/Xcode/DerivedData/BamiLog-cmowuaiuamzlxlgpvixsmogdajlm/Build/Products/Debug-iphonesimulator/PackageFrameworks -F /Users/hyunholee/Library/Developer/Xcode/DerivedData/BamiLog-cmowuaiuamzlxlgpvixsmogdajlm/Build/Products/Debug-iphonesimulator/PackageFrameworks -F /Users/hyunholee/Library/Developer/Xcode/DerivedData/BamiLog-cmowuaiuamzlxlgpvixsmogdajlm/Build/Products/Debug-iphonesimulator/PackageFrameworks -F /Users/hyunholee/Library/Developer/Xcode/DerivedData/BamiLog-cmowuaiuamzlxlgpvixsmogdajlm/Build/Products/Debug-iphonesimulator/PackageFrameworks -F /Users/hyunholee/Library/Developer/Xcode/DerivedData/BamiLog-cmowuaiuamzlxlgpvixsmogdajlm/Build/Products/Debug-iphonesimulator/PackageFrameworks -F /Users/hyunholee/Library/Developer/Xcode/DerivedData/BamiLog-cmowuaiuamzlxlgpvixsmogdajlm/Build/Products/Debug-iphonesimulator/PackageFrameworks -F /Users/hyunholee/Library/Developer/Xcode/DerivedData/BamiLog-cmowuaiuamzlxlgpvixsmogdajlm/Build/Products/Debug-iphonesimulator/PackageFrameworks -F /Users/hyunholee/Library/Developer/Xcode/DerivedData/BamiLog-cmowuaiuamzlxlgpvixsmogdajlm/Build/Products/Debug-iphonesimulator/PackageFrameworks -F /Users/hyunholee/Library/Developer/Xcode/DerivedData/BamiLog-cmowuaiuamzlxlgpvixsmogdajlm/Build/Products/Debug-iphonesimulator/PackageFrameworks -F /Users/hyunholee/Library/Developer/Xcode/DerivedData/BamiLog-cmowuaiuamzlxlgpvixsmogdajlm/Build/Products/Debug-iphonesimulator/PackageFrameworks -F /Users/hyunholee/Library/Developer/Xcode/DerivedData/BamiLog-cmowuaiuamzlxlgpvixsmogdajlm/Build/Products/Debug-iphonesimulator/PackageFrameworks -F /Users/hyunholee/Library/Developer/Xcode/DerivedData/BamiLog-cmowuaiuamzlxlgpvixsmogdajlm/Build/Products/Debug-iphonesimulator/PackageFrameworks -F /Users/hyunholee/Library/Developer/Xcode/DerivedData/BamiLog-cmowuaiuamzlxlgpvixsmogdajlm/Build/Products/Debug-iphonesimulator/PackageFrameworks -F /Users/hyunholee/Library/Developer/Xcode/DerivedData/BamiLog-cmowuaiuamzlxlgpvixsmogdajlm/Build/Products/Debug-iphonesimulator/PackageFrameworks -F /Users/hyunholee/Library/Developer/Xcode/DerivedData/BamiLog-cmowuaiuamzlxlgpvixsmogdajlm/Build/Products/Debug-iphonesimulator/PackageFrameworks -F /Users/hyunholee/Library/Developer/Xcode/DerivedData/BamiLog-cmowuaiuamzlxlgpvixsmogdajlm/Build/Products/Debug-iphonesimulator/PackageFrameworks -F /Users/hyunholee/Library/Developer/Xcode/DerivedData/BamiLog-cmowuaiuamzlxlgpvixsmogdajlm/Build/Products/Debug-iphonesimulator/PackageFrameworks -F /Users/hyunholee/Library/Developer/Xcode/DerivedData/BamiLog-cmowuaiuamzlxlgpvixsmogdajlm/Build/Products/Debug-iphonesimulator/PackageFrameworks -F /Users/hyunholee/Library/Developer/Xcode/DerivedData/BamiLog-cmowuaiuamzlxlgpvixsmogdajlm/Build/Products/Debug-iphonesimulator/PackageFrameworks -F /Users/hyunholee/Library/Developer/Xcode/DerivedData/BamiLog-cmowuaiuamzlxlgpvixsmogdajlm/Build/Products/Debug-iphonesimulator/PackageFrameworks -F /Users/hyunholee/Library/Developer/Xcode/DerivedData/BamiLog-cmowuaiuamzlxlgpvixsmogdajlm/Build/Products/Debug-iphonesimulator/PackageFrameworks -F /Users/hyunholee/Library/Developer/Xcode/DerivedData/BamiLog-cmowuaiuamzlxlgpvixsmogdajlm/Build/Products/Debug-iphonesimulator/PackageFrameworks -F /Users/hyunholee/Library/Developer/Xcode/DerivedData/BamiLog-cmowuaiuamzlxlgpvixsmogdajlm/Build/Products/Debug-iphonesimulator/PackageFrameworks -F /Users/hyunholee/Library/Developer/Xcode/DerivedData/BamiLog-cmowuaiuamzlxlgpvixsmogdajlm/Build/Products/Debug-iphonesimulator/PackageFrameworks -F /Users/hyunholee/Library/Developer/Xcode/DerivedData/BamiLog-cmowuaiuamzlxlgpvixsmogdajlm/Build/Products/Debug-iphonesimulator/PackageFrameworks -F /Users/hyunholee/Library/Developer/Xcode/DerivedData/BamiLog-cmowuaiuamzlxlgpvixsmogdajlm/Build/Products/Debug-iphonesimulator/PackageFrameworks -F /Users/hyunholee/Library/Developer/Xcode/DerivedData/BamiLog-cmowuaiuamzlxlgpvixsmogdajlm/Build/Products/Debug-iphonesimulator/PackageFrameworks -F /Users/hyunholee/Library/Developer/Xcode/DerivedData/BamiLog-cmowuaiuamzlxlgpvixsmogdajlm/Build/Products/Debug-iphonesimulator/PackageFrameworks -F /Users/hyunholee/Library/Developer/Xcode/DerivedData/BamiLog-cmowuaiuamzlxlgpvixsmogdajlm/Build/Products/Debug-iphonesimulator/PackageFrameworks -F /Users/hyunholee/Library/Developer/Xcode/DerivedData/BamiLog-cmowuaiuamzlxlgpvixsmogdajlm/Build/Products/Debug-iphonesimulator/PackageFrameworks -F /Users/hyunholee/Library/Developer/Xcode/DerivedData/BamiLog-cmowuaiuamzlxlgpvixsmogdajlm/Build/Products/Debug-iphonesimulator/PackageFrameworks -F /Users/hyunholee/Library/Developer/Xcode/DerivedData/BamiLog-cmowuaiuamzlxlgpvixsmogdajlm/Build/Products/Debug-iphonesimulator/PackageFrameworks -F /Users/hyunholee/Library/Developer/Xcode/DerivedData/BamiLog-cmowuaiuamzlxlgpvixsmogdajlm/Build/Products/Debug-iphonesimulator/PackageFrameworks -F /Users/hyunholee/Library/Developer/Xcode/DerivedData/BamiLog-cmowuaiuamzlxlgpvixsmogdajlm/Build/Products/Debug-iphonesimulator/PackageFrameworks -F /Users/hyunholee/Library/Developer/Xcode/DerivedData/BamiLog-cmowuaiuamzlxlgpvixsmogdajlm/Build/Products/Debug-iphonesimulator/PackageFrameworks -F /Users/hyunholee/Library/Developer/Xcode/DerivedData/BamiLog-cmowuaiuamzlxlgpvixsmogdajlm/Build/Products/Debug-iphonesimulator/PackageFrameworks -F /Users/hyunholee/Library/Developer/Xcode/DerivedData/BamiLog-cmowuaiuamzlxlgpvixsmogdajlm/Build/Products/Debug-iphonesimulator/PackageFrameworks -F /Users/hyunholee/Library/Developer/Xcode/DerivedData/BamiLog-cmowuaiuamzlxlgpvixsmogdajlm/Build/Products/Debug-iphonesimulator/PackageFrameworks -F /Users/hyunholee/Library/Developer/Xcode/DerivedData/BamiLog-cmowuaiuamzlxlgpvixsmogdajlm/Build/Products/Debug-iphonesimulator/PackageFrameworks -F /Users/hyunholee/Library/Developer/Xcode/DerivedData/BamiLog-cmowuaiuamzlxlgpvixsmogdajlm/Build/Products/Debug-iphonesimulator/PackageFrameworks -F /Users/hyunholee/Library/Developer/Xcode/DerivedData/BamiLog-cmowuaiuamzlxlgpvixsmogdajlm/Build/Products/Debug-iphonesimulator/PackageFrameworks -F /Users/hyunholee/Library/Developer/Xcode/DerivedData/BamiLog-cmowuaiuamzlxlgpvixsmogdajlm/Build/Products/Debug-iphonesimulator/PackageFrameworks -F /Users/hyunholee/Library/Developer/Xcode/DerivedData/BamiLog-cmowuaiuamzlxlgpvixsmogdajlm/Build/Products/Debug-iphonesimulator/PackageFrameworks -F /Users/hyunholee/Library/Developer/Xcode/DerivedData/BamiLog-cmowuaiuamzlxlgpvixsmogdajlm/Build/Products/Debug-iphonesimulator/PackageFrameworks -F /Users/hyunholee/Library/Developer/Xcode/DerivedData/BamiLog-cmowuaiuamzlxlgpvixsmogdajlm/Build/Products/Debug-iphonesimulator/PackageFrameworks -F /Users/hyunholee/Library/Developer/Xcode/DerivedData/BamiLog-cmowuaiuamzlxlgpvixsmogdajlm/Build/Products/Debug-iphonesimulator/PackageFrameworks -F /Users/hyunholee/Library/Developer/Xcode/DerivedData/BamiLog-cmowuaiuamzlxlgpvixsmogdajlm/Build/Products/Debug-iphonesimulator/PackageFrameworks -F /Users/hyunholee/Library/Developer/Xcode/DerivedData/BamiLog-cmowuaiuamzlxlgpvixsmogdajlm/Build/Products/Debug-iphonesimulator/PackageFrameworks -F /Users/hyunholee/Library/Developer/Xcode/DerivedData/BamiLog-cmowuaiuamzlxlgpvixsmogdajlm/Build/Products/Debug-iphonesimulator/PackageFrameworks -F /Users/hyunholee/Library/Developer/Xcode/DerivedData/BamiLog-cmowuaiuamzlxlgpvixsmogdajlm/Build/Products/Debug-iphonesimulator/PackageFrameworks -F /Users/hyunholee/Library/Developer/Xcode/DerivedData/BamiLog-cmowuaiuamzlxlgpvixsmogdajlm/Build/Products/Debug-iphonesimulator/PackageFrameworks -F /Users/hyunholee/Library/Developer/Xcode/DerivedData/BamiLog-cmowuaiuamzlxlgpvixsmogdajlm/Build/Products/Debug-iphonesimulator/PackageFrameworks -F /Users/hyunholee/Library/Developer/Xcode/DerivedData/BamiLog-cmowuaiuamzlxlgpvixsmogdajlm/Build/Products/Debug-iphonesimulator/PackageFrameworks -F /Users/hyunholee/Library/Developer/Xcode/DerivedData/BamiLog-cmowuaiuamzlxlgpvixsmogdajlm/Build/Products/Debug-iphonesimulator/PackageFrameworks -F /Users/hyunholee/Library/Developer/Xcode/DerivedData/BamiLog-cmowuaiuamzlxlgpvixsmogdajlm/Build/Products/Debug-iphonesimulator/PackageFrameworks -F /Users/hyunholee/Library/Developer/Xcode/DerivedData/BamiLog-cmowuaiuamzlxlgpvixsmogdajlm/Build/Products/Debug-iphonesimulator/PackageFrameworks -F /Users/hyunholee/Library/Developer/Xcode/DerivedData/BamiLog-cmowuaiuamzlxlgpvixsmogdajlm/Build/Products/Debug-iphonesimulator/PackageFrameworks -F /Users/hyunholee/Library/Developer/Xcode/DerivedData/BamiLog-cmowuaiuamzlxlgpvixsmogdajlm/Build/Products/Debug-iphonesimulator/PackageFrameworks -F /Users/hyunholee/Library/Developer/Xcode/DerivedData/BamiLog-cmowuaiuamzlxlgpvixsmogdajlm/Build/Products/Debug-iphonesimulator/PackageFrameworks -F /Users/hyunholee/Library/Developer/Xcode/DerivedData/BamiLog-cmowuaiuamzlxlgpvixsmogdajlm/Build/Products/Debug-iphonesimulator -emit-localized-strings -emit-localized-strings-path /Users/hyunholee/Library/Developer/Xcode/DerivedData/BamiLog-cmowuaiuamzlxlgpvixsmogdajlm/Build/Intermediates.noindex/BamiLog.build/Debug-iphonesimulator/BamiLog.build/Objects-normal/arm64 -c -j8 -enable-batch-mode -incremental -Xcc -ivfsstatcache -Xcc /Users/hyunholee/Library/Developer/Xcode/DerivedData/SDKStatCaches.noindex/iphonesimulator26.0-23A339-26257891a6c027eb51374368541b8346.sdkstatcache -output-file-map /Users/hyunholee/Library/Developer/Xcode/DerivedData/BamiLog-cmowuaiuamzlxlgpvixsmogdajlm/Build/Intermediates.noindex/BamiLog.build/Debug-iphonesimulator/BamiLog.build/Objects-normal/arm64/BamiLog-OutputFileMap.json -use-frontend-parseable-output -save-temps -no-color-diagnostics -explicit-module-build -module-cache-path /Users/hyunholee/Library/Developer/Xcode/DerivedData/BamiLog-cmowuaiuamzlxlgpvixsmogdajlm/Build/Intermediates.noindex/SwiftExplicitPrecompiledModules -clang-scanner-module-cache-path /Users/hyunholee/Library/Developer/Xcode/DerivedData/ModuleCache.noindex -sdk-module-cache-path /Users/hyunholee/Library/Developer/Xcode/DerivedData/ModuleCache.noindex -serialize-diagnostics -emit-dependencies -emit-module -emit-module-path /Users/hyunholee/Library/Developer/Xcode/DerivedData/BamiLog-cmowuaiuamzlxlgpvixsmogdajlm/Build/Intermediates.noindex/BamiLog.build/Debug-iphonesimulator/BamiLog.build/Objects-normal/arm64/BamiLog.swiftmodule -validate-clang-modules-once -clang-build-session-file /Users/hyunholee/Library/Developer/Xcode/DerivedData/ModuleCache.noindex/Session.modulevalidation -Xcc -I/Users/hyunholee/Library/Developer/Xcode/DerivedData/BamiLog-cmowuaiuamzlxlgpvixsmogdajlm/Build/Intermediates.noindex/BamiLog.build/Debug-iphonesimulator/BamiLog.build/swift-overrides.hmap -emit-const-values -Xfrontend -const-gather-protocols-file -Xfrontend /Users/hyunholee/Library/Developer/Xcode/DerivedData/BamiLog-cmowuaiuamzlxlgpvixsmogdajlm/Build/Intermediates.noindex/BamiLog.build/Debug-iphonesimulator/BamiLog.build/Objects-normal/arm64/BamiLog_const_extract_protocols.json -Xcc -iquote -Xcc /Users/hyunholee/Library/Developer/Xcode/DerivedData/BamiLog-cmowuaiuamzlxlgpvixsmogdajlm/Build/Intermediates.noindex/BamiLog.build/Debug-iphonesimulator/BamiLog.build/BamiLog-generated-files.hmap -Xcc -I/Users/hyunholee/Library/Developer/Xcode/DerivedData/BamiLog-cmowuaiuamzlxlgpvixsmogdajlm/Build/Intermediates.noindex/BamiLog.build/Debug-iphonesimulator/BamiLog.build/BamiLog-own-target-headers.hmap -Xcc -I/Users/hyunholee/Library/Developer/Xcode/DerivedData/BamiLog-cmowuaiuamzlxlgpvixsmogdajlm/Build/Intermediates.noindex/BamiLog.build/Debug-iphonesimulator/BamiLog.build/BamiLog-all-non-framework-target-headers.hmap -Xcc -ivfsoverlay -Xcc /Users/hyunholee/Library/Developer/Xcode/DerivedData/BamiLog-cmowuaiuamzlxlgpvixsmogdajlm/Build/Intermediates.noindex/BamiLog.build/Debug-iphonesimulator/BamiLog-62de39598bf3bdc4ad8855ddb0f0875e-VFS-iphonesimulator/all-product-headers.yaml -Xcc -iquote -Xcc /Users/hyunholee/Library/Developer/Xcode/DerivedData/BamiLog-cmowuaiuamzlxlgpvixsmogdajlm/Build/Intermediates.noindex/BamiLog.build/Debug-iphonesimulator/BamiLog.build/BamiLog-project-headers.hmap -Xcc -I/Users/hyunholee/Library/Developer/Xcode/DerivedData/BamiLog-cmowuaiuamzlxlgpvixsmogdajlm/SourcePackages/checkouts/firebase-ios-sdk/FirebaseAppDistribution/Sources/Public -Xcc -I/Users/hyunholee/Library/Developer/Xcode/DerivedData/BamiLog-cmowuaiuamzlxlgpvixsmogdajlm/SourcePackages/checkouts/firebase-ios-sdk/SwiftPM-PlatformExclude/FirebaseAppDistributionWrap/include -Xcc -I/Users/hyunholee/Library/Developer/Xcode/DerivedData/BamiLog-cmowuaiuamzlxlgpvixsmogdajlm/SourcePackages/checkouts/GoogleAppMeasurement/GoogleAppMeasurementIdentitySupportWrapper/include -Xcc -I/Users/hyunholee/Library/Developer/Xcode/DerivedData/BamiLog-cmowuaiuamzlxlgpvixsmogdajlm/SourcePackages/checkouts/firebase-ios-sdk/FirebaseAnalyticsIdentitySupportWrapper/include -Xcc -I/Users/hyunholee/Library/Developer/Xcode/DerivedData/BamiLog-cmowuaiuamzlxlgpvixsmogdajlm/SourcePackages/checkouts/firebase-ios-sdk/FirebaseInAppMessaging/Sources/Public -Xcc -I/Users/hyunholee/Library/Developer/Xcode/DerivedData/BamiLog-cmowuaiuamzlxlgpvixsmogdajlm/SourcePackages/checkouts/firebase-ios-sdk/FirebaseInAppMessaging/iOS/include -Xcc -I/Users/hyunholee/Library/Developer/Xcode/DerivedData/BamiLog-cmowuaiuamzlxlgpvixsmogdajlm/SourcePackages/checkouts/firebase-ios-sdk/SwiftPM-PlatformExclude/FirebaseInAppMessagingWrap/include -Xcc -I/Users/hyunholee/Library/Developer/Xcode/DerivedData/BamiLog-cmowuaiuamzlxlgpvixsmogdajlm/SourcePackages/checkouts/firebase-ios-sdk/Crashlytics/Crashlytics/Public -Xcc -I/Users/hyunholee/Library/Developer/Xcode/DerivedData/BamiLog-cmowuaiuamzlxlgpvixsmogdajlm/SourcePackages/checkouts/firebase-ios-sdk/FirebaseDatabase/Sources/Public -Xcc -I/Users/hyunholee/Library/Developer/Xcode/DerivedData/BamiLog-cmowuaiuamzlxlgpvixsmogdajlm/SourcePackages/checkouts/google-ads-on-device-conversion-ios-sdk/GoogleAdsOnDeviceConversionWrapper/include -Xcc -I/Users/hyunholee/Library/Developer/Xcode/DerivedData/BamiLog-cmowuaiuamzlxlgpvixsmogdajlm/SourcePackages/checkouts/GoogleAppMeasurement/GoogleAppMeasurementWrapper/include -Xcc -I/Users/hyunholee/Library/Developer/Xcode/DerivedData/BamiLog-cmowuaiuamzlxlgpvixsmogdajlm/SourcePackages/checkouts/firebase-ios-sdk/FirebaseAnalyticsWrapper/include -Xcc -I/Users/hyunholee/Library/Developer/Xcode/DerivedData/BamiLog-cmowuaiuamzlxlgpvixsmogdajlm/SourcePackages/checkouts/firebase-ios-sdk/SwiftPM-PlatformExclude/FirebaseAnalyticsWrap/include -Xcc -I/Users/hyunholee/Library/Developer/Xcode/DerivedData/BamiLog-cmowuaiuamzlxlgpvixsmogdajlm/SourcePackages/checkouts/firebase-ios-sdk/FirebaseMessaging/Sources/Public -Xcc -I/Users/hyunholee/Library/Developer/Xcode/DerivedData/BamiLog-cmowuaiuamzlxlgpvixsmogdajlm/SourcePackages/checkouts/GoogleDataTransport/GoogleDataTransport/GDTCORLibrary/Public -Xcc -I/Users/hyunholee/Library/Developer/Xcode/DerivedData/BamiLog-cmowuaiuamzlxlgpvixsmogdajlm/SourcePackages/checkouts/firebase-ios-sdk/FirebasePerformance/Sources/Public -Xcc -I/Users/hyunholee/Library/Developer/Xcode/DerivedData/BamiLog-cmowuaiuamzlxlgpvixsmogdajlm/SourcePackages/checkouts/firebase-ios-sdk/FirebaseSessions/SourcesObjC -Xcc -I/Users/hyunholee/Library/Developer/Xcode/DerivedData/BamiLog-cmowuaiuamzlxlgpvixsmogdajlm/SourcePackages/checkouts/firebase-ios-sdk/FirebaseRemoteConfig/Sources/Public -Xcc -I/Users/hyunholee/Library/Developer/Xcode/DerivedData/BamiLog-cmowuaiuamzlxlgpvixsmogdajlm/SourcePackages/checkouts/firebase-ios-sdk/FirebaseABTesting/Sources/Public -Xcc -I/Users/hyunholee/Library/Developer/Xcode/DerivedData/BamiLog-cmowuaiuamzlxlgpvixsmogdajlm/SourcePackages/checkouts/firebase-ios-sdk/SwiftPM-PlatformExclude/FirebasePerformanceWrap/include -Xcc -I/Users/hyunholee/Library/Developer/Xcode/DerivedData/BamiLog-cmowuaiuamzlxlgpvixsmogdajlm/SourcePackages/checkouts/app-check/AppCheckCore/Sources/Public -Xcc -I/Users/hyunholee/Library/Developer/Xcode/DerivedData/BamiLog-cmowuaiuamzlxlgpvixsmogdajlm/SourcePackages/checkouts/firebase-ios-sdk/FirebaseAppCheck/Sources/Public -Xcc -I/Users/hyunholee/Library/Developer/Xcode/DerivedData/BamiLog-cmowuaiuamzlxlgpvixsmogdajlm/SourcePackages/checkouts/promises/Sources/FBLPromises/include -Xcc -I/Users/hyunholee/Library/Developer/Xcode/DerivedData/BamiLog-cmowuaiuamzlxlgpvixsmogdajlm/SourcePackages/checkouts/GoogleUtilities/GoogleUtilities/UserDefaults/Public -Xcc -I/Users/hyunholee/Library/Developer/Xcode/DerivedData/BamiLog-cmowuaiuamzlxlgpvixsmogdajlm/SourcePackages/checkouts/GoogleAppMeasurement/GoogleAppMeasurementCoreWrapper/include -Xcc -I/Users/hyunholee/Library/Developer/Xcode/DerivedData/BamiLog-cmowuaiuamzlxlgpvixsmogdajlm/SourcePackages/checkouts/GoogleUtilities/GoogleUtilities/MethodSwizzler/Public -Xcc -I/Users/hyunholee/Library/Developer/Xcode/DerivedData/BamiLog-cmowuaiuamzlxlgpvixsmogdajlm/SourcePackages/checkouts/firebase-ios-sdk/FirebaseAnalyticsCoreWrapper/include -Xcc -I/Users/hyunholee/Library/Developer/Xcode/DerivedData/BamiLog-cmowuaiuamzlxlgpvixsmogdajlm/SourcePackages/checkouts/firebase-ios-sdk/FirebaseInstallations/Source/Library/Public -Xcc -I/Users/hyunholee/Library/Developer/Xcode/DerivedData/BamiLog-cmowuaiuamzlxlgpvixsmogdajlm/SourcePackages/checkouts/firebase-ios-sdk/SwiftPM-PlatformExclude/FirebaseAnalyticsCoreWrap/include -Xcc -I/Users/hyunholee/Library/Developer/Xcode/DerivedData/BamiLog-cmowuaiuamzlxlgpvixsmogdajlm/SourcePackages/checkouts/firebase-ios-sdk/FirebaseMessaging/Interop -Xcc -I/Users/hyunholee/Library/Developer/Xcode/DerivedData/BamiLog-cmowuaiuamzlxlgpvixsmogdajlm/SourcePackages/checkouts/interop-ios-for-google-sdks/RecaptchaEnterprise/RecaptchaInterop/Public -Xcc -I/Users/hyunholee/Library/Developer/Xcode/DerivedData/BamiLog-cmowuaiuamzlxlgpvixsmogdajlm/SourcePackages/checkouts/GoogleUtilities/GoogleUtilities/Network/Public -Xcc -I/Users/hyunholee/Library/Developer/Xcode/DerivedData/BamiLog-cmowuaiuamzlxlgpvixsmogdajlm/SourcePackages/checkouts/GoogleUtilities/GoogleUtilities/Reachability/Public -Xcc -I/Users/hyunholee/Library/Developer/Xcode/DerivedData/BamiLog-cmowuaiuamzlxlgpvixsmogdajlm/SourcePackages/checkouts/GoogleUtilities/GoogleUtilities/AppDelegateSwizzler/Public -Xcc -I/Users/hyunholee/Library/Developer/Xcode/DerivedData/BamiLog-cmowuaiuamzlxlgpvixsmogdajlm/SourcePackages/checkouts/gtm-session-fetcher/Sources/Core/Public -Xcc -I/Users/hyunholee/Library/Developer/Xcode/DerivedData/BamiLog-cmowuaiuamzlxlgpvixsmogdajlm/SourcePackages/checkouts/firebase-ios-sdk/FirebaseAuth/Sources/Public -Xcc -I/Users/hyunholee/Library/Developer/Xcode/DerivedData/BamiLog-cmowuaiuamzlxlgpvixsmogdajlm/SourcePackages/checkouts/firebase-ios-sdk/FirebaseAuth/Interop/Public -Xcc -I/Users/hyunholee/Library/Developer/Xcode/DerivedData/BamiLog-cmowuaiuamzlxlgpvixsmogdajlm/SourcePackages/checkouts/GoogleUtilities/GoogleUtilities/NSData+zlib/Public -Xcc -I/Users/hyunholee/Library/Developer/Xcode/DerivedData/BamiLog-cmowuaiuamzlxlgpvixsmogdajlm/SourcePackages/checkouts/GoogleUtilities/GoogleUtilities/Environment/Public -Xcc -I/Users/hyunholee/Library/Developer/Xcode/DerivedData/BamiLog-cmowuaiuamzlxlgpvixsmogdajlm/SourcePackages/checkouts/GoogleUtilities/third_party/IsAppEncrypted/Public -Xcc -I/Users/hyunholee/Library/Developer/Xcode/DerivedData/BamiLog-cmowuaiuamzlxlgpvixsmogdajlm/SourcePackages/checkouts/GoogleUtilities/GoogleUtilities/Logger/Public -Xcc -I/Users/hyunholee/Library/Developer/Xcode/DerivedData/BamiLog-cmowuaiuamzlxlgpvixsmogdajlm/SourcePackages/checkouts/abseil-cpp-binary/absl-Wrapper/include -Xcc -I/Users/hyunholee/Library/Developer/Xcode/DerivedData/BamiLog-cmowuaiuamzlxlgpvixsmogdajlm/SourcePackages/checkouts/grpc-binary/openssl-grpc-Wrapper/include -Xcc -I/Users/hyunholee/Library/Developer/Xcode/DerivedData/BamiLog-cmowuaiuamzlxlgpvixsmogdajlm/SourcePackages/checkouts/grpc-binary/grpc-Wrapper/include -Xcc -I/Users/hyunholee/Library/Developer/Xcode/DerivedData/BamiLog-cmowuaiuamzlxlgpvixsmogdajlm/SourcePackages/checkouts/grpc-binary/grpcpp-Wrapper/include -Xcc -I/Users/hyunholee/Library/Developer/Xcode/DerivedData/BamiLog-cmowuaiuamzlxlgpvixsmogdajlm/SourcePackages/checkouts/nanopb/spm_headers -Xcc -I/Users/hyunholee/Library/Developer/Xcode/DerivedData/BamiLog-cmowuaiuamzlxlgpvixsmogdajlm/SourcePackages/checkouts/leveldb/include -Xcc -I/Users/hyunholee/Library/Developer/Xcode/DerivedData/BamiLog-cmowuaiuamzlxlgpvixsmogdajlm/SourcePackages/checkouts/firebase-ios-sdk/SwiftPM-PlatformExclude/FirebaseFirestoreWrap/include -Xcc -I/Users/hyunholee/Library/Developer/Xcode/DerivedData/BamiLog-cmowuaiuamzlxlgpvixsmogdajlm/SourcePackages/checkouts/firebase-ios-sdk/FirebaseCore/Extension -Xcc -I/Users/hyunholee/Library/Developer/Xcode/DerivedData/BamiLog-cmowuaiuamzlxlgpvixsmogdajlm/SourcePackages/checkouts/firebase-ios-sdk/FirebaseCore/Sources/Public -Xcc -I/Users/hyunholee/Library/Developer/Xcode/DerivedData/BamiLog-cmowuaiuamzlxlgpvixsmogdajlm/SourcePackages/checkouts/firebase-ios-sdk/CoreOnly/Sources -Xcc -I/Users/hyunholee/Library/Developer/Xcode/DerivedData/BamiLog-cmowuaiuamzlxlgpvixsmogdajlm/SourcePackages/checkouts/firebase-ios-sdk/FirebaseAppCheck/Interop/Public -Xcc -I/Users/hyunholee/Library/Developer/Xcode/DerivedData/BamiLog-cmowuaiuamzlxlgpvixsmogdajlm/SourcePackages/checkouts/firebase-ios-sdk/FirebaseFirestoreInternal -Xcc -I/Users/hyunholee/Library/Developer/Xcode/DerivedData/BamiLog-cmowuaiuamzlxlgpvixsmogdajlm/Build/Products/Debug-iphonesimulator/include -Xcc -I/Users/hyunholee/Library/Developer/Xcode/DerivedData/BamiLog-cmowuaiuamzlxlgpvixsmogdajlm/Build/Intermediates.noindex/BamiLog.build/Debug-iphonesimulator/BamiLog.build/DerivedSources-normal/arm64 -Xcc -I/Users/hyunholee/Library/Developer/Xcode/DerivedData/BamiLog-cmowuaiuamzlxlgpvixsmogdajlm/Build/Intermediates.noindex/BamiLog.build/Debug-iphonesimulator/BamiLog.build/DerivedSources/arm64 -Xcc -I/Users/hyunholee/Library/Developer/Xcode/DerivedData/BamiLog-cmowuaiuamzlxlgpvixsmogdajlm/Build/Intermediates.noindex/BamiLog.build/Debug-iphonesimulator/BamiLog.build/DerivedSources -Xcc -DDEBUG\=1 -emit-objc-header -emit-objc-header-path /Users/hyunholee/Library/Developer/Xcode/DerivedData/BamiLog-cmowuaiuamzlxlgpvixsmogdajlm/Build/Intermediates.noindex/BamiLog.build/Debug-iphonesimulator/BamiLog.build/Objects-normal/arm64/BamiLog-Swift.h -working-directory /Users/hyunholee/Documents/workspace/code/BamiLog -experimental-emit-module-separately -disable-cmo

SwiftDriverJobDiscovery normal arm64 Compiling MenstrualCycleManager.swift, PregnancyManager.swift, MenstrualTrackingPhaseView.swift, PregnancyPhaseView.swift, LaborAndBreathingPhaseView.swift (in target 'BamiLog' from project 'BamiLog')

Copy /Users/hyunholee/Library/Developer/Xcode/DerivedData/BamiLog-cmowuaiuamzlxlgpvixsmogdajlm/Build/Products/Debug-iphonesimulator/BamiLog.swiftmodule/arm64-apple-ios-simulator.abi.json /Users/hyunholee/Library/Developer/Xcode/DerivedData/BamiLog-cmowuaiuamzlxlgpvixsmogdajlm/Build/Intermediates.noindex/BamiLog.build/Debug-iphonesimulator/BamiLog.build/Objects-normal/arm64/BamiLog.abi.json (in target 'BamiLog' from project 'BamiLog')
    cd /Users/hyunholee/Documents/workspace/code/BamiLog
    builtin-copy -exclude .DS_Store -exclude CVS -exclude .svn -exclude .git -exclude .hg -resolve-src-symlinks -rename /Users/hyunholee/Library/Developer/Xcode/DerivedData/BamiLog-cmowuaiuamzlxlgpvixsmogdajlm/Build/Intermediates.noindex/BamiLog.build/Debug-iphonesimulator/BamiLog.build/Objects-normal/arm64/BamiLog.abi.json /Users/hyunholee/Library/Developer/Xcode/DerivedData/BamiLog-cmowuaiuamzlxlgpvixsmogdajlm/Build/Products/Debug-iphonesimulator/BamiLog.swiftmodule/arm64-apple-ios-simulator.abi.json

Copy /Users/hyunholee/Library/Developer/Xcode/DerivedData/BamiLog-cmowuaiuamzlxlgpvixsmogdajlm/Build/Products/Debug-iphonesimulator/BamiLog.swiftmodule/Project/arm64-apple-ios-simulator.swiftsourceinfo /Users/hyunholee/Library/Developer/Xcode/DerivedData/BamiLog-cmowuaiuamzlxlgpvixsmogdajlm/Build/Intermediates.noindex/BamiLog.build/Debug-iphonesimulator/BamiLog.build/Objects-normal/arm64/BamiLog.swiftsourceinfo (in target 'BamiLog' from project 'BamiLog')
    cd /Users/hyunholee/Documents/workspace/code/BamiLog
    builtin-copy -exclude .DS_Store -exclude CVS -exclude .svn -exclude .git -exclude .hg -resolve-src-symlinks -rename /Users/hyunholee/Library/Developer/Xcode/DerivedData/BamiLog-cmowuaiuamzlxlgpvixsmogdajlm/Build/Intermediates.noindex/BamiLog.build/Debug-iphonesimulator/BamiLog.build/Objects-normal/arm64/BamiLog.swiftsourceinfo /Users/hyunholee/Library/Developer/Xcode/DerivedData/BamiLog-cmowuaiuamzlxlgpvixsmogdajlm/Build/Products/Debug-iphonesimulator/BamiLog.swiftmodule/Project/arm64-apple-ios-simulator.swiftsourceinfo

** BUILD FAILED **


The following build commands failed:
	SwiftCompile normal arm64 Compiling\ GrowthDiaryPhaseView.swift,\ ToothTrackerView.swift,\ DashboardView.swift,\ AddGrowthRecordView.swift,\ GrowthChartView.swift /Users/hyunholee/Documents/workspace/code/BamiLog/BamiLog/View/Phases/GrowthDiaryPhaseView.swift /Users/hyunholee/Documents/workspace/code/BamiLog/BamiLog/View/GrowthDiary/ToothTrackerView.swift /Users/hyunholee/Documents/workspace/code/BamiLog/BamiLog/View/GrowthDiary/DashboardView.swift /Users/hyunholee/Documents/workspace/code/BamiLog/BamiLog/View/GrowthDiary/AddGrowthRecordView.swift /Users/hyunholee/Documents/workspace/code/BamiLog/BamiLog/View/GrowthDiary/GrowthChartView.swift (in target 'BamiLog' from project 'BamiLog')
	SwiftCompile normal arm64 /Users/hyunholee/Documents/workspace/code/BamiLog/BamiLog/View/Phases/GrowthDiaryPhaseView.swift (in target 'BamiLog' from project 'BamiLog')
	Building project BamiLog with scheme BamiLog
(3 failures)
